<?xml version="1.0" encoding="UTF-8"?>
<gpx creator="Sauce for Strava™" version="1.1" xmlns:gpx3="http://www.garmin.com/xmlschemas/GpxExtensions/v3" xmlns:tpx1="http://www.garmin.com/xmlschemas/TrackPointExtension/v1" xsi:schemaLocation="http://www.topografix.com/GPX/1/1 http://www.topografix.com/GPX/1/1/gpx.xsd http://www.garmin.com/xmlschemas/GpxExtensions/v3 https://www8.garmin.com/xmlschemas/GpxExtensionsv3.xsd http://www.garmin.com/xmlschemas/TrackPointExtension/v1 https://www8.garmin.com/xmlschemas/TrackPointExtensionv1.xsd" xmlns:xsi="http://www.w3.org/2001/XMLSchema-instance"><metadata><time>2024-08-09T19:03:11.000Z</time></metadata><trk><name>Altitude Day 7 - Pre-race openers 🌩</name><desc>Went to go for an easy 2 hr spin with a few 5 min openers, but the thunderstorm decided to roll in early and turn me around. Lightning struck about 200m away from me so i narrowly missed out on my superpowers.</desc><type>cycling</type><trkseg><trkpt lat="39.00499" lon="-105.058708"><time>2024-08-09T19:03:11.000Z</time><ele>2574.8</ele><extensions><tpx1:TrackPointExtension><tpx1:atemp>22</tpx1:atemp><tpx1:hr>119</tpx1:hr><tpx1:cad>43</tpx1:cad></tpx1:TrackPointExtension></extensions></trkpt><trkpt lat="39.00499" lon="-105.05867"><time>2024-08-09T19:03:12.000Z</time><ele>2574.8</ele><extensions><tpx1:TrackPointExtension><tpx1:atemp>22</tpx1:atemp><tpx1:hr>119</tpx1:hr><tpx1:cad>43</tpx1:cad></tpx1:TrackPointExtension></extensions></trkpt><trkpt lat="39.004993" lon="-105.058639"><time>2024-08-09T19:03:13.000Z</time><ele>2574.8</ele><extensions><tpx1:TrackPointExtension><tpx1:atemp>22</tpx1:atemp><tpx1:hr>119</tpx1:hr><tpx1:cad>43</tpx1:cad></tpx1:TrackPointExtension></extensions></trkpt><trkpt lat="39.004993" lon="-105.058594"><time>2024-08-09T19:03:14.000Z</time><ele>2574.8</ele><extensions><power>162</power><tpx1:TrackPointExtension><tpx1:atemp>22</tpx1:atemp><tpx1:hr>120</tpx1:hr><tpx1:cad>43</tpx1:cad></tpx1:TrackPointExtension></extensions></trkpt><trkpt lat="39.004993" lon="-105.05854"><time>2024-08-09T19:03:15.000Z</time><ele>2574.8</ele><extensions><power>174</power><tpx1:TrackPointExtension><tpx1:atemp>22</tpx1:atemp><tpx1:hr>120</tpx1:hr><tpx1:cad>48</tpx1:cad></tpx1:TrackPointExtension></extensions></trkpt><trkpt lat="39.004993" lon="-105.058487"><time>2024-08-09T19:03:16.000Z</time><ele>2574.6</ele><extensions><power>182</power><tpx1:TrackPointExtension><tpx1:atemp>22</tpx1:atemp><tpx1:hr>120</tpx1:hr><tpx1:cad>52</tpx1:cad></tpx1:TrackPointExtension></extensions></trkpt><trkpt lat="39.00499" lon="-105.058426"><time>2024-08-09T19:03:17.000Z</time><ele>2574.4</ele><extensions><power>185</power><tpx1:TrackPointExtension><tpx1:atemp>22</tpx1:atemp><tpx1:hr>106</tpx1:hr><tpx1:cad>51</tpx1:cad></tpx1:TrackPointExtension></extensions></trkpt><trkpt lat="39.004986" lon="-105.058365"><time>2024-08-09T19:03:18.000Z</time><ele>2574.2</ele><extensions><power>195</power><tpx1:TrackPointExtension><tpx1:atemp>22</tpx1:atemp><tpx1:hr>96</tpx1:hr><tpx1:cad>53</tpx1:cad></tpx1:TrackPointExtension></extensions></trkpt><trkpt lat="39.004978" lon="-105.058296"><time>2024-08-09T19:03:19.000Z</time><ele>2574</ele><extensions><power>235</power><tpx1:TrackPointExtension><tpx1:atemp>22</tpx1:atemp><tpx1:hr>98</tpx1:hr><tpx1:cad>58</tpx1:cad></tpx1:TrackPointExtension></extensions></trkpt><trkpt lat="39.004974" lon="-105.058228"><time>2024-08-09T19:03:20.000Z</time><ele>2573.8</ele><extensions><power>256</power><tpx1:TrackPointExtension><tpx1:atemp>22</tpx1:atemp><tpx1:hr>99</tpx1:hr><tpx1:cad>61</tpx1:cad></tpx1:TrackPointExtension></extensions></trkpt><trkpt lat="39.00497" lon="-105.058159"><time>2024-08-09T19:03:21.000Z</time><ele>2573.8</ele><extensions><power>263</power><tpx1:TrackPointExtension><tpx1:atemp>22</tpx1:atemp><tpx1:hr>100</tpx1:hr><tpx1:cad>62</tpx1:cad></tpx1:TrackPointExtension></extensions></trkpt><trkpt lat="39.004967" lon="-105.05809"><time>2024-08-09T19:03:22.000Z</time><ele>2574</ele><extensions><power>269</power><tpx1:TrackPointExtension><tpx1:atemp>22</tpx1:atemp><tpx1:hr>101</tpx1:hr><tpx1:cad>62</tpx1:cad></tpx1:TrackPointExtension></extensions></trkpt><trkpt lat="39.004974" lon="-105.058029"><time>2024-08-09T19:03:23.000Z</time><ele>2574.2</ele><extensions><power>177</power><tpx1:TrackPointExtension><tpx1:atemp>22</tpx1:atemp><tpx1:hr>104</tpx1:hr><tpx1:cad>47</tpx1:cad></tpx1:TrackPointExtension></extensions></trkpt><trkpt lat="39.004993" lon="-105.057976"><time>2024-08-09T19:03:24.000Z</time><ele>2574.2</ele><extensions><power>121</power><tpx1:TrackPointExtension><tpx1:atemp>22</tpx1:atemp><tpx1:hr>105</tpx1:hr><tpx1:cad>28</tpx1:cad></tpx1:TrackPointExtension></extensions></trkpt><trkpt lat="39.005028" lon="-105.057945"><time>2024-08-09T19:03:25.000Z</time><ele>2574.2</ele><extensions><power>64</power><tpx1:TrackPointExtension><tpx1:atemp>22</tpx1:atemp><tpx1:hr>107</tpx1:hr><tpx1:cad>9</tpx1:cad></tpx1:TrackPointExtension></extensions></trkpt><trkpt lat="39.00507" lon="-105.057922"><time>2024-08-09T19:03:26.000Z</time><ele>2574.2</ele><extensions><power>0</power><tpx1:TrackPointExtension><tpx1:atemp>22</tpx1:atemp><tpx1:hr>107</tpx1:hr><tpx1:cad>0</tpx1:cad></tpx1:TrackPointExtension></extensions></trkpt><trkpt lat="39.005115" lon="-105.057915"><time>2024-08-09T19:03:27.000Z</time><ele>2574.2</ele><extensions><power>0</power><tpx1:TrackPointExtension><tpx1:atemp>22</tpx1:atemp><tpx1:hr>108</tpx1:hr><tpx1:cad>0</tpx1:cad></tpx1:TrackPointExtension></extensions></trkpt><trkpt lat="39.005169" lon="-105.057915"><time>2024-08-09T19:03:28.000Z</time><ele>2574.2</ele><extensions><power>0</power><tpx1:TrackPointExtension><tpx1:atemp>22</tpx1:atemp><tpx1:hr>108</tpx1:hr><tpx1:cad>0</tpx1:cad></tpx1:TrackPointExtension></extensions></trkpt><trkpt lat="39.005222" lon="-105.057915"><time>2024-08-09T19:03:29.000Z</time><ele>2574.2</ele><extensions><power>0</power><tpx1:TrackPointExtension><tpx1:atemp>22</tpx1:atemp><tpx1:hr>108</tpx1:hr><tpx1:cad>0</tpx1:cad></tpx1:TrackPointExtension></extensions></trkpt><trkpt lat="39.005276" lon="-105.057915"><time>2024-08-09T19:03:30.000Z</time><ele>2574</ele><extensions><power>0</power><tpx1:TrackPointExtension><tpx1:atemp>22</tpx1:atemp><tpx1:hr>108</tpx1:hr><tpx1:cad>0</tpx1:cad></tpx1:TrackPointExtension></extensions></trkpt><trkpt lat="39.005337" lon="-105.057922"><time>2024-08-09T19:03:31.000Z</time><ele>2573.8</ele><extensions><power>0</power><tpx1:TrackPointExtension><tpx1:atemp>22</tpx1:atemp><tpx1:hr>108</tpx1:hr><tpx1:cad>0</tpx1:cad></tpx1:TrackPointExtension></extensions></trkpt><trkpt lat="39.005405" lon="-105.05793"><time>2024-08-09T19:03:32.000Z</time><ele>2573.6</ele><extensions><power>0</power><tpx1:TrackPointExtension><tpx1:atemp>22</tpx1:atemp><tpx1:hr>107</tpx1:hr><tpx1:cad>0</tpx1:cad></tpx1:TrackPointExtension></extensions></trkpt><trkpt lat="39.005474" lon="-105.057938"><time>2024-08-09T19:03:33.000Z</time><ele>2573.4</ele><extensions><power>0</power><tpx1:TrackPointExtension><tpx1:atemp>22</tpx1:atemp><tpx1:hr>105</tpx1:hr><tpx1:cad>0</tpx1:cad></tpx1:TrackPointExtension></extensions></trkpt><trkpt lat="39.00555" lon="-105.057945"><time>2024-08-09T19:03:34.000Z</time><ele>2573</ele><extensions><power>36</power><tpx1:TrackPointExtension><tpx1:atemp>22</tpx1:atemp><tpx1:hr>103</tpx1:hr><tpx1:cad>48</tpx1:cad></tpx1:TrackPointExtension></extensions></trkpt><trkpt lat="39.00563" lon="-105.057953"><time>2024-08-09T19:03:35.000Z</time><ele>2572.6</ele><extensions><power>74</power><tpx1:TrackPointExtension><tpx1:atemp>22</tpx1:atemp><tpx1:hr>101</tpx1:hr><tpx1:cad>75</tpx1:cad></tpx1:TrackPointExtension></extensions></trkpt><trkpt lat="39.005714" lon="-105.057953"><time>2024-08-09T19:03:36.000Z</time><ele>2572.2</ele><extensions><power>105</power><tpx1:TrackPointExtension><tpx1:atemp>22</tpx1:atemp><tpx1:hr>100</tpx1:hr><tpx1:cad>78</tpx1:cad></tpx1:TrackPointExtension></extensions></trkpt><trkpt lat="39.005802" lon="-105.05796"><time>2024-08-09T19:03:37.000Z</time><ele>2571.8</ele><extensions><power>146</power><tpx1:TrackPointExtension><tpx1:atemp>22</tpx1:atemp><tpx1:hr>100</tpx1:hr><tpx1:cad>83</tpx1:cad></tpx1:TrackPointExtension></extensions></trkpt><trkpt lat="39.005894" lon="-105.05796"><time>2024-08-09T19:03:38.000Z</time><ele>2571.4</ele><extensions><power>120</power><tpx1:TrackPointExtension><tpx1:atemp>22</tpx1:atemp><tpx1:hr>101</tpx1:hr><tpx1:cad>65</tpx1:cad></tpx1:TrackPointExtension></extensions></trkpt><trkpt lat="39.005989" lon="-105.05796"><time>2024-08-09T19:03:39.000Z</time><ele>2571</ele><extensions><power>87</power><tpx1:TrackPointExtension><tpx1:atemp>22</tpx1:atemp><tpx1:hr>103</tpx1:hr><tpx1:cad>43</tpx1:cad></tpx1:TrackPointExtension></extensions></trkpt><trkpt lat="39.006088" lon="-105.05796"><time>2024-08-09T19:03:40.000Z</time><ele>2570.4</ele><extensions><power>54</power><tpx1:TrackPointExtension><tpx1:atemp>22</tpx1:atemp><tpx1:hr>105</tpx1:hr><tpx1:cad>21</tpx1:cad></tpx1:TrackPointExtension></extensions></trkpt><trkpt lat="39.006184" lon="-105.057968"><time>2024-08-09T19:03:41.000Z</time><ele>2570</ele><extensions><power>0</power><tpx1:TrackPointExtension><tpx1:atemp>22</tpx1:atemp><tpx1:hr>106</tpx1:hr><tpx1:cad>0</tpx1:cad></tpx1:TrackPointExtension></extensions></trkpt><trkpt lat="39.006279" lon="-105.057968"><time>2024-08-09T19:03:42.000Z</time><ele>2569.8</ele><extensions><power>0</power><tpx1:TrackPointExtension><tpx1:atemp>22</tpx1:atemp><tpx1:hr>106</tpx1:hr><tpx1:cad>0</tpx1:cad></tpx1:TrackPointExtension></extensions></trkpt><trkpt lat="39.006378" lon="-105.057968"><time>2024-08-09T19:03:43.000Z</time><ele>2569.6</ele><extensions><power>0</power><tpx1:TrackPointExtension><tpx1:atemp>22</tpx1:atemp><tpx1:hr>106</tpx1:hr><tpx1:cad>0</tpx1:cad></tpx1:TrackPointExtension></extensions></trkpt><trkpt lat="39.006474" lon="-105.05796"><time>2024-08-09T19:03:44.000Z</time><ele>2569.2</ele><extensions><power>0</power><tpx1:TrackPointExtension><tpx1:atemp>22</tpx1:atemp><tpx1:hr>106</tpx1:hr><tpx1:cad>0</tpx1:cad></tpx1:TrackPointExtension></extensions></trkpt><trkpt lat="39.006565" lon="-105.057968"><time>2024-08-09T19:03:45.000Z</time><ele>2569</ele><extensions><power>0</power><tpx1:TrackPointExtension><tpx1:atemp>22</tpx1:atemp><tpx1:hr>106</tpx1:hr><tpx1:cad>0</tpx1:cad></tpx1:TrackPointExtension></extensions></trkpt><trkpt lat="39.006657" lon="-105.057968"><time>2024-08-09T19:03:46.000Z</time><ele>2568.8</ele><extensions><power>0</power><tpx1:TrackPointExtension><tpx1:atemp>22</tpx1:atemp><tpx1:hr>106</tpx1:hr><tpx1:cad>0</tpx1:cad></tpx1:TrackPointExtension></extensions></trkpt><trkpt lat="39.006741" lon="-105.057976"><time>2024-08-09T19:03:47.000Z</time><ele>2568.6</ele><extensions><power>0</power><tpx1:TrackPointExtension><tpx1:atemp>22</tpx1:atemp><tpx1:hr>105</tpx1:hr><tpx1:cad>0</tpx1:cad></tpx1:TrackPointExtension></extensions></trkpt><trkpt lat="39.006802" lon="-105.05796"><time>2024-08-09T19:03:48.000Z</time><ele>2568.6</ele><extensions><power>0</power><tpx1:TrackPointExtension><tpx1:atemp>22</tpx1:atemp><tpx1:hr>105</tpx1:hr><tpx1:cad>0</tpx1:cad></tpx1:TrackPointExtension></extensions></trkpt><trkpt lat="39.006844" lon="-105.057945"><time>2024-08-09T19:03:49.000Z</time><ele>2568.4</ele><extensions><power>0</power><tpx1:TrackPointExtension><tpx1:atemp>22</tpx1:atemp><tpx1:hr>105</tpx1:hr><tpx1:cad>0</tpx1:cad></tpx1:TrackPointExtension></extensions></trkpt><trkpt lat="39.00687" lon="-105.057899"><time>2024-08-09T19:03:50.000Z</time><ele>2568.4</ele><extensions><power>0</power><tpx1:TrackPointExtension><tpx1:atemp>22</tpx1:atemp><tpx1:hr>104</tpx1:hr><tpx1:cad>0</tpx1:cad></tpx1:TrackPointExtension></extensions></trkpt><trkpt lat="39.006882" lon="-105.057846"><time>2024-08-09T19:03:51.000Z</time><ele>2568.2</ele><extensions><power>8</power><tpx1:TrackPointExtension><tpx1:atemp>22</tpx1:atemp><tpx1:hr>103</tpx1:hr><tpx1:cad>7</tpx1:cad></tpx1:TrackPointExtension></extensions></trkpt><trkpt lat="39.006882" lon="-105.057785"><time>2024-08-09T19:03:52.000Z</time><ele>2568.2</ele><extensions><power>92</power><tpx1:TrackPointExtension><tpx1:atemp>22</tpx1:atemp><tpx1:hr>101</tpx1:hr><tpx1:cad>42</tpx1:cad></tpx1:TrackPointExtension></extensions></trkpt><trkpt lat="39.006878" lon="-105.057724"><time>2024-08-09T19:03:53.000Z</time><ele>2568</ele><extensions><power>189</power><tpx1:TrackPointExtension><tpx1:atemp>22</tpx1:atemp><tpx1:hr>100</tpx1:hr><tpx1:cad>45</tpx1:cad></tpx1:TrackPointExtension></extensions></trkpt><trkpt lat="39.006874" lon="-105.057655"><time>2024-08-09T19:03:54.000Z</time><ele>2568</ele><extensions><power>211</power><tpx1:TrackPointExtension><tpx1:atemp>22</tpx1:atemp><tpx1:hr>99</tpx1:hr><tpx1:cad>50</tpx1:cad></tpx1:TrackPointExtension></extensions></trkpt><trkpt lat="39.00687" lon="-105.057579"><time>2024-08-09T19:03:55.000Z</time><ele>2568</ele><extensions><power>203</power><tpx1:TrackPointExtension><tpx1:atemp>22</tpx1:atemp><tpx1:hr>98</tpx1:hr><tpx1:cad>55</tpx1:cad></tpx1:TrackPointExtension></extensions></trkpt><trkpt lat="39.00687" lon="-105.05751"><time>2024-08-09T19:03:56.000Z</time><ele>2568</ele><extensions><power>205</power><tpx1:TrackPointExtension><tpx1:atemp>22</tpx1:atemp><tpx1:hr>98</tpx1:hr><tpx1:cad>62</tpx1:cad></tpx1:TrackPointExtension></extensions></trkpt><trkpt lat="39.00687" lon="-105.057442"><time>2024-08-09T19:03:57.000Z</time><ele>2568</ele><extensions><power>207</power><tpx1:TrackPointExtension><tpx1:atemp>22</tpx1:atemp><tpx1:hr>100</tpx1:hr><tpx1:cad>68</tpx1:cad></tpx1:TrackPointExtension></extensions></trkpt><trkpt lat="39.006874" lon="-105.057373"><time>2024-08-09T19:03:58.000Z</time><ele>2568</ele><extensions><power>192</power><tpx1:TrackPointExtension><tpx1:atemp>22</tpx1:atemp><tpx1:hr>102</tpx1:hr><tpx1:cad>91</tpx1:cad></tpx1:TrackPointExtension></extensions></trkpt><trkpt lat="39.00687" lon="-105.057297"><time>2024-08-09T19:03:59.000Z</time><ele>2567.8</ele><extensions><power>158</power><tpx1:TrackPointExtension><tpx1:atemp>22</tpx1:atemp><tpx1:hr>102</tpx1:hr><tpx1:cad>81</tpx1:cad></tpx1:TrackPointExtension></extensions></trkpt><trkpt lat="39.00687" lon="-105.05722"><time>2024-08-09T19:04:00.000Z</time><ele>2567.8</ele><extensions><power>142</power><tpx1:TrackPointExtension><tpx1:atemp>22</tpx1:atemp><tpx1:hr>104</tpx1:hr><tpx1:cad>74</tpx1:cad></tpx1:TrackPointExtension></extensions></trkpt><trkpt lat="39.006866" lon="-105.057144"><time>2024-08-09T19:04:01.000Z</time><ele>2567.8</ele><extensions><power>241</power><tpx1:TrackPointExtension><tpx1:atemp>22</tpx1:atemp><tpx1:hr>106</tpx1:hr><tpx1:cad>80</tpx1:cad></tpx1:TrackPointExtension></extensions></trkpt><trkpt lat="39.006866" lon="-105.057068"><time>2024-08-09T19:04:02.000Z</time><ele>2568</ele><extensions><power>251</power><tpx1:TrackPointExtension><tpx1:atemp>22</tpx1:atemp><tpx1:hr>106</tpx1:hr><tpx1:cad>80</tpx1:cad></tpx1:TrackPointExtension></extensions></trkpt><trkpt lat="39.006866" lon="-105.056999"><time>2024-08-09T19:04:03.000Z</time><ele>2568.2</ele><extensions><power>256</power><tpx1:TrackPointExtension><tpx1:atemp>22</tpx1:atemp><tpx1:hr>106</tpx1:hr><tpx1:cad>81</tpx1:cad></tpx1:TrackPointExtension></extensions></trkpt><trkpt lat="39.00687" lon="-105.056923"><time>2024-08-09T19:04:04.000Z</time><ele>2568.4</ele><extensions><power>256</power><tpx1:TrackPointExtension><tpx1:atemp>22</tpx1:atemp><tpx1:hr>107</tpx1:hr><tpx1:cad>82</tpx1:cad></tpx1:TrackPointExtension></extensions></trkpt><trkpt lat="39.00687" lon="-105.056847"><time>2024-08-09T19:04:05.000Z</time><ele>2568.6</ele><extensions><power>238</power><tpx1:TrackPointExtension><tpx1:atemp>22</tpx1:atemp><tpx1:hr>107</tpx1:hr><tpx1:cad>82</tpx1:cad></tpx1:TrackPointExtension></extensions></trkpt><trkpt lat="39.00687" lon="-105.05677"><time>2024-08-09T19:04:06.000Z</time><ele>2568.6</ele><extensions><power>243</power><tpx1:TrackPointExtension><tpx1:atemp>22</tpx1:atemp><tpx1:hr>108</tpx1:hr><tpx1:cad>78</tpx1:cad></tpx1:TrackPointExtension></extensions></trkpt><trkpt lat="39.00687" lon="-105.056694"><time>2024-08-09T19:04:07.000Z</time><ele>2568.8</ele><extensions><power>252</power><tpx1:TrackPointExtension><tpx1:atemp>22</tpx1:atemp><tpx1:hr>109</tpx1:hr><tpx1:cad>86</tpx1:cad></tpx1:TrackPointExtension></extensions></trkpt><trkpt lat="39.006866" lon="-105.056625"><time>2024-08-09T19:04:08.000Z</time><ele>2569</ele><extensions><power>254</power><tpx1:TrackPointExtension><tpx1:atemp>22</tpx1:atemp><tpx1:hr>110</tpx1:hr><tpx1:cad>81</tpx1:cad></tpx1:TrackPointExtension></extensions></trkpt><trkpt lat="39.006866" lon="-105.056557"><time>2024-08-09T19:04:09.000Z</time><ele>2569.2</ele><extensions><power>249</power><tpx1:TrackPointExtension><tpx1:atemp>22</tpx1:atemp><tpx1:hr>111</tpx1:hr><tpx1:cad>80</tpx1:cad></tpx1:TrackPointExtension></extensions></trkpt><trkpt lat="39.00687" lon="-105.056488"><time>2024-08-09T19:04:10.000Z</time><ele>2569.4</ele><extensions><power>255</power><tpx1:TrackPointExtension><tpx1:atemp>22</tpx1:atemp><tpx1:hr>112</tpx1:hr><tpx1:cad>78</tpx1:cad></tpx1:TrackPointExtension></extensions></trkpt><trkpt lat="39.00687" lon="-105.056419"><time>2024-08-09T19:04:11.000Z</time><ele>2569.6</ele><extensions><power>263</power><tpx1:TrackPointExtension><tpx1:atemp>22</tpx1:atemp><tpx1:hr>113</tpx1:hr><tpx1:cad>78</tpx1:cad></tpx1:TrackPointExtension></extensions></trkpt><trkpt lat="39.006866" lon="-105.056343"><time>2024-08-09T19:04:12.000Z</time><ele>2569.8</ele><extensions><power>275</power><tpx1:TrackPointExtension><tpx1:atemp>22</tpx1:atemp><tpx1:hr>113</tpx1:hr><tpx1:cad>78</tpx1:cad></tpx1:TrackPointExtension></extensions></trkpt><trkpt lat="39.006866" lon="-105.056274"><time>2024-08-09T19:04:13.000Z</time><ele>2570</ele><extensions><power>298</power><tpx1:TrackPointExtension><tpx1:atemp>22</tpx1:atemp><tpx1:hr>114</tpx1:hr><tpx1:cad>78</tpx1:cad></tpx1:TrackPointExtension></extensions></trkpt><trkpt lat="39.006866" lon="-105.056206"><time>2024-08-09T19:04:14.000Z</time><ele>2570</ele><extensions><power>292</power><tpx1:TrackPointExtension><tpx1:atemp>22</tpx1:atemp><tpx1:hr>115</tpx1:hr><tpx1:cad>78</tpx1:cad></tpx1:TrackPointExtension></extensions></trkpt><trkpt lat="39.00687" lon="-105.056137"><time>2024-08-09T19:04:15.000Z</time><ele>2570.2</ele><extensions><power>287</power><tpx1:TrackPointExtension><tpx1:atemp>22</tpx1:atemp><tpx1:hr>116</tpx1:hr><tpx1:cad>77</tpx1:cad></tpx1:TrackPointExtension></extensions></trkpt><trkpt lat="39.00687" lon="-105.056061"><time>2024-08-09T19:04:16.000Z</time><ele>2570.2</ele><extensions><power>287</power><tpx1:TrackPointExtension><tpx1:atemp>22</tpx1:atemp><tpx1:hr>118</tpx1:hr><tpx1:cad>77</tpx1:cad></tpx1:TrackPointExtension></extensions></trkpt><trkpt lat="39.006866" lon="-105.055992"><time>2024-08-09T19:04:17.000Z</time><ele>2570.4</ele><extensions><power>260</power><tpx1:TrackPointExtension><tpx1:atemp>22</tpx1:atemp><tpx1:hr>119</tpx1:hr><tpx1:cad>76</tpx1:cad></tpx1:TrackPointExtension></extensions></trkpt><trkpt lat="39.006866" lon="-105.055931"><time>2024-08-09T19:04:18.000Z</time><ele>2570.6</ele><extensions><power>231</power><tpx1:TrackPointExtension><tpx1:atemp>22</tpx1:atemp><tpx1:hr>121</tpx1:hr><tpx1:cad>82</tpx1:cad></tpx1:TrackPointExtension></extensions></trkpt><trkpt lat="39.006863" lon="-105.055862"><time>2024-08-09T19:04:19.000Z</time><ele>2570.6</ele><extensions><power>218</power><tpx1:TrackPointExtension><tpx1:atemp>22</tpx1:atemp><tpx1:hr>122</tpx1:hr><tpx1:cad>83</tpx1:cad></tpx1:TrackPointExtension></extensions></trkpt><trkpt lat="39.006859" lon="-105.055801"><time>2024-08-09T19:04:20.000Z</time><ele>2570.8</ele><extensions><power>222</power><tpx1:TrackPointExtension><tpx1:atemp>22</tpx1:atemp><tpx1:hr>122</tpx1:hr><tpx1:cad>81</tpx1:cad></tpx1:TrackPointExtension></extensions></trkpt><trkpt lat="39.006859" lon="-105.05574"><time>2024-08-09T19:04:21.000Z</time><ele>2570.8</ele><extensions><power>237</power><tpx1:TrackPointExtension><tpx1:atemp>22</tpx1:atemp><tpx1:hr>122</tpx1:hr><tpx1:cad>80</tpx1:cad></tpx1:TrackPointExtension></extensions></trkpt><trkpt lat="39.006859" lon="-105.055672"><time>2024-08-09T19:04:22.000Z</time><ele>2571</ele><extensions><power>237</power><tpx1:TrackPointExtension><tpx1:atemp>22</tpx1:atemp><tpx1:hr>122</tpx1:hr><tpx1:cad>78</tpx1:cad></tpx1:TrackPointExtension></extensions></trkpt><trkpt lat="39.006859" lon="-105.055611"><time>2024-08-09T19:04:23.000Z</time><ele>2571.2</ele><extensions><power>234</power><tpx1:TrackPointExtension><tpx1:atemp>22</tpx1:atemp><tpx1:hr>124</tpx1:hr><tpx1:cad>79</tpx1:cad></tpx1:TrackPointExtension></extensions></trkpt><trkpt lat="39.006855" lon="-105.05555"><time>2024-08-09T19:04:24.000Z</time><ele>2571.4</ele><extensions><power>229</power><tpx1:TrackPointExtension><tpx1:atemp>22</tpx1:atemp><tpx1:hr>125</tpx1:hr><tpx1:cad>78</tpx1:cad></tpx1:TrackPointExtension></extensions></trkpt><trkpt lat="39.006855" lon="-105.055489"><time>2024-08-09T19:04:25.000Z</time><ele>2571.4</ele><extensions><power>218</power><tpx1:TrackPointExtension><tpx1:atemp>22</tpx1:atemp><tpx1:hr>125</tpx1:hr><tpx1:cad>80</tpx1:cad></tpx1:TrackPointExtension></extensions></trkpt><trkpt lat="39.006855" lon="-105.05542"><time>2024-08-09T19:04:26.000Z</time><ele>2571.6</ele><extensions><power>200</power><tpx1:TrackPointExtension><tpx1:atemp>22</tpx1:atemp><tpx1:hr>126</tpx1:hr><tpx1:cad>80</tpx1:cad></tpx1:TrackPointExtension></extensions></trkpt><trkpt lat="39.006855" lon="-105.055351"><time>2024-08-09T19:04:27.000Z</time><ele>2571.6</ele><extensions><power>214</power><tpx1:TrackPointExtension><tpx1:atemp>22</tpx1:atemp><tpx1:hr>127</tpx1:hr><tpx1:cad>82</tpx1:cad></tpx1:TrackPointExtension></extensions></trkpt><trkpt lat="39.006851" lon="-105.05529"><time>2024-08-09T19:04:28.000Z</time><ele>2571.8</ele><extensions><power>223</power><tpx1:TrackPointExtension><tpx1:atemp>22</tpx1:atemp><tpx1:hr>127</tpx1:hr><tpx1:cad>83</tpx1:cad></tpx1:TrackPointExtension></extensions></trkpt><trkpt lat="39.006851" lon="-105.055222"><time>2024-08-09T19:04:29.000Z</time><ele>2571.8</ele><extensions><power>216</power><tpx1:TrackPointExtension><tpx1:atemp>22</tpx1:atemp><tpx1:hr>128</tpx1:hr><tpx1:cad>84</tpx1:cad></tpx1:TrackPointExtension></extensions></trkpt><trkpt lat="39.006851" lon="-105.055153"><time>2024-08-09T19:04:30.000Z</time><ele>2571.8</ele><extensions><power>199</power><tpx1:TrackPointExtension><tpx1:atemp>22</tpx1:atemp><tpx1:hr>128</tpx1:hr><tpx1:cad>86</tpx1:cad></tpx1:TrackPointExtension></extensions></trkpt><trkpt lat="39.006851" lon="-105.055084"><time>2024-08-09T19:04:31.000Z</time><ele>2572</ele><extensions><power>205</power><tpx1:TrackPointExtension><tpx1:atemp>22</tpx1:atemp><tpx1:hr>128</tpx1:hr><tpx1:cad>85</tpx1:cad></tpx1:TrackPointExtension></extensions></trkpt><trkpt lat="39.006851" lon="-105.055015"><time>2024-08-09T19:04:32.000Z</time><ele>2572</ele><extensions><power>221</power><tpx1:TrackPointExtension><tpx1:atemp>22</tpx1:atemp><tpx1:hr>128</tpx1:hr><tpx1:cad>85</tpx1:cad></tpx1:TrackPointExtension></extensions></trkpt><trkpt lat="39.006855" lon="-105.054954"><time>2024-08-09T19:04:33.000Z</time><ele>2572.2</ele><extensions><power>232</power><tpx1:TrackPointExtension><tpx1:atemp>22</tpx1:atemp><tpx1:hr>128</tpx1:hr><tpx1:cad>87</tpx1:cad></tpx1:TrackPointExtension></extensions></trkpt><trkpt lat="39.006851" lon="-105.054893"><time>2024-08-09T19:04:34.000Z</time><ele>2572.2</ele><extensions><power>212</power><tpx1:TrackPointExtension><tpx1:atemp>22</tpx1:atemp><tpx1:hr>129</tpx1:hr><tpx1:cad>85</tpx1:cad></tpx1:TrackPointExtension></extensions></trkpt><trkpt lat="39.006855" lon="-105.054825"><time>2024-08-09T19:04:35.000Z</time><ele>2572.4</ele><extensions><power>213</power><tpx1:TrackPointExtension><tpx1:atemp>22</tpx1:atemp><tpx1:hr>129</tpx1:hr><tpx1:cad>85</tpx1:cad></tpx1:TrackPointExtension></extensions></trkpt><trkpt lat="39.006855" lon="-105.054756"><time>2024-08-09T19:04:36.000Z</time><ele>2572.4</ele><extensions><power>217</power><tpx1:TrackPointExtension><tpx1:atemp>22</tpx1:atemp><tpx1:hr>129</tpx1:hr><tpx1:cad>85</tpx1:cad></tpx1:TrackPointExtension></extensions></trkpt><trkpt lat="39.006851" lon="-105.054687"><time>2024-08-09T19:04:37.000Z</time><ele>2572.6</ele><extensions><power>218</power><tpx1:TrackPointExtension><tpx1:atemp>22</tpx1:atemp><tpx1:hr>129</tpx1:hr><tpx1:cad>84</tpx1:cad></tpx1:TrackPointExtension></extensions></trkpt><trkpt lat="39.006851" lon="-105.054626"><time>2024-08-09T19:04:38.000Z</time><ele>2572.8</ele><extensions><power>216</power><tpx1:TrackPointExtension><tpx1:atemp>22</tpx1:atemp><tpx1:hr>129</tpx1:hr><tpx1:cad>84</tpx1:cad></tpx1:TrackPointExtension></extensions></trkpt><trkpt lat="39.006855" lon="-105.054558"><time>2024-08-09T19:04:39.000Z</time><ele>2572.8</ele><extensions><power>218</power><tpx1:TrackPointExtension><tpx1:atemp>22</tpx1:atemp><tpx1:hr>129</tpx1:hr><tpx1:cad>82</tpx1:cad></tpx1:TrackPointExtension></extensions></trkpt><trkpt lat="39.006855" lon="-105.054489"><time>2024-08-09T19:04:40.000Z</time><ele>2573</ele><extensions><power>229</power><tpx1:TrackPointExtension><tpx1:atemp>22</tpx1:atemp><tpx1:hr>129</tpx1:hr><tpx1:cad>82</tpx1:cad></tpx1:TrackPointExtension></extensions></trkpt><trkpt lat="39.006855" lon="-105.054428"><time>2024-08-09T19:04:41.000Z</time><ele>2573.2</ele><extensions><power>264</power><tpx1:TrackPointExtension><tpx1:atemp>22</tpx1:atemp><tpx1:hr>130</tpx1:hr><tpx1:cad>77</tpx1:cad></tpx1:TrackPointExtension></extensions></trkpt><trkpt lat="39.006855" lon="-105.054359"><time>2024-08-09T19:04:42.000Z</time><ele>2573.4</ele><extensions><power>272</power><tpx1:TrackPointExtension><tpx1:atemp>22</tpx1:atemp><tpx1:hr>130</tpx1:hr><tpx1:cad>84</tpx1:cad></tpx1:TrackPointExtension></extensions></trkpt><trkpt lat="39.006851" lon="-105.054298"><time>2024-08-09T19:04:43.000Z</time><ele>2573.6</ele><extensions><power>273</power><tpx1:TrackPointExtension><tpx1:atemp>22</tpx1:atemp><tpx1:hr>130</tpx1:hr><tpx1:cad>79</tpx1:cad></tpx1:TrackPointExtension></extensions></trkpt><trkpt lat="39.006851" lon="-105.054237"><time>2024-08-09T19:04:44.000Z</time><ele>2573.8</ele><extensions><power>261</power><tpx1:TrackPointExtension><tpx1:atemp>22</tpx1:atemp><tpx1:hr>131</tpx1:hr><tpx1:cad>79</tpx1:cad></tpx1:TrackPointExtension></extensions></trkpt><trkpt lat="39.006855" lon="-105.054176"><time>2024-08-09T19:04:45.000Z</time><ele>2574</ele><extensions><power>241</power><tpx1:TrackPointExtension><tpx1:atemp>22</tpx1:atemp><tpx1:hr>131</tpx1:hr><tpx1:cad>77</tpx1:cad></tpx1:TrackPointExtension></extensions></trkpt><trkpt lat="39.006859" lon="-105.054115"><time>2024-08-09T19:04:46.000Z</time><ele>2574.2</ele><extensions><power>244</power><tpx1:TrackPointExtension><tpx1:atemp>22</tpx1:atemp><tpx1:hr>131</tpx1:hr><tpx1:cad>77</tpx1:cad></tpx1:TrackPointExtension></extensions></trkpt><trkpt lat="39.006859" lon="-105.054054"><time>2024-08-09T19:04:47.000Z</time><ele>2574.4</ele><extensions><power>259</power><tpx1:TrackPointExtension><tpx1:atemp>22</tpx1:atemp><tpx1:hr>131</tpx1:hr><tpx1:cad>74</tpx1:cad></tpx1:TrackPointExtension></extensions></trkpt><trkpt lat="39.006855" lon="-105.053993"><time>2024-08-09T19:04:48.000Z</time><ele>2574.6</ele><extensions><power>268</power><tpx1:TrackPointExtension><tpx1:atemp>22</tpx1:atemp><tpx1:hr>131</tpx1:hr><tpx1:cad>82</tpx1:cad></tpx1:TrackPointExtension></extensions></trkpt><trkpt lat="39.006863" lon="-105.053932"><time>2024-08-09T19:04:49.000Z</time><ele>2574.8</ele><extensions><power>274</power><tpx1:TrackPointExtension><tpx1:atemp>22</tpx1:atemp><tpx1:hr>131</tpx1:hr><tpx1:cad>84</tpx1:cad></tpx1:TrackPointExtension></extensions></trkpt><trkpt lat="39.006866" lon="-105.053871"><time>2024-08-09T19:04:50.000Z</time><ele>2575.2</ele><extensions><power>279</power><tpx1:TrackPointExtension><tpx1:atemp>22</tpx1:atemp><tpx1:hr>131</tpx1:hr><tpx1:cad>81</tpx1:cad></tpx1:TrackPointExtension></extensions></trkpt><trkpt lat="39.006866" lon="-105.05381"><time>2024-08-09T19:04:51.000Z</time><ele>2575.4</ele><extensions><power>279</power><tpx1:TrackPointExtension><tpx1:atemp>22</tpx1:atemp><tpx1:hr>132</tpx1:hr><tpx1:cad>84</tpx1:cad></tpx1:TrackPointExtension></extensions></trkpt><trkpt lat="39.00687" lon="-105.053749"><time>2024-08-09T19:04:52.000Z</time><ele>2575.6</ele><extensions><power>271</power><tpx1:TrackPointExtension><tpx1:atemp>22</tpx1:atemp><tpx1:hr>132</tpx1:hr><tpx1:cad>84</tpx1:cad></tpx1:TrackPointExtension></extensions></trkpt><trkpt lat="39.00687" lon="-105.053688"><time>2024-08-09T19:04:53.000Z</time><ele>2575.8</ele><extensions><power>259</power><tpx1:TrackPointExtension><tpx1:atemp>22</tpx1:atemp><tpx1:hr>132</tpx1:hr><tpx1:cad>82</tpx1:cad></tpx1:TrackPointExtension></extensions></trkpt><trkpt lat="39.00687" lon="-105.053627"><time>2024-08-09T19:04:54.000Z</time><ele>2576</ele><extensions><power>255</power><tpx1:TrackPointExtension><tpx1:atemp>22</tpx1:atemp><tpx1:hr>132</tpx1:hr><tpx1:cad>84</tpx1:cad></tpx1:TrackPointExtension></extensions></trkpt><trkpt lat="39.006874" lon="-105.053574"><time>2024-08-09T19:04:55.000Z</time><ele>2576</ele><extensions><power>254</power><tpx1:TrackPointExtension><tpx1:atemp>22</tpx1:atemp><tpx1:hr>133</tpx1:hr><tpx1:cad>83</tpx1:cad></tpx1:TrackPointExtension></extensions></trkpt><trkpt lat="39.00687" lon="-105.053513"><time>2024-08-09T19:04:56.000Z</time><ele>2576.2</ele><extensions><power>242</power><tpx1:TrackPointExtension><tpx1:atemp>22</tpx1:atemp><tpx1:hr>133</tpx1:hr><tpx1:cad>82</tpx1:cad></tpx1:TrackPointExtension></extensions></trkpt><trkpt lat="39.00687" lon="-105.053452"><time>2024-08-09T19:04:57.000Z</time><ele>2576.4</ele><extensions><power>245</power><tpx1:TrackPointExtension><tpx1:atemp>23</tpx1:atemp><tpx1:hr>133</tpx1:hr><tpx1:cad>84</tpx1:cad></tpx1:TrackPointExtension></extensions></trkpt><trkpt lat="39.006866" lon="-105.053398"><time>2024-08-09T19:04:58.000Z</time><ele>2576.6</ele><extensions><power>244</power><tpx1:TrackPointExtension><tpx1:atemp>23</tpx1:atemp><tpx1:hr>133</tpx1:hr><tpx1:cad>83</tpx1:cad></tpx1:TrackPointExtension></extensions></trkpt><trkpt lat="39.006866" lon="-105.053337"><time>2024-08-09T19:04:59.000Z</time><ele>2576.8</ele><extensions><power>241</power><tpx1:TrackPointExtension><tpx1:atemp>23</tpx1:atemp><tpx1:hr>133</tpx1:hr><tpx1:cad>84</tpx1:cad></tpx1:TrackPointExtension></extensions></trkpt><trkpt lat="39.006863" lon="-105.053284"><time>2024-08-09T19:05:00.000Z</time><ele>2577</ele><extensions><power>238</power><tpx1:TrackPointExtension><tpx1:atemp>23</tpx1:atemp><tpx1:hr>133</tpx1:hr><tpx1:cad>85</tpx1:cad></tpx1:TrackPointExtension></extensions></trkpt><trkpt lat="39.006866" lon="-105.053223"><time>2024-08-09T19:05:01.000Z</time><ele>2577</ele><extensions><power>240</power><tpx1:TrackPointExtension><tpx1:atemp>23</tpx1:atemp><tpx1:hr>133</tpx1:hr><tpx1:cad>83</tpx1:cad></tpx1:TrackPointExtension></extensions></trkpt><trkpt lat="39.006863" lon="-105.053169"><time>2024-08-09T19:05:02.000Z</time><ele>2577.2</ele><extensions><power>232</power><tpx1:TrackPointExtension><tpx1:atemp>23</tpx1:atemp><tpx1:hr>133</tpx1:hr><tpx1:cad>87</tpx1:cad></tpx1:TrackPointExtension></extensions></trkpt><trkpt lat="39.006863" lon="-105.053116"><time>2024-08-09T19:05:03.000Z</time><ele>2577.4</ele><extensions><power>226</power><tpx1:TrackPointExtension><tpx1:atemp>23</tpx1:atemp><tpx1:hr>133</tpx1:hr><tpx1:cad>85</tpx1:cad></tpx1:TrackPointExtension></extensions></trkpt><trkpt lat="39.006863" lon="-105.053055"><time>2024-08-09T19:05:04.000Z</time><ele>2577.6</ele><extensions><power>231</power><tpx1:TrackPointExtension><tpx1:atemp>23</tpx1:atemp><tpx1:hr>133</tpx1:hr><tpx1:cad>85</tpx1:cad></tpx1:TrackPointExtension></extensions></trkpt><trkpt lat="39.006863" lon="-105.052994"><time>2024-08-09T19:05:05.000Z</time><ele>2577.6</ele><extensions><power>239</power><tpx1:TrackPointExtension><tpx1:atemp>23</tpx1:atemp><tpx1:hr>133</tpx1:hr><tpx1:cad>85</tpx1:cad></tpx1:TrackPointExtension></extensions></trkpt><trkpt lat="39.006863" lon="-105.052925"><time>2024-08-09T19:05:06.000Z</time><ele>2577.8</ele><extensions><power>244</power><tpx1:TrackPointExtension><tpx1:atemp>23</tpx1:atemp><tpx1:hr>132</tpx1:hr><tpx1:cad>85</tpx1:cad></tpx1:TrackPointExtension></extensions></trkpt><trkpt lat="39.006863" lon="-105.052864"><time>2024-08-09T19:05:07.000Z</time><ele>2578</ele><extensions><power>240</power><tpx1:TrackPointExtension><tpx1:atemp>23</tpx1:atemp><tpx1:hr>132</tpx1:hr><tpx1:cad>86</tpx1:cad></tpx1:TrackPointExtension></extensions></trkpt><trkpt lat="39.006863" lon="-105.052803"><time>2024-08-09T19:05:08.000Z</time><ele>2578.2</ele><extensions><power>231</power><tpx1:TrackPointExtension><tpx1:atemp>23</tpx1:atemp><tpx1:hr>132</tpx1:hr><tpx1:cad>85</tpx1:cad></tpx1:TrackPointExtension></extensions></trkpt><trkpt lat="39.006863" lon="-105.052734"><time>2024-08-09T19:05:09.000Z</time><ele>2578.4</ele><extensions><power>224</power><tpx1:TrackPointExtension><tpx1:atemp>23</tpx1:atemp><tpx1:hr>132</tpx1:hr><tpx1:cad>86</tpx1:cad></tpx1:TrackPointExtension></extensions></trkpt><trkpt lat="39.006866" lon="-105.052673"><time>2024-08-09T19:05:10.000Z</time><ele>2578.4</ele><extensions><power>222</power><tpx1:TrackPointExtension><tpx1:atemp>23</tpx1:atemp><tpx1:hr>132</tpx1:hr><tpx1:cad>85</tpx1:cad></tpx1:TrackPointExtension></extensions></trkpt><trkpt lat="39.006866" lon="-105.052612"><time>2024-08-09T19:05:11.000Z</time><ele>2578.6</ele><extensions><power>219</power><tpx1:TrackPointExtension><tpx1:atemp>23</tpx1:atemp><tpx1:hr>133</tpx1:hr><tpx1:cad>87</tpx1:cad></tpx1:TrackPointExtension></extensions></trkpt><trkpt lat="39.00687" lon="-105.052551"><time>2024-08-09T19:05:12.000Z</time><ele>2578.6</ele><extensions><power>216</power><tpx1:TrackPointExtension><tpx1:atemp>23</tpx1:atemp><tpx1:hr>133</tpx1:hr><tpx1:cad>86</tpx1:cad></tpx1:TrackPointExtension></extensions></trkpt><trkpt lat="39.006874" lon="-105.05249"><time>2024-08-09T19:05:13.000Z</time><ele>2578.8</ele><extensions><power>216</power><tpx1:TrackPointExtension><tpx1:atemp>23</tpx1:atemp><tpx1:hr>133</tpx1:hr><tpx1:cad>84</tpx1:cad></tpx1:TrackPointExtension></extensions></trkpt><trkpt lat="39.006878" lon="-105.052429"><time>2024-08-09T19:05:14.000Z</time><ele>2578.8</ele><extensions><power>217</power><tpx1:TrackPointExtension><tpx1:atemp>23</tpx1:atemp><tpx1:hr>133</tpx1:hr><tpx1:cad>86</tpx1:cad></tpx1:TrackPointExtension></extensions></trkpt><trkpt lat="39.006886" lon="-105.052368"><time>2024-08-09T19:05:15.000Z</time><ele>2579</ele><extensions><power>233</power><tpx1:TrackPointExtension><tpx1:atemp>23</tpx1:atemp><tpx1:hr>133</tpx1:hr><tpx1:cad>85</tpx1:cad></tpx1:TrackPointExtension></extensions></trkpt><trkpt lat="39.006889" lon="-105.052315"><time>2024-08-09T19:05:16.000Z</time><ele>2579.2</ele><extensions><power>235</power><tpx1:TrackPointExtension><tpx1:atemp>23</tpx1:atemp><tpx1:hr>133</tpx1:hr><tpx1:cad>84</tpx1:cad></tpx1:TrackPointExtension></extensions></trkpt><trkpt lat="39.006889" lon="-105.052261"><time>2024-08-09T19:05:17.000Z</time><ele>2579.4</ele><extensions><power>231</power><tpx1:TrackPointExtension><tpx1:atemp>23</tpx1:atemp><tpx1:hr>133</tpx1:hr><tpx1:cad>81</tpx1:cad></tpx1:TrackPointExtension></extensions></trkpt><trkpt lat="39.006889" lon="-105.0522"><time>2024-08-09T19:05:18.000Z</time><ele>2579.4</ele><extensions><power>238</power><tpx1:TrackPointExtension><tpx1:atemp>23</tpx1:atemp><tpx1:hr>133</tpx1:hr><tpx1:cad>81</tpx1:cad></tpx1:TrackPointExtension></extensions></trkpt><trkpt lat="39.006889" lon="-105.052139"><time>2024-08-09T19:05:19.000Z</time><ele>2579.6</ele><extensions><power>247</power><tpx1:TrackPointExtension><tpx1:atemp>23</tpx1:atemp><tpx1:hr>133</tpx1:hr><tpx1:cad>81</tpx1:cad></tpx1:TrackPointExtension></extensions></trkpt><trkpt lat="39.006889" lon="-105.052086"><time>2024-08-09T19:05:20.000Z</time><ele>2579.8</ele><extensions><power>253</power><tpx1:TrackPointExtension><tpx1:atemp>23</tpx1:atemp><tpx1:hr>134</tpx1:hr><tpx1:cad>82</tpx1:cad></tpx1:TrackPointExtension></extensions></trkpt><trkpt lat="39.006889" lon="-105.052032"><time>2024-08-09T19:05:21.000Z</time><ele>2579.8</ele><extensions><power>239</power><tpx1:TrackPointExtension><tpx1:atemp>23</tpx1:atemp><tpx1:hr>134</tpx1:hr><tpx1:cad>81</tpx1:cad></tpx1:TrackPointExtension></extensions></trkpt><trkpt lat="39.006886" lon="-105.051979"><time>2024-08-09T19:05:22.000Z</time><ele>2580</ele><extensions><power>247</power><tpx1:TrackPointExtension><tpx1:atemp>23</tpx1:atemp><tpx1:hr>133</tpx1:hr><tpx1:cad>77</tpx1:cad></tpx1:TrackPointExtension></extensions></trkpt><trkpt lat="39.006882" lon="-105.051918"><time>2024-08-09T19:05:23.000Z</time><ele>2580.2</ele><extensions><power>249</power><tpx1:TrackPointExtension><tpx1:atemp>23</tpx1:atemp><tpx1:hr>133</tpx1:hr><tpx1:cad>85</tpx1:cad></tpx1:TrackPointExtension></extensions></trkpt><trkpt lat="39.006882" lon="-105.051857"><time>2024-08-09T19:05:24.000Z</time><ele>2580.4</ele><extensions><power>235</power><tpx1:TrackPointExtension><tpx1:atemp>23</tpx1:atemp><tpx1:hr>133</tpx1:hr><tpx1:cad>81</tpx1:cad></tpx1:TrackPointExtension></extensions></trkpt><trkpt lat="39.006878" lon="-105.051804"><time>2024-08-09T19:05:25.000Z</time><ele>2580.6</ele><extensions><power>234</power><tpx1:TrackPointExtension><tpx1:atemp>23</tpx1:atemp><tpx1:hr>133</tpx1:hr><tpx1:cad>81</tpx1:cad></tpx1:TrackPointExtension></extensions></trkpt><trkpt lat="39.006882" lon="-105.051743"><time>2024-08-09T19:05:26.000Z</time><ele>2580.6</ele><extensions><power>235</power><tpx1:TrackPointExtension><tpx1:atemp>23</tpx1:atemp><tpx1:hr>133</tpx1:hr><tpx1:cad>79</tpx1:cad></tpx1:TrackPointExtension></extensions></trkpt><trkpt lat="39.006878" lon="-105.051689"><time>2024-08-09T19:05:27.000Z</time><ele>2581</ele><extensions><power>237</power><tpx1:TrackPointExtension><tpx1:atemp>23</tpx1:atemp><tpx1:hr>133</tpx1:hr><tpx1:cad>80</tpx1:cad></tpx1:TrackPointExtension></extensions></trkpt><trkpt lat="39.006878" lon="-105.051628"><time>2024-08-09T19:05:28.000Z</time><ele>2581.2</ele><extensions><power>247</power><tpx1:TrackPointExtension><tpx1:atemp>23</tpx1:atemp><tpx1:hr>133</tpx1:hr><tpx1:cad>79</tpx1:cad></tpx1:TrackPointExtension></extensions></trkpt><trkpt lat="39.006878" lon="-105.051567"><time>2024-08-09T19:05:29.000Z</time><ele>2581.4</ele><extensions><power>262</power><tpx1:TrackPointExtension><tpx1:atemp>23</tpx1:atemp><tpx1:hr>133</tpx1:hr><tpx1:cad>79</tpx1:cad></tpx1:TrackPointExtension></extensions></trkpt><trkpt lat="39.006878" lon="-105.051514"><time>2024-08-09T19:05:30.000Z</time><ele>2581.6</ele><extensions><power>267</power><tpx1:TrackPointExtension><tpx1:atemp>23</tpx1:atemp><tpx1:hr>133</tpx1:hr><tpx1:cad>79</tpx1:cad></tpx1:TrackPointExtension></extensions></trkpt><trkpt lat="39.006878" lon="-105.051453"><time>2024-08-09T19:05:31.000Z</time><ele>2581.8</ele><extensions><power>268</power><tpx1:TrackPointExtension><tpx1:atemp>23</tpx1:atemp><tpx1:hr>133</tpx1:hr><tpx1:cad>81</tpx1:cad></tpx1:TrackPointExtension></extensions></trkpt><trkpt lat="39.006882" lon="-105.051399"><time>2024-08-09T19:05:32.000Z</time><ele>2582</ele><extensions><power>290</power><tpx1:TrackPointExtension><tpx1:atemp>23</tpx1:atemp><tpx1:hr>133</tpx1:hr><tpx1:cad>80</tpx1:cad></tpx1:TrackPointExtension></extensions></trkpt><trkpt lat="39.006886" lon="-105.051338"><time>2024-08-09T19:05:33.000Z</time><ele>2582.2</ele><extensions><power>282</power><tpx1:TrackPointExtension><tpx1:atemp>23</tpx1:atemp><tpx1:hr>133</tpx1:hr><tpx1:cad>82</tpx1:cad></tpx1:TrackPointExtension></extensions></trkpt><trkpt lat="39.006886" lon="-105.051277"><time>2024-08-09T19:05:34.000Z</time><ele>2582.4</ele><extensions><power>260</power><tpx1:TrackPointExtension><tpx1:atemp>23</tpx1:atemp><tpx1:hr>133</tpx1:hr><tpx1:cad>80</tpx1:cad></tpx1:TrackPointExtension></extensions></trkpt><trkpt lat="39.006886" lon="-105.051216"><time>2024-08-09T19:05:35.000Z</time><ele>2582.6</ele><extensions><power>244</power><tpx1:TrackPointExtension><tpx1:atemp>23</tpx1:atemp><tpx1:hr>133</tpx1:hr><tpx1:cad>81</tpx1:cad></tpx1:TrackPointExtension></extensions></trkpt><trkpt lat="39.006886" lon="-105.051163"><time>2024-08-09T19:05:36.000Z</time><ele>2582.8</ele><extensions><power>217</power><tpx1:TrackPointExtension><tpx1:atemp>23</tpx1:atemp><tpx1:hr>133</tpx1:hr><tpx1:cad>81</tpx1:cad></tpx1:TrackPointExtension></extensions></trkpt><trkpt lat="39.006882" lon="-105.051102"><time>2024-08-09T19:05:37.000Z</time><ele>2582.8</ele><extensions><power>201</power><tpx1:TrackPointExtension><tpx1:atemp>23</tpx1:atemp><tpx1:hr>133</tpx1:hr><tpx1:cad>79</tpx1:cad></tpx1:TrackPointExtension></extensions></trkpt><trkpt lat="39.006878" lon="-105.051048"><time>2024-08-09T19:05:38.000Z</time><ele>2583</ele><extensions><power>199</power><tpx1:TrackPointExtension><tpx1:atemp>23</tpx1:atemp><tpx1:hr>132</tpx1:hr><tpx1:cad>80</tpx1:cad></tpx1:TrackPointExtension></extensions></trkpt><trkpt lat="39.006878" lon="-105.050987"><time>2024-08-09T19:05:39.000Z</time><ele>2583.2</ele><extensions><power>203</power><tpx1:TrackPointExtension><tpx1:atemp>23</tpx1:atemp><tpx1:hr>132</tpx1:hr><tpx1:cad>80</tpx1:cad></tpx1:TrackPointExtension></extensions></trkpt><trkpt lat="39.006878" lon="-105.050934"><time>2024-08-09T19:05:40.000Z</time><ele>2583.2</ele><extensions><power>233</power><tpx1:TrackPointExtension><tpx1:atemp>23</tpx1:atemp><tpx1:hr>132</tpx1:hr><tpx1:cad>81</tpx1:cad></tpx1:TrackPointExtension></extensions></trkpt><trkpt lat="39.006878" lon="-105.050873"><time>2024-08-09T19:05:41.000Z</time><ele>2583.4</ele><extensions><power>235</power><tpx1:TrackPointExtension><tpx1:atemp>23</tpx1:atemp><tpx1:hr>131</tpx1:hr><tpx1:cad>82</tpx1:cad></tpx1:TrackPointExtension></extensions></trkpt><trkpt lat="39.006878" lon="-105.050819"><time>2024-08-09T19:05:42.000Z</time><ele>2583.6</ele><extensions><power>236</power><tpx1:TrackPointExtension><tpx1:atemp>23</tpx1:atemp><tpx1:hr>131</tpx1:hr><tpx1:cad>82</tpx1:cad></tpx1:TrackPointExtension></extensions></trkpt><trkpt lat="39.006878" lon="-105.050758"><time>2024-08-09T19:05:43.000Z</time><ele>2583.8</ele><extensions><power>230</power><tpx1:TrackPointExtension><tpx1:atemp>23</tpx1:atemp><tpx1:hr>131</tpx1:hr><tpx1:cad>81</tpx1:cad></tpx1:TrackPointExtension></extensions></trkpt><trkpt lat="39.006878" lon="-105.050705"><time>2024-08-09T19:05:44.000Z</time><ele>2583.8</ele><extensions><power>222</power><tpx1:TrackPointExtension><tpx1:atemp>23</tpx1:atemp><tpx1:hr>130</tpx1:hr><tpx1:cad>82</tpx1:cad></tpx1:TrackPointExtension></extensions></trkpt><trkpt lat="39.006874" lon="-105.050652"><time>2024-08-09T19:05:45.000Z</time><ele>2584</ele><extensions><power>220</power><tpx1:TrackPointExtension><tpx1:atemp>23</tpx1:atemp><tpx1:hr>129</tpx1:hr><tpx1:cad>81</tpx1:cad></tpx1:TrackPointExtension></extensions></trkpt><trkpt lat="39.00687" lon="-105.05059"><time>2024-08-09T19:05:46.000Z</time><ele>2584.2</ele><extensions><power>218</power><tpx1:TrackPointExtension><tpx1:atemp>23</tpx1:atemp><tpx1:hr>128</tpx1:hr><tpx1:cad>81</tpx1:cad></tpx1:TrackPointExtension></extensions></trkpt><trkpt lat="39.00687" lon="-105.050537"><time>2024-08-09T19:05:47.000Z</time><ele>2584.4</ele><extensions><power>209</power><tpx1:TrackPointExtension><tpx1:atemp>23</tpx1:atemp><tpx1:hr>128</tpx1:hr><tpx1:cad>81</tpx1:cad></tpx1:TrackPointExtension></extensions></trkpt><trkpt lat="39.00687" lon="-105.050476"><time>2024-08-09T19:05:48.000Z</time><ele>2584.4</ele><extensions><power>210</power><tpx1:TrackPointExtension><tpx1:atemp>23</tpx1:atemp><tpx1:hr>127</tpx1:hr><tpx1:cad>80</tpx1:cad></tpx1:TrackPointExtension></extensions></trkpt><trkpt lat="39.006874" lon="-105.050415"><time>2024-08-09T19:05:49.000Z</time><ele>2584.6</ele><extensions><power>213</power><tpx1:TrackPointExtension><tpx1:atemp>23</tpx1:atemp><tpx1:hr>127</tpx1:hr><tpx1:cad>80</tpx1:cad></tpx1:TrackPointExtension></extensions></trkpt><trkpt lat="39.006874" lon="-105.050362"><time>2024-08-09T19:05:50.000Z</time><ele>2584.8</ele><extensions><power>221</power><tpx1:TrackPointExtension><tpx1:atemp>23</tpx1:atemp><tpx1:hr>127</tpx1:hr><tpx1:cad>76</tpx1:cad></tpx1:TrackPointExtension></extensions></trkpt><trkpt lat="39.006874" lon="-105.050308"><time>2024-08-09T19:05:51.000Z</time><ele>2585</ele><extensions><power>234</power><tpx1:TrackPointExtension><tpx1:atemp>23</tpx1:atemp><tpx1:hr>127</tpx1:hr><tpx1:cad>82</tpx1:cad></tpx1:TrackPointExtension></extensions></trkpt><trkpt lat="39.006878" lon="-105.050247"><time>2024-08-09T19:05:52.000Z</time><ele>2585</ele><extensions><power>233</power><tpx1:TrackPointExtension><tpx1:atemp>23</tpx1:atemp><tpx1:hr>128</tpx1:hr><tpx1:cad>80</tpx1:cad></tpx1:TrackPointExtension></extensions></trkpt><trkpt lat="39.006878" lon="-105.050186"><time>2024-08-09T19:05:53.000Z</time><ele>2585.2</ele><extensions><power>234</power><tpx1:TrackPointExtension><tpx1:atemp>23</tpx1:atemp><tpx1:hr>128</tpx1:hr><tpx1:cad>80</tpx1:cad></tpx1:TrackPointExtension></extensions></trkpt><trkpt lat="39.006878" lon="-105.050133"><time>2024-08-09T19:05:54.000Z</time><ele>2585.4</ele><extensions><power>240</power><tpx1:TrackPointExtension><tpx1:atemp>23</tpx1:atemp><tpx1:hr>128</tpx1:hr><tpx1:cad>80</tpx1:cad></tpx1:TrackPointExtension></extensions></trkpt><trkpt lat="39.006882" lon="-105.050079"><time>2024-08-09T19:05:55.000Z</time><ele>2585.6</ele><extensions><power>240</power><tpx1:TrackPointExtension><tpx1:atemp>23</tpx1:atemp><tpx1:hr>128</tpx1:hr><tpx1:cad>80</tpx1:cad></tpx1:TrackPointExtension></extensions></trkpt><trkpt lat="39.006882" lon="-105.050026"><time>2024-08-09T19:05:56.000Z</time><ele>2585.8</ele><extensions><power>226</power><tpx1:TrackPointExtension><tpx1:atemp>23</tpx1:atemp><tpx1:hr>128</tpx1:hr><tpx1:cad>79</tpx1:cad></tpx1:TrackPointExtension></extensions></trkpt><trkpt lat="39.006882" lon="-105.049965"><time>2024-08-09T19:05:57.000Z</time><ele>2586</ele><extensions><power>223</power><tpx1:TrackPointExtension><tpx1:atemp>23</tpx1:atemp><tpx1:hr>128</tpx1:hr><tpx1:cad>79</tpx1:cad></tpx1:TrackPointExtension></extensions></trkpt><trkpt lat="39.006882" lon="-105.049904"><time>2024-08-09T19:05:58.000Z</time><ele>2586.2</ele><extensions><power>227</power><tpx1:TrackPointExtension><tpx1:atemp>23</tpx1:atemp><tpx1:hr>128</tpx1:hr><tpx1:cad>79</tpx1:cad></tpx1:TrackPointExtension></extensions></trkpt><trkpt lat="39.006882" lon="-105.04985"><time>2024-08-09T19:05:59.000Z</time><ele>2586.2</ele><extensions><power>229</power><tpx1:TrackPointExtension><tpx1:atemp>23</tpx1:atemp><tpx1:hr>128</tpx1:hr><tpx1:cad>80</tpx1:cad></tpx1:TrackPointExtension></extensions></trkpt><trkpt lat="39.006882" lon="-105.049797"><time>2024-08-09T19:06:00.000Z</time><ele>2586.2</ele><extensions><power>228</power><tpx1:TrackPointExtension><tpx1:atemp>23</tpx1:atemp><tpx1:hr>128</tpx1:hr><tpx1:cad>80</tpx1:cad></tpx1:TrackPointExtension></extensions></trkpt><trkpt lat="39.006886" lon="-105.049736"><time>2024-08-09T19:06:01.000Z</time><ele>2586.4</ele><extensions><power>227</power><tpx1:TrackPointExtension><tpx1:atemp>23</tpx1:atemp><tpx1:hr>128</tpx1:hr><tpx1:cad>80</tpx1:cad></tpx1:TrackPointExtension></extensions></trkpt><trkpt lat="39.006886" lon="-105.049683"><time>2024-08-09T19:06:02.000Z</time><ele>2586.6</ele><extensions><power>219</power><tpx1:TrackPointExtension><tpx1:atemp>23</tpx1:atemp><tpx1:hr>128</tpx1:hr><tpx1:cad>81</tpx1:cad></tpx1:TrackPointExtension></extensions></trkpt><trkpt lat="39.006886" lon="-105.049629"><time>2024-08-09T19:06:03.000Z</time><ele>2586.6</ele><extensions><power>214</power><tpx1:TrackPointExtension><tpx1:atemp>23</tpx1:atemp><tpx1:hr>128</tpx1:hr><tpx1:cad>80</tpx1:cad></tpx1:TrackPointExtension></extensions></trkpt><trkpt lat="39.006889" lon="-105.049568"><time>2024-08-09T19:06:04.000Z</time><ele>2586.8</ele><extensions><power>212</power><tpx1:TrackPointExtension><tpx1:atemp>23</tpx1:atemp><tpx1:hr>128</tpx1:hr><tpx1:cad>81</tpx1:cad></tpx1:TrackPointExtension></extensions></trkpt><trkpt lat="39.006893" lon="-105.049507"><time>2024-08-09T19:06:05.000Z</time><ele>2586.8</ele><extensions><power>217</power><tpx1:TrackPointExtension><tpx1:atemp>23</tpx1:atemp><tpx1:hr>127</tpx1:hr><tpx1:cad>82</tpx1:cad></tpx1:TrackPointExtension></extensions></trkpt><trkpt lat="39.006897" lon="-105.049446"><time>2024-08-09T19:06:06.000Z</time><ele>2587</ele><extensions><power>220</power><tpx1:TrackPointExtension><tpx1:atemp>23</tpx1:atemp><tpx1:hr>127</tpx1:hr><tpx1:cad>83</tpx1:cad></tpx1:TrackPointExtension></extensions></trkpt><trkpt lat="39.006897" lon="-105.049385"><time>2024-08-09T19:06:07.000Z</time><ele>2587.2</ele><extensions><power>219</power><tpx1:TrackPointExtension><tpx1:atemp>23</tpx1:atemp><tpx1:hr>126</tpx1:hr><tpx1:cad>84</tpx1:cad></tpx1:TrackPointExtension></extensions></trkpt><trkpt lat="39.006897" lon="-105.049324"><time>2024-08-09T19:06:08.000Z</time><ele>2587.2</ele><extensions><power>218</power><tpx1:TrackPointExtension><tpx1:atemp>23</tpx1:atemp><tpx1:hr>125</tpx1:hr><tpx1:cad>85</tpx1:cad></tpx1:TrackPointExtension></extensions></trkpt><trkpt lat="39.006893" lon="-105.049263"><time>2024-08-09T19:06:09.000Z</time><ele>2587.4</ele><extensions><power>213</power><tpx1:TrackPointExtension><tpx1:atemp>23</tpx1:atemp><tpx1:hr>124</tpx1:hr><tpx1:cad>84</tpx1:cad></tpx1:TrackPointExtension></extensions></trkpt><trkpt lat="39.006897" lon="-105.049202"><time>2024-08-09T19:06:10.000Z</time><ele>2587.6</ele><extensions><power>206</power><tpx1:TrackPointExtension><tpx1:atemp>23</tpx1:atemp><tpx1:hr>124</tpx1:hr><tpx1:cad>85</tpx1:cad></tpx1:TrackPointExtension></extensions></trkpt><trkpt lat="39.006897" lon="-105.049133"><time>2024-08-09T19:06:11.000Z</time><ele>2587.6</ele><extensions><power>192</power><tpx1:TrackPointExtension><tpx1:atemp>22</tpx1:atemp><tpx1:hr>124</tpx1:hr><tpx1:cad>86</tpx1:cad></tpx1:TrackPointExtension></extensions></trkpt><trkpt lat="39.006897" lon="-105.049072"><time>2024-08-09T19:06:12.000Z</time><ele>2587.8</ele><extensions><power>186</power><tpx1:TrackPointExtension><tpx1:atemp>22</tpx1:atemp><tpx1:hr>124</tpx1:hr><tpx1:cad>85</tpx1:cad></tpx1:TrackPointExtension></extensions></trkpt><trkpt lat="39.006893" lon="-105.049004"><time>2024-08-09T19:06:13.000Z</time><ele>2587.8</ele><extensions><power>180</power><tpx1:TrackPointExtension><tpx1:atemp>22</tpx1:atemp><tpx1:hr>125</tpx1:hr><tpx1:cad>85</tpx1:cad></tpx1:TrackPointExtension></extensions></trkpt><trkpt lat="39.006893" lon="-105.048943"><time>2024-08-09T19:06:14.000Z</time><ele>2588</ele><extensions><power>166</power><tpx1:TrackPointExtension><tpx1:atemp>22</tpx1:atemp><tpx1:hr>126</tpx1:hr><tpx1:cad>85</tpx1:cad></tpx1:TrackPointExtension></extensions></trkpt><trkpt lat="39.006893" lon="-105.048881"><time>2024-08-09T19:06:15.000Z</time><ele>2588</ele><extensions><power>160</power><tpx1:TrackPointExtension><tpx1:atemp>22</tpx1:atemp><tpx1:hr>126</tpx1:hr><tpx1:cad>85</tpx1:cad></tpx1:TrackPointExtension></extensions></trkpt><trkpt lat="39.006893" lon="-105.04882"><time>2024-08-09T19:06:16.000Z</time><ele>2588</ele><extensions><power>159</power><tpx1:TrackPointExtension><tpx1:atemp>22</tpx1:atemp><tpx1:hr>126</tpx1:hr><tpx1:cad>85</tpx1:cad></tpx1:TrackPointExtension></extensions></trkpt><trkpt lat="39.006893" lon="-105.048759"><time>2024-08-09T19:06:17.000Z</time><ele>2588.2</ele><extensions><power>158</power><tpx1:TrackPointExtension><tpx1:atemp>22</tpx1:atemp><tpx1:hr>126</tpx1:hr><tpx1:cad>86</tpx1:cad></tpx1:TrackPointExtension></extensions></trkpt><trkpt lat="39.006893" lon="-105.048698"><time>2024-08-09T19:06:18.000Z</time><ele>2588.2</ele><extensions><power>155</power><tpx1:TrackPointExtension><tpx1:atemp>22</tpx1:atemp><tpx1:hr>125</tpx1:hr><tpx1:cad>86</tpx1:cad></tpx1:TrackPointExtension></extensions></trkpt><trkpt lat="39.006889" lon="-105.048645"><time>2024-08-09T19:06:19.000Z</time><ele>2588.4</ele><extensions><power>167</power><tpx1:TrackPointExtension><tpx1:atemp>22</tpx1:atemp><tpx1:hr>124</tpx1:hr><tpx1:cad>85</tpx1:cad></tpx1:TrackPointExtension></extensions></trkpt><trkpt lat="39.006889" lon="-105.048584"><time>2024-08-09T19:06:20.000Z</time><ele>2588.4</ele><extensions><power>177</power><tpx1:TrackPointExtension><tpx1:atemp>22</tpx1:atemp><tpx1:hr>123</tpx1:hr><tpx1:cad>85</tpx1:cad></tpx1:TrackPointExtension></extensions></trkpt><trkpt lat="39.006893" lon="-105.048523"><time>2024-08-09T19:06:21.000Z</time><ele>2588.6</ele><extensions><power>186</power><tpx1:TrackPointExtension><tpx1:atemp>22</tpx1:atemp><tpx1:hr>122</tpx1:hr><tpx1:cad>84</tpx1:cad></tpx1:TrackPointExtension></extensions></trkpt><trkpt lat="39.006893" lon="-105.048462"><time>2024-08-09T19:06:22.000Z</time><ele>2588.6</ele><extensions><power>193</power><tpx1:TrackPointExtension><tpx1:atemp>22</tpx1:atemp><tpx1:hr>121</tpx1:hr><tpx1:cad>86</tpx1:cad></tpx1:TrackPointExtension></extensions></trkpt><trkpt lat="39.006889" lon="-105.048401"><time>2024-08-09T19:06:23.000Z</time><ele>2588.8</ele><extensions><power>193</power><tpx1:TrackPointExtension><tpx1:atemp>22</tpx1:atemp><tpx1:hr>121</tpx1:hr><tpx1:cad>84</tpx1:cad></tpx1:TrackPointExtension></extensions></trkpt><trkpt lat="39.006889" lon="-105.04834"><time>2024-08-09T19:06:24.000Z</time><ele>2588.8</ele><extensions><power>190</power><tpx1:TrackPointExtension><tpx1:atemp>22</tpx1:atemp><tpx1:hr>121</tpx1:hr><tpx1:cad>85</tpx1:cad></tpx1:TrackPointExtension></extensions></trkpt><trkpt lat="39.006893" lon="-105.048279"><time>2024-08-09T19:06:25.000Z</time><ele>2589</ele><extensions><power>186</power><tpx1:TrackPointExtension><tpx1:atemp>22</tpx1:atemp><tpx1:hr>121</tpx1:hr><tpx1:cad>85</tpx1:cad></tpx1:TrackPointExtension></extensions></trkpt><trkpt lat="39.006893" lon="-105.048225"><time>2024-08-09T19:06:26.000Z</time><ele>2589</ele><extensions><power>186</power><tpx1:TrackPointExtension><tpx1:atemp>22</tpx1:atemp><tpx1:hr>122</tpx1:hr><tpx1:cad>85</tpx1:cad></tpx1:TrackPointExtension></extensions></trkpt><trkpt lat="39.006893" lon="-105.048164"><time>2024-08-09T19:06:27.000Z</time><ele>2589.2</ele><extensions><power>195</power><tpx1:TrackPointExtension><tpx1:atemp>22</tpx1:atemp><tpx1:hr>123</tpx1:hr><tpx1:cad>84</tpx1:cad></tpx1:TrackPointExtension></extensions></trkpt><trkpt lat="39.006889" lon="-105.048111"><time>2024-08-09T19:06:28.000Z</time><ele>2589.2</ele><extensions><power>187</power><tpx1:TrackPointExtension><tpx1:atemp>22</tpx1:atemp><tpx1:hr>123</tpx1:hr><tpx1:cad>87</tpx1:cad></tpx1:TrackPointExtension></extensions></trkpt><trkpt lat="39.006889" lon="-105.048058"><time>2024-08-09T19:06:29.000Z</time><ele>2589.2</ele><extensions><power>180</power><tpx1:TrackPointExtension><tpx1:atemp>22</tpx1:atemp><tpx1:hr>124</tpx1:hr><tpx1:cad>88</tpx1:cad></tpx1:TrackPointExtension></extensions></trkpt><trkpt lat="39.006889" lon="-105.047996"><time>2024-08-09T19:06:30.000Z</time><ele>2589.4</ele><extensions><power>181</power><tpx1:TrackPointExtension><tpx1:atemp>23</tpx1:atemp><tpx1:hr>123</tpx1:hr><tpx1:cad>88</tpx1:cad></tpx1:TrackPointExtension></extensions></trkpt><trkpt lat="39.006889" lon="-105.047935"><time>2024-08-09T19:06:31.000Z</time><ele>2589.4</ele><extensions><power>183</power><tpx1:TrackPointExtension><tpx1:atemp>23</tpx1:atemp><tpx1:hr>123</tpx1:hr><tpx1:cad>87</tpx1:cad></tpx1:TrackPointExtension></extensions></trkpt><trkpt lat="39.006889" lon="-105.047882"><time>2024-08-09T19:06:32.000Z</time><ele>2589.4</ele><extensions><power>177</power><tpx1:TrackPointExtension><tpx1:atemp>23</tpx1:atemp><tpx1:hr>122</tpx1:hr><tpx1:cad>85</tpx1:cad></tpx1:TrackPointExtension></extensions></trkpt><trkpt lat="39.006889" lon="-105.047813"><time>2024-08-09T19:06:33.000Z</time><ele>2589.6</ele><extensions><power>182</power><tpx1:TrackPointExtension><tpx1:atemp>23</tpx1:atemp><tpx1:hr>122</tpx1:hr><tpx1:cad>85</tpx1:cad></tpx1:TrackPointExtension></extensions></trkpt><trkpt lat="39.006889" lon="-105.047752"><time>2024-08-09T19:06:34.000Z</time><ele>2589.8</ele><extensions><power>188</power><tpx1:TrackPointExtension><tpx1:atemp>23</tpx1:atemp><tpx1:hr>121</tpx1:hr><tpx1:cad>84</tpx1:cad></tpx1:TrackPointExtension></extensions></trkpt><trkpt lat="39.006889" lon="-105.047699"><time>2024-08-09T19:06:35.000Z</time><ele>2589.8</ele><extensions><power>193</power><tpx1:TrackPointExtension><tpx1:atemp>23</tpx1:atemp><tpx1:hr>121</tpx1:hr><tpx1:cad>84</tpx1:cad></tpx1:TrackPointExtension></extensions></trkpt><trkpt lat="39.006889" lon="-105.047638"><time>2024-08-09T19:06:36.000Z</time><ele>2590</ele><extensions><power>190</power><tpx1:TrackPointExtension><tpx1:atemp>23</tpx1:atemp><tpx1:hr>121</tpx1:hr><tpx1:cad>85</tpx1:cad></tpx1:TrackPointExtension></extensions></trkpt><trkpt lat="39.006889" lon="-105.047569"><time>2024-08-09T19:06:37.000Z</time><ele>2590.2</ele><extensions><power>190</power><tpx1:TrackPointExtension><tpx1:atemp>23</tpx1:atemp><tpx1:hr>120</tpx1:hr><tpx1:cad>84</tpx1:cad></tpx1:TrackPointExtension></extensions></trkpt><trkpt lat="39.006889" lon="-105.047508"><time>2024-08-09T19:06:38.000Z</time><ele>2590.2</ele><extensions><power>191</power><tpx1:TrackPointExtension><tpx1:atemp>23</tpx1:atemp><tpx1:hr>120</tpx1:hr><tpx1:cad>85</tpx1:cad></tpx1:TrackPointExtension></extensions></trkpt><trkpt lat="39.006889" lon="-105.047447"><time>2024-08-09T19:06:39.000Z</time><ele>2590.4</ele><extensions><power>183</power><tpx1:TrackPointExtension><tpx1:atemp>23</tpx1:atemp><tpx1:hr>118</tpx1:hr><tpx1:cad>87</tpx1:cad></tpx1:TrackPointExtension></extensions></trkpt><trkpt lat="39.006889" lon="-105.047386"><time>2024-08-09T19:06:40.000Z</time><ele>2590.4</ele><extensions><power>172</power><tpx1:TrackPointExtension><tpx1:atemp>23</tpx1:atemp><tpx1:hr>118</tpx1:hr><tpx1:cad>87</tpx1:cad></tpx1:TrackPointExtension></extensions></trkpt><trkpt lat="39.006893" lon="-105.047325"><time>2024-08-09T19:06:41.000Z</time><ele>2590.4</ele><extensions><power>175</power><tpx1:TrackPointExtension><tpx1:atemp>23</tpx1:atemp><tpx1:hr>117</tpx1:hr><tpx1:cad>87</tpx1:cad></tpx1:TrackPointExtension></extensions></trkpt><trkpt lat="39.006893" lon="-105.047272"><time>2024-08-09T19:06:42.000Z</time><ele>2590.6</ele><extensions><power>176</power><tpx1:TrackPointExtension><tpx1:atemp>23</tpx1:atemp><tpx1:hr>115</tpx1:hr><tpx1:cad>87</tpx1:cad></tpx1:TrackPointExtension></extensions></trkpt><trkpt lat="39.006893" lon="-105.047211"><time>2024-08-09T19:06:43.000Z</time><ele>2590.6</ele><extensions><power>176</power><tpx1:TrackPointExtension><tpx1:atemp>23</tpx1:atemp><tpx1:hr>115</tpx1:hr><tpx1:cad>87</tpx1:cad></tpx1:TrackPointExtension></extensions></trkpt><trkpt lat="39.006893" lon="-105.047142"><time>2024-08-09T19:06:44.000Z</time><ele>2590.6</ele><extensions><power>168</power><tpx1:TrackPointExtension><tpx1:atemp>23</tpx1:atemp><tpx1:hr>115</tpx1:hr><tpx1:cad>88</tpx1:cad></tpx1:TrackPointExtension></extensions></trkpt><trkpt lat="39.006897" lon="-105.047073"><time>2024-08-09T19:06:45.000Z</time><ele>2590.6</ele><extensions><power>161</power><tpx1:TrackPointExtension><tpx1:atemp>23</tpx1:atemp><tpx1:hr>116</tpx1:hr><tpx1:cad>88</tpx1:cad></tpx1:TrackPointExtension></extensions></trkpt><trkpt lat="39.006893" lon="-105.047012"><time>2024-08-09T19:06:46.000Z</time><ele>2590.6</ele><extensions><power>159</power><tpx1:TrackPointExtension><tpx1:atemp>23</tpx1:atemp><tpx1:hr>117</tpx1:hr><tpx1:cad>90</tpx1:cad></tpx1:TrackPointExtension></extensions></trkpt><trkpt lat="39.006893" lon="-105.046951"><time>2024-08-09T19:06:47.000Z</time><ele>2590.6</ele><extensions><power>155</power><tpx1:TrackPointExtension><tpx1:atemp>23</tpx1:atemp><tpx1:hr>118</tpx1:hr><tpx1:cad>91</tpx1:cad></tpx1:TrackPointExtension></extensions></trkpt><trkpt lat="39.006893" lon="-105.046883"><time>2024-08-09T19:06:48.000Z</time><ele>2590.6</ele><extensions><power>152</power><tpx1:TrackPointExtension><tpx1:atemp>23</tpx1:atemp><tpx1:hr>118</tpx1:hr><tpx1:cad>93</tpx1:cad></tpx1:TrackPointExtension></extensions></trkpt><trkpt lat="39.006893" lon="-105.046814"><time>2024-08-09T19:06:49.000Z</time><ele>2590.6</ele><extensions><power>155</power><tpx1:TrackPointExtension><tpx1:atemp>22</tpx1:atemp><tpx1:hr>119</tpx1:hr><tpx1:cad>93</tpx1:cad></tpx1:TrackPointExtension></extensions></trkpt><trkpt lat="39.006893" lon="-105.046745"><time>2024-08-09T19:06:50.000Z</time><ele>2590.6</ele><extensions><power>157</power><tpx1:TrackPointExtension><tpx1:atemp>22</tpx1:atemp><tpx1:hr>119</tpx1:hr><tpx1:cad>93</tpx1:cad></tpx1:TrackPointExtension></extensions></trkpt><trkpt lat="39.006893" lon="-105.046669"><time>2024-08-09T19:06:51.000Z</time><ele>2590.8</ele><extensions><power>156</power><tpx1:TrackPointExtension><tpx1:atemp>22</tpx1:atemp><tpx1:hr>119</tpx1:hr><tpx1:cad>93</tpx1:cad></tpx1:TrackPointExtension></extensions></trkpt><trkpt lat="39.006893" lon="-105.0466"><time>2024-08-09T19:06:52.000Z</time><ele>2590.6</ele><extensions><power>164</power><tpx1:TrackPointExtension><tpx1:atemp>22</tpx1:atemp><tpx1:hr>118</tpx1:hr><tpx1:cad>92</tpx1:cad></tpx1:TrackPointExtension></extensions></trkpt><trkpt lat="39.006893" lon="-105.046532"><time>2024-08-09T19:06:53.000Z</time><ele>2590.8</ele><extensions><power>164</power><tpx1:TrackPointExtension><tpx1:atemp>22</tpx1:atemp><tpx1:hr>118</tpx1:hr><tpx1:cad>92</tpx1:cad></tpx1:TrackPointExtension></extensions></trkpt><trkpt lat="39.006893" lon="-105.046463"><time>2024-08-09T19:06:54.000Z</time><ele>2590.8</ele><extensions><power>159</power><tpx1:TrackPointExtension><tpx1:atemp>22</tpx1:atemp><tpx1:hr>118</tpx1:hr><tpx1:cad>93</tpx1:cad></tpx1:TrackPointExtension></extensions></trkpt><trkpt lat="39.006893" lon="-105.046402"><time>2024-08-09T19:06:55.000Z</time><ele>2591</ele><extensions><power>158</power><tpx1:TrackPointExtension><tpx1:atemp>22</tpx1:atemp><tpx1:hr>119</tpx1:hr><tpx1:cad>92</tpx1:cad></tpx1:TrackPointExtension></extensions></trkpt><trkpt lat="39.006893" lon="-105.046333"><time>2024-08-09T19:06:56.000Z</time><ele>2591</ele><extensions><power>159</power><tpx1:TrackPointExtension><tpx1:atemp>22</tpx1:atemp><tpx1:hr>120</tpx1:hr><tpx1:cad>91</tpx1:cad></tpx1:TrackPointExtension></extensions></trkpt><trkpt lat="39.006897" lon="-105.046272"><time>2024-08-09T19:06:57.000Z</time><ele>2591.2</ele><extensions><power>163</power><tpx1:TrackPointExtension><tpx1:atemp>22</tpx1:atemp><tpx1:hr>120</tpx1:hr><tpx1:cad>90</tpx1:cad></tpx1:TrackPointExtension></extensions></trkpt><trkpt lat="39.006897" lon="-105.046204"><time>2024-08-09T19:06:58.000Z</time><ele>2591.4</ele><extensions><power>168</power><tpx1:TrackPointExtension><tpx1:atemp>22</tpx1:atemp><tpx1:hr>121</tpx1:hr><tpx1:cad>88</tpx1:cad></tpx1:TrackPointExtension></extensions></trkpt><trkpt lat="39.006901" lon="-105.046142"><time>2024-08-09T19:06:59.000Z</time><ele>2591.4</ele><extensions><power>183</power><tpx1:TrackPointExtension><tpx1:atemp>22</tpx1:atemp><tpx1:hr>120</tpx1:hr><tpx1:cad>87</tpx1:cad></tpx1:TrackPointExtension></extensions></trkpt><trkpt lat="39.006905" lon="-105.046074"><time>2024-08-09T19:07:00.000Z</time><ele>2591.6</ele><extensions><power>192</power><tpx1:TrackPointExtension><tpx1:atemp>22</tpx1:atemp><tpx1:hr>119</tpx1:hr><tpx1:cad>86</tpx1:cad></tpx1:TrackPointExtension></extensions></trkpt><trkpt lat="39.006905" lon="-105.046013"><time>2024-08-09T19:07:01.000Z</time><ele>2591.6</ele><extensions><power>190</power><tpx1:TrackPointExtension><tpx1:atemp>22</tpx1:atemp><tpx1:hr>119</tpx1:hr><tpx1:cad>85</tpx1:cad></tpx1:TrackPointExtension></extensions></trkpt><trkpt lat="39.006905" lon="-105.045952"><time>2024-08-09T19:07:02.000Z</time><ele>2591.6</ele><extensions><power>189</power><tpx1:TrackPointExtension><tpx1:atemp>22</tpx1:atemp><tpx1:hr>118</tpx1:hr><tpx1:cad>84</tpx1:cad></tpx1:TrackPointExtension></extensions></trkpt><trkpt lat="39.006905" lon="-105.045898"><time>2024-08-09T19:07:03.000Z</time><ele>2591.6</ele><extensions><power>194</power><tpx1:TrackPointExtension><tpx1:atemp>22</tpx1:atemp><tpx1:hr>117</tpx1:hr><tpx1:cad>81</tpx1:cad></tpx1:TrackPointExtension></extensions></trkpt><trkpt lat="39.006897" lon="-105.045845"><time>2024-08-09T19:07:04.000Z</time><ele>2591.8</ele><extensions><power>194</power><tpx1:TrackPointExtension><tpx1:atemp>22</tpx1:atemp><tpx1:hr>116</tpx1:hr><tpx1:cad>80</tpx1:cad></tpx1:TrackPointExtension></extensions></trkpt><trkpt lat="39.006886" lon="-105.045792"><time>2024-08-09T19:07:05.000Z</time><ele>2591.8</ele><extensions><power>209</power><tpx1:TrackPointExtension><tpx1:atemp>22</tpx1:atemp><tpx1:hr>116</tpx1:hr><tpx1:cad>78</tpx1:cad></tpx1:TrackPointExtension></extensions></trkpt><trkpt lat="39.006866" lon="-105.045738"><time>2024-08-09T19:07:06.000Z</time><ele>2592</ele><extensions><power>242</power><tpx1:TrackPointExtension><tpx1:atemp>22</tpx1:atemp><tpx1:hr>116</tpx1:hr><tpx1:cad>74</tpx1:cad></tpx1:TrackPointExtension></extensions></trkpt><trkpt lat="39.00684" lon="-105.045708"><time>2024-08-09T19:07:07.000Z</time><ele>2592.2</ele><extensions><power>306</power><tpx1:TrackPointExtension><tpx1:atemp>22</tpx1:atemp><tpx1:hr>117</tpx1:hr><tpx1:cad>72</tpx1:cad></tpx1:TrackPointExtension></extensions></trkpt><trkpt lat="39.006805" lon="-105.045685"><time>2024-08-09T19:07:08.000Z</time><ele>2592.6</ele><extensions><power>322</power><tpx1:TrackPointExtension><tpx1:atemp>22</tpx1:atemp><tpx1:hr>118</tpx1:hr><tpx1:cad>71</tpx1:cad></tpx1:TrackPointExtension></extensions></trkpt><trkpt lat="39.006767" lon="-105.045677"><time>2024-08-09T19:07:09.000Z</time><ele>2592.8</ele><extensions><power>328</power><tpx1:TrackPointExtension><tpx1:atemp>22</tpx1:atemp><tpx1:hr>119</tpx1:hr><tpx1:cad>70</tpx1:cad></tpx1:TrackPointExtension></extensions></trkpt><trkpt lat="39.006725" lon="-105.045669"><time>2024-08-09T19:07:10.000Z</time><ele>2593</ele><extensions><power>322</power><tpx1:TrackPointExtension><tpx1:atemp>22</tpx1:atemp><tpx1:hr>119</tpx1:hr><tpx1:cad>69</tpx1:cad></tpx1:TrackPointExtension></extensions></trkpt><trkpt lat="39.006683" lon="-105.045669"><time>2024-08-09T19:07:11.000Z</time><ele>2593</ele><extensions><power>305</power><tpx1:TrackPointExtension><tpx1:atemp>22</tpx1:atemp><tpx1:hr>119</tpx1:hr><tpx1:cad>70</tpx1:cad></tpx1:TrackPointExtension></extensions></trkpt><trkpt lat="39.006641" lon="-105.045662"><time>2024-08-09T19:07:12.000Z</time><ele>2593.2</ele><extensions><power>292</power><tpx1:TrackPointExtension><tpx1:atemp>22</tpx1:atemp><tpx1:hr>120</tpx1:hr><tpx1:cad>73</tpx1:cad></tpx1:TrackPointExtension></extensions></trkpt><trkpt lat="39.006599" lon="-105.045662"><time>2024-08-09T19:07:13.000Z</time><ele>2593.4</ele><extensions><power>282</power><tpx1:TrackPointExtension><tpx1:atemp>22</tpx1:atemp><tpx1:hr>121</tpx1:hr><tpx1:cad>77</tpx1:cad></tpx1:TrackPointExtension></extensions></trkpt><trkpt lat="39.006557" lon="-105.045654"><time>2024-08-09T19:07:14.000Z</time><ele>2593.6</ele><extensions><power>268</power><tpx1:TrackPointExtension><tpx1:atemp>22</tpx1:atemp><tpx1:hr>121</tpx1:hr><tpx1:cad>75</tpx1:cad></tpx1:TrackPointExtension></extensions></trkpt><trkpt lat="39.006512" lon="-105.045654"><time>2024-08-09T19:07:15.000Z</time><ele>2593.6</ele><extensions><power>251</power><tpx1:TrackPointExtension><tpx1:atemp>22</tpx1:atemp><tpx1:hr>122</tpx1:hr><tpx1:cad>74</tpx1:cad></tpx1:TrackPointExtension></extensions></trkpt><trkpt lat="39.00647" lon="-105.045654"><time>2024-08-09T19:07:16.000Z</time><ele>2593.8</ele><extensions><power>256</power><tpx1:TrackPointExtension><tpx1:atemp>22</tpx1:atemp><tpx1:hr>122</tpx1:hr><tpx1:cad>76</tpx1:cad></tpx1:TrackPointExtension></extensions></trkpt><trkpt lat="39.006428" lon="-105.045654"><time>2024-08-09T19:07:17.000Z</time><ele>2594</ele><extensions><power>262</power><tpx1:TrackPointExtension><tpx1:atemp>22</tpx1:atemp><tpx1:hr>123</tpx1:hr><tpx1:cad>78</tpx1:cad></tpx1:TrackPointExtension></extensions></trkpt><trkpt lat="39.006382" lon="-105.045654"><time>2024-08-09T19:07:18.000Z</time><ele>2594</ele><extensions><power>259</power><tpx1:TrackPointExtension><tpx1:atemp>22</tpx1:atemp><tpx1:hr>123</tpx1:hr><tpx1:cad>79</tpx1:cad></tpx1:TrackPointExtension></extensions></trkpt><trkpt lat="39.006336" lon="-105.045654"><time>2024-08-09T19:07:19.000Z</time><ele>2594.2</ele><extensions><power>252</power><tpx1:TrackPointExtension><tpx1:atemp>22</tpx1:atemp><tpx1:hr>124</tpx1:hr><tpx1:cad>80</tpx1:cad></tpx1:TrackPointExtension></extensions></trkpt><trkpt lat="39.00629" lon="-105.045654"><time>2024-08-09T19:07:20.000Z</time><ele>2594.4</ele><extensions><power>275</power><tpx1:TrackPointExtension><tpx1:atemp>22</tpx1:atemp><tpx1:hr>125</tpx1:hr><tpx1:cad>80</tpx1:cad></tpx1:TrackPointExtension></extensions></trkpt><trkpt lat="39.006245" lon="-105.045654"><time>2024-08-09T19:07:21.000Z</time><ele>2594.4</ele><extensions><power>274</power><tpx1:TrackPointExtension><tpx1:atemp>22</tpx1:atemp><tpx1:hr>125</tpx1:hr><tpx1:cad>81</tpx1:cad></tpx1:TrackPointExtension></extensions></trkpt><trkpt lat="39.006203" lon="-105.045654"><time>2024-08-09T19:07:22.000Z</time><ele>2594.6</ele><extensions><power>277</power><tpx1:TrackPointExtension><tpx1:atemp>22</tpx1:atemp><tpx1:hr>126</tpx1:hr><tpx1:cad>82</tpx1:cad></tpx1:TrackPointExtension></extensions></trkpt><trkpt lat="39.006157" lon="-105.045662"><time>2024-08-09T19:07:23.000Z</time><ele>2594.6</ele><extensions><power>246</power><tpx1:TrackPointExtension><tpx1:atemp>22</tpx1:atemp><tpx1:hr>126</tpx1:hr><tpx1:cad>82</tpx1:cad></tpx1:TrackPointExtension></extensions></trkpt><trkpt lat="39.006111" lon="-105.045662"><time>2024-08-09T19:07:24.000Z</time><ele>2594.8</ele><extensions><power>240</power><tpx1:TrackPointExtension><tpx1:atemp>22</tpx1:atemp><tpx1:hr>126</tpx1:hr><tpx1:cad>81</tpx1:cad></tpx1:TrackPointExtension></extensions></trkpt><trkpt lat="39.006065" lon="-105.045662"><time>2024-08-09T19:07:25.000Z</time><ele>2595</ele><extensions><power>243</power><tpx1:TrackPointExtension><tpx1:atemp>22</tpx1:atemp><tpx1:hr>127</tpx1:hr><tpx1:cad>81</tpx1:cad></tpx1:TrackPointExtension></extensions></trkpt><trkpt lat="39.00602" lon="-105.045654"><time>2024-08-09T19:07:26.000Z</time><ele>2595.2</ele><extensions><power>240</power><tpx1:TrackPointExtension><tpx1:atemp>22</tpx1:atemp><tpx1:hr>127</tpx1:hr><tpx1:cad>81</tpx1:cad></tpx1:TrackPointExtension></extensions></trkpt><trkpt lat="39.005974" lon="-105.045654"><time>2024-08-09T19:07:27.000Z</time><ele>2595.6</ele><extensions><power>230</power><tpx1:TrackPointExtension><tpx1:atemp>22</tpx1:atemp><tpx1:hr>127</tpx1:hr><tpx1:cad>80</tpx1:cad></tpx1:TrackPointExtension></extensions></trkpt><trkpt lat="39.005928" lon="-105.045654"><time>2024-08-09T19:07:28.000Z</time><ele>2595.6</ele><extensions><power>225</power><tpx1:TrackPointExtension><tpx1:atemp>22</tpx1:atemp><tpx1:hr>127</tpx1:hr><tpx1:cad>79</tpx1:cad></tpx1:TrackPointExtension></extensions></trkpt><trkpt lat="39.005886" lon="-105.045654"><time>2024-08-09T19:07:29.000Z</time><ele>2595.8</ele><extensions><power>227</power><tpx1:TrackPointExtension><tpx1:atemp>22</tpx1:atemp><tpx1:hr>128</tpx1:hr><tpx1:cad>79</tpx1:cad></tpx1:TrackPointExtension></extensions></trkpt><trkpt lat="39.00584" lon="-105.045654"><time>2024-08-09T19:07:30.000Z</time><ele>2596</ele><extensions><power>226</power><tpx1:TrackPointExtension><tpx1:atemp>22</tpx1:atemp><tpx1:hr>128</tpx1:hr><tpx1:cad>79</tpx1:cad></tpx1:TrackPointExtension></extensions></trkpt><trkpt lat="39.005798" lon="-105.045654"><time>2024-08-09T19:07:31.000Z</time><ele>2596.2</ele><extensions><power>220</power><tpx1:TrackPointExtension><tpx1:atemp>22</tpx1:atemp><tpx1:hr>128</tpx1:hr><tpx1:cad>77</tpx1:cad></tpx1:TrackPointExtension></extensions></trkpt><trkpt lat="39.005756" lon="-105.045654"><time>2024-08-09T19:07:32.000Z</time><ele>2596.2</ele><extensions><power>228</power><tpx1:TrackPointExtension><tpx1:atemp>22</tpx1:atemp><tpx1:hr>128</tpx1:hr><tpx1:cad>77</tpx1:cad></tpx1:TrackPointExtension></extensions></trkpt><trkpt lat="39.005718" lon="-105.045662"><time>2024-08-09T19:07:33.000Z</time><ele>2596.4</ele><extensions><power>234</power><tpx1:TrackPointExtension><tpx1:atemp>22</tpx1:atemp><tpx1:hr>128</tpx1:hr><tpx1:cad>77</tpx1:cad></tpx1:TrackPointExtension></extensions></trkpt><trkpt lat="39.005672" lon="-105.045662"><time>2024-08-09T19:07:34.000Z</time><ele>2596.4</ele><extensions><power>247</power><tpx1:TrackPointExtension><tpx1:atemp>22</tpx1:atemp><tpx1:hr>128</tpx1:hr><tpx1:cad>78</tpx1:cad></tpx1:TrackPointExtension></extensions></trkpt><trkpt lat="39.005627" lon="-105.045662"><time>2024-08-09T19:07:35.000Z</time><ele>2596.6</ele><extensions><power>255</power><tpx1:TrackPointExtension><tpx1:atemp>22</tpx1:atemp><tpx1:hr>129</tpx1:hr><tpx1:cad>78</tpx1:cad></tpx1:TrackPointExtension></extensions></trkpt><trkpt lat="39.005585" lon="-105.045662"><time>2024-08-09T19:07:36.000Z</time><ele>2596.8</ele><extensions><power>259</power><tpx1:TrackPointExtension><tpx1:atemp>22</tpx1:atemp><tpx1:hr>129</tpx1:hr><tpx1:cad>79</tpx1:cad></tpx1:TrackPointExtension></extensions></trkpt><trkpt lat="39.005539" lon="-105.045662"><time>2024-08-09T19:07:37.000Z</time><ele>2597</ele><extensions><power>261</power><tpx1:TrackPointExtension><tpx1:atemp>22</tpx1:atemp><tpx1:hr>129</tpx1:hr><tpx1:cad>79</tpx1:cad></tpx1:TrackPointExtension></extensions></trkpt><trkpt lat="39.005493" lon="-105.045662"><time>2024-08-09T19:07:38.000Z</time><ele>2597.2</ele><extensions><power>249</power><tpx1:TrackPointExtension><tpx1:atemp>22</tpx1:atemp><tpx1:hr>129</tpx1:hr><tpx1:cad>79</tpx1:cad></tpx1:TrackPointExtension></extensions></trkpt><trkpt lat="39.005447" lon="-105.045662"><time>2024-08-09T19:07:39.000Z</time><ele>2597.4</ele><extensions><power>242</power><tpx1:TrackPointExtension><tpx1:atemp>22</tpx1:atemp><tpx1:hr>129</tpx1:hr><tpx1:cad>78</tpx1:cad></tpx1:TrackPointExtension></extensions></trkpt><trkpt lat="39.005405" lon="-105.045662"><time>2024-08-09T19:07:40.000Z</time><ele>2597.6</ele><extensions><power>242</power><tpx1:TrackPointExtension><tpx1:atemp>22</tpx1:atemp><tpx1:hr>129</tpx1:hr><tpx1:cad>78</tpx1:cad></tpx1:TrackPointExtension></extensions></trkpt><trkpt lat="39.005363" lon="-105.045662"><time>2024-08-09T19:07:41.000Z</time><ele>2597.8</ele><extensions><power>238</power><tpx1:TrackPointExtension><tpx1:atemp>22</tpx1:atemp><tpx1:hr>130</tpx1:hr><tpx1:cad>78</tpx1:cad></tpx1:TrackPointExtension></extensions></trkpt><trkpt lat="39.005322" lon="-105.045662"><time>2024-08-09T19:07:42.000Z</time><ele>2598</ele><extensions><power>240</power><tpx1:TrackPointExtension><tpx1:atemp>22</tpx1:atemp><tpx1:hr>131</tpx1:hr><tpx1:cad>77</tpx1:cad></tpx1:TrackPointExtension></extensions></trkpt><trkpt lat="39.00528" lon="-105.045654"><time>2024-08-09T19:07:43.000Z</time><ele>2598.2</ele><extensions><power>247</power><tpx1:TrackPointExtension><tpx1:atemp>22</tpx1:atemp><tpx1:hr>131</tpx1:hr><tpx1:cad>79</tpx1:cad></tpx1:TrackPointExtension></extensions></trkpt><trkpt lat="39.005238" lon="-105.045662"><time>2024-08-09T19:07:44.000Z</time><ele>2598.2</ele><extensions><power>259</power><tpx1:TrackPointExtension><tpx1:atemp>22</tpx1:atemp><tpx1:hr>131</tpx1:hr><tpx1:cad>78</tpx1:cad></tpx1:TrackPointExtension></extensions></trkpt><trkpt lat="39.005196" lon="-105.045662"><time>2024-08-09T19:07:45.000Z</time><ele>2598.4</ele><extensions><power>257</power><tpx1:TrackPointExtension><tpx1:atemp>22</tpx1:atemp><tpx1:hr>132</tpx1:hr><tpx1:cad>78</tpx1:cad></tpx1:TrackPointExtension></extensions></trkpt><trkpt lat="39.00515" lon="-105.045662"><time>2024-08-09T19:07:46.000Z</time><ele>2598.4</ele><extensions><power>258</power><tpx1:TrackPointExtension><tpx1:atemp>22</tpx1:atemp><tpx1:hr>132</tpx1:hr><tpx1:cad>79</tpx1:cad></tpx1:TrackPointExtension></extensions></trkpt><trkpt lat="39.005104" lon="-105.045662"><time>2024-08-09T19:07:47.000Z</time><ele>2598.6</ele><extensions><power>264</power><tpx1:TrackPointExtension><tpx1:atemp>22</tpx1:atemp><tpx1:hr>132</tpx1:hr><tpx1:cad>80</tpx1:cad></tpx1:TrackPointExtension></extensions></trkpt><trkpt lat="39.005058" lon="-105.045662"><time>2024-08-09T19:07:48.000Z</time><ele>2598.8</ele><extensions><power>269</power><tpx1:TrackPointExtension><tpx1:atemp>22</tpx1:atemp><tpx1:hr>132</tpx1:hr><tpx1:cad>81</tpx1:cad></tpx1:TrackPointExtension></extensions></trkpt><trkpt lat="39.005016" lon="-105.045662"><time>2024-08-09T19:07:49.000Z</time><ele>2598.8</ele><extensions><power>269</power><tpx1:TrackPointExtension><tpx1:atemp>22</tpx1:atemp><tpx1:hr>132</tpx1:hr><tpx1:cad>82</tpx1:cad></tpx1:TrackPointExtension></extensions></trkpt><trkpt lat="39.00497" lon="-105.045662"><time>2024-08-09T19:07:50.000Z</time><ele>2599</ele><extensions><power>247</power><tpx1:TrackPointExtension><tpx1:atemp>22</tpx1:atemp><tpx1:hr>133</tpx1:hr><tpx1:cad>80</tpx1:cad></tpx1:TrackPointExtension></extensions></trkpt><trkpt lat="39.004925" lon="-105.045669"><time>2024-08-09T19:07:51.000Z</time><ele>2599.2</ele><extensions><power>248</power><tpx1:TrackPointExtension><tpx1:atemp>22</tpx1:atemp><tpx1:hr>133</tpx1:hr><tpx1:cad>80</tpx1:cad></tpx1:TrackPointExtension></extensions></trkpt><trkpt lat="39.004879" lon="-105.045669"><time>2024-08-09T19:07:52.000Z</time><ele>2599.2</ele><extensions><power>251</power><tpx1:TrackPointExtension><tpx1:atemp>22</tpx1:atemp><tpx1:hr>133</tpx1:hr><tpx1:cad>79</tpx1:cad></tpx1:TrackPointExtension></extensions></trkpt><trkpt lat="39.004833" lon="-105.045669"><time>2024-08-09T19:07:53.000Z</time><ele>2599.4</ele><extensions><power>255</power><tpx1:TrackPointExtension><tpx1:atemp>22</tpx1:atemp><tpx1:hr>133</tpx1:hr><tpx1:cad>78</tpx1:cad></tpx1:TrackPointExtension></extensions></trkpt><trkpt lat="39.004791" lon="-105.045669"><time>2024-08-09T19:07:54.000Z</time><ele>2599.6</ele><extensions><power>274</power><tpx1:TrackPointExtension><tpx1:atemp>22</tpx1:atemp><tpx1:hr>133</tpx1:hr><tpx1:cad>78</tpx1:cad></tpx1:TrackPointExtension></extensions></trkpt><trkpt lat="39.004749" lon="-105.045669"><time>2024-08-09T19:07:55.000Z</time><ele>2599.6</ele><extensions><power>292</power><tpx1:TrackPointExtension><tpx1:atemp>22</tpx1:atemp><tpx1:hr>133</tpx1:hr><tpx1:cad>78</tpx1:cad></tpx1:TrackPointExtension></extensions></trkpt><trkpt lat="39.004704" lon="-105.045669"><time>2024-08-09T19:07:56.000Z</time><ele>2599.8</ele><extensions><power>299</power><tpx1:TrackPointExtension><tpx1:atemp>22</tpx1:atemp><tpx1:hr>133</tpx1:hr><tpx1:cad>81</tpx1:cad></tpx1:TrackPointExtension></extensions></trkpt><trkpt lat="39.004662" lon="-105.045669"><time>2024-08-09T19:07:57.000Z</time><ele>2599.8</ele><extensions><power>281</power><tpx1:TrackPointExtension><tpx1:atemp>22</tpx1:atemp><tpx1:hr>133</tpx1:hr><tpx1:cad>78</tpx1:cad></tpx1:TrackPointExtension></extensions></trkpt><trkpt lat="39.004616" lon="-105.045669"><time>2024-08-09T19:07:58.000Z</time><ele>2600</ele><extensions><power>259</power><tpx1:TrackPointExtension><tpx1:atemp>22</tpx1:atemp><tpx1:hr>133</tpx1:hr><tpx1:cad>76</tpx1:cad></tpx1:TrackPointExtension></extensions></trkpt><trkpt lat="39.004574" lon="-105.045669"><time>2024-08-09T19:07:59.000Z</time><ele>2600.2</ele><extensions><power>276</power><tpx1:TrackPointExtension><tpx1:atemp>22</tpx1:atemp><tpx1:hr>133</tpx1:hr><tpx1:cad>76</tpx1:cad></tpx1:TrackPointExtension></extensions></trkpt><trkpt lat="39.004532" lon="-105.045669"><time>2024-08-09T19:08:00.000Z</time><ele>2600.2</ele><extensions><power>291</power><tpx1:TrackPointExtension><tpx1:atemp>22</tpx1:atemp><tpx1:hr>134</tpx1:hr><tpx1:cad>75</tpx1:cad></tpx1:TrackPointExtension></extensions></trkpt><trkpt lat="39.00449" lon="-105.045669"><time>2024-08-09T19:08:01.000Z</time><ele>2600.4</ele><extensions><power>291</power><tpx1:TrackPointExtension><tpx1:atemp>22</tpx1:atemp><tpx1:hr>134</tpx1:hr><tpx1:cad>78</tpx1:cad></tpx1:TrackPointExtension></extensions></trkpt><trkpt lat="39.004444" lon="-105.045669"><time>2024-08-09T19:08:02.000Z</time><ele>2600.4</ele><extensions><power>292</power><tpx1:TrackPointExtension><tpx1:atemp>22</tpx1:atemp><tpx1:hr>135</tpx1:hr><tpx1:cad>76</tpx1:cad></tpx1:TrackPointExtension></extensions></trkpt><trkpt lat="39.004402" lon="-105.045669"><time>2024-08-09T19:08:03.000Z</time><ele>2600.6</ele><extensions><power>295</power><tpx1:TrackPointExtension><tpx1:atemp>22</tpx1:atemp><tpx1:hr>136</tpx1:hr><tpx1:cad>76</tpx1:cad></tpx1:TrackPointExtension></extensions></trkpt><trkpt lat="39.00436" lon="-105.045677"><time>2024-08-09T19:08:04.000Z</time><ele>2600.8</ele><extensions><power>306</power><tpx1:TrackPointExtension><tpx1:atemp>22</tpx1:atemp><tpx1:hr>137</tpx1:hr><tpx1:cad>77</tpx1:cad></tpx1:TrackPointExtension></extensions></trkpt><trkpt lat="39.004318" lon="-105.045677"><time>2024-08-09T19:08:05.000Z</time><ele>2601</ele><extensions><power>304</power><tpx1:TrackPointExtension><tpx1:atemp>22</tpx1:atemp><tpx1:hr>137</tpx1:hr><tpx1:cad>78</tpx1:cad></tpx1:TrackPointExtension></extensions></trkpt><trkpt lat="39.004272" lon="-105.045677"><time>2024-08-09T19:08:06.000Z</time><ele>2601.2</ele><extensions><power>301</power><tpx1:TrackPointExtension><tpx1:atemp>22</tpx1:atemp><tpx1:hr>138</tpx1:hr><tpx1:cad>78</tpx1:cad></tpx1:TrackPointExtension></extensions></trkpt><trkpt lat="39.00423" lon="-105.045677"><time>2024-08-09T19:08:07.000Z</time><ele>2601.6</ele><extensions><power>283</power><tpx1:TrackPointExtension><tpx1:atemp>22</tpx1:atemp><tpx1:hr>139</tpx1:hr><tpx1:cad>78</tpx1:cad></tpx1:TrackPointExtension></extensions></trkpt><trkpt lat="39.004189" lon="-105.045677"><time>2024-08-09T19:08:08.000Z</time><ele>2601.8</ele><extensions><power>256</power><tpx1:TrackPointExtension><tpx1:atemp>22</tpx1:atemp><tpx1:hr>139</tpx1:hr><tpx1:cad>76</tpx1:cad></tpx1:TrackPointExtension></extensions></trkpt><trkpt lat="39.004147" lon="-105.045677"><time>2024-08-09T19:08:09.000Z</time><ele>2602</ele><extensions><power>264</power><tpx1:TrackPointExtension><tpx1:atemp>22</tpx1:atemp><tpx1:hr>139</tpx1:hr><tpx1:cad>77</tpx1:cad></tpx1:TrackPointExtension></extensions></trkpt><trkpt lat="39.004101" lon="-105.045677"><time>2024-08-09T19:08:10.000Z</time><ele>2602.2</ele><extensions><power>276</power><tpx1:TrackPointExtension><tpx1:atemp>22</tpx1:atemp><tpx1:hr>140</tpx1:hr><tpx1:cad>76</tpx1:cad></tpx1:TrackPointExtension></extensions></trkpt><trkpt lat="39.004059" lon="-105.045677"><time>2024-08-09T19:08:11.000Z</time><ele>2602.4</ele><extensions><power>287</power><tpx1:TrackPointExtension><tpx1:atemp>22</tpx1:atemp><tpx1:hr>140</tpx1:hr><tpx1:cad>76</tpx1:cad></tpx1:TrackPointExtension></extensions></trkpt><trkpt lat="39.004013" lon="-105.045685"><time>2024-08-09T19:08:12.000Z</time><ele>2602.6</ele><extensions><power>296</power><tpx1:TrackPointExtension><tpx1:atemp>22</tpx1:atemp><tpx1:hr>140</tpx1:hr><tpx1:cad>77</tpx1:cad></tpx1:TrackPointExtension></extensions></trkpt><trkpt lat="39.003971" lon="-105.045685"><time>2024-08-09T19:08:13.000Z</time><ele>2602.8</ele><extensions><power>290</power><tpx1:TrackPointExtension><tpx1:atemp>22</tpx1:atemp><tpx1:hr>141</tpx1:hr><tpx1:cad>76</tpx1:cad></tpx1:TrackPointExtension></extensions></trkpt><trkpt lat="39.003925" lon="-105.045685"><time>2024-08-09T19:08:14.000Z</time><ele>2603</ele><extensions><power>277</power><tpx1:TrackPointExtension><tpx1:atemp>22</tpx1:atemp><tpx1:hr>141</tpx1:hr><tpx1:cad>76</tpx1:cad></tpx1:TrackPointExtension></extensions></trkpt><trkpt lat="39.003883" lon="-105.045685"><time>2024-08-09T19:08:15.000Z</time><ele>2603.2</ele><extensions><power>272</power><tpx1:TrackPointExtension><tpx1:atemp>22</tpx1:atemp><tpx1:hr>142</tpx1:hr><tpx1:cad>76</tpx1:cad></tpx1:TrackPointExtension></extensions></trkpt><trkpt lat="39.003841" lon="-105.045685"><time>2024-08-09T19:08:16.000Z</time><ele>2603.2</ele><extensions><power>270</power><tpx1:TrackPointExtension><tpx1:atemp>22</tpx1:atemp><tpx1:hr>142</tpx1:hr><tpx1:cad>75</tpx1:cad></tpx1:TrackPointExtension></extensions></trkpt><trkpt lat="39.003799" lon="-105.045685"><time>2024-08-09T19:08:17.000Z</time><ele>2603.4</ele><extensions><power>270</power><tpx1:TrackPointExtension><tpx1:atemp>22</tpx1:atemp><tpx1:hr>142</tpx1:hr><tpx1:cad>75</tpx1:cad></tpx1:TrackPointExtension></extensions></trkpt><trkpt lat="39.003757" lon="-105.045685"><time>2024-08-09T19:08:18.000Z</time><ele>2603.6</ele><extensions><power>261</power><tpx1:TrackPointExtension><tpx1:atemp>22</tpx1:atemp><tpx1:hr>142</tpx1:hr><tpx1:cad>76</tpx1:cad></tpx1:TrackPointExtension></extensions></trkpt><trkpt lat="39.003715" lon="-105.045692"><time>2024-08-09T19:08:19.000Z</time><ele>2603.8</ele><extensions><power>259</power><tpx1:TrackPointExtension><tpx1:atemp>22</tpx1:atemp><tpx1:hr>142</tpx1:hr><tpx1:cad>75</tpx1:cad></tpx1:TrackPointExtension></extensions></trkpt><trkpt lat="39.003674" lon="-105.045685"><time>2024-08-09T19:08:20.000Z</time><ele>2603.8</ele><extensions><power>258</power><tpx1:TrackPointExtension><tpx1:atemp>22</tpx1:atemp><tpx1:hr>143</tpx1:hr><tpx1:cad>75</tpx1:cad></tpx1:TrackPointExtension></extensions></trkpt><trkpt lat="39.003632" lon="-105.045685"><time>2024-08-09T19:08:21.000Z</time><ele>2604</ele><extensions><power>259</power><tpx1:TrackPointExtension><tpx1:atemp>22</tpx1:atemp><tpx1:hr>143</tpx1:hr><tpx1:cad>75</tpx1:cad></tpx1:TrackPointExtension></extensions></trkpt><trkpt lat="39.00359" lon="-105.045685"><time>2024-08-09T19:08:22.000Z</time><ele>2604.2</ele><extensions><power>263</power><tpx1:TrackPointExtension><tpx1:atemp>22</tpx1:atemp><tpx1:hr>143</tpx1:hr><tpx1:cad>75</tpx1:cad></tpx1:TrackPointExtension></extensions></trkpt><trkpt lat="39.003548" lon="-105.045685"><time>2024-08-09T19:08:23.000Z</time><ele>2604.4</ele><extensions><power>272</power><tpx1:TrackPointExtension><tpx1:atemp>22</tpx1:atemp><tpx1:hr>143</tpx1:hr><tpx1:cad>75</tpx1:cad></tpx1:TrackPointExtension></extensions></trkpt><trkpt lat="39.003506" lon="-105.045692"><time>2024-08-09T19:08:24.000Z</time><ele>2604.6</ele><extensions><power>277</power><tpx1:TrackPointExtension><tpx1:atemp>22</tpx1:atemp><tpx1:hr>143</tpx1:hr><tpx1:cad>78</tpx1:cad></tpx1:TrackPointExtension></extensions></trkpt><trkpt lat="39.00346" lon="-105.045692"><time>2024-08-09T19:08:25.000Z</time><ele>2604.6</ele><extensions><power>284</power><tpx1:TrackPointExtension><tpx1:atemp>22</tpx1:atemp><tpx1:hr>143</tpx1:hr><tpx1:cad>78</tpx1:cad></tpx1:TrackPointExtension></extensions></trkpt><trkpt lat="39.003418" lon="-105.045692"><time>2024-08-09T19:08:26.000Z</time><ele>2604.8</ele><extensions><power>281</power><tpx1:TrackPointExtension><tpx1:atemp>22</tpx1:atemp><tpx1:hr>143</tpx1:hr><tpx1:cad>77</tpx1:cad></tpx1:TrackPointExtension></extensions></trkpt><trkpt lat="39.003372" lon="-105.045692"><time>2024-08-09T19:08:27.000Z</time><ele>2605</ele><extensions><power>277</power><tpx1:TrackPointExtension><tpx1:atemp>22</tpx1:atemp><tpx1:hr>144</tpx1:hr><tpx1:cad>78</tpx1:cad></tpx1:TrackPointExtension></extensions></trkpt><trkpt lat="39.003326" lon="-105.045692"><time>2024-08-09T19:08:28.000Z</time><ele>2605.2</ele><extensions><power>273</power><tpx1:TrackPointExtension><tpx1:atemp>22</tpx1:atemp><tpx1:hr>144</tpx1:hr><tpx1:cad>78</tpx1:cad></tpx1:TrackPointExtension></extensions></trkpt><trkpt lat="39.003284" lon="-105.0457"><time>2024-08-09T19:08:29.000Z</time><ele>2605.4</ele><extensions><power>267</power><tpx1:TrackPointExtension><tpx1:atemp>22</tpx1:atemp><tpx1:hr>143</tpx1:hr><tpx1:cad>79</tpx1:cad></tpx1:TrackPointExtension></extensions></trkpt><trkpt lat="39.003239" lon="-105.0457"><time>2024-08-09T19:08:30.000Z</time><ele>2605.4</ele><extensions><power>268</power><tpx1:TrackPointExtension><tpx1:atemp>22</tpx1:atemp><tpx1:hr>143</tpx1:hr><tpx1:cad>81</tpx1:cad></tpx1:TrackPointExtension></extensions></trkpt><trkpt lat="39.003193" lon="-105.0457"><time>2024-08-09T19:08:31.000Z</time><ele>2605.4</ele><extensions><power>270</power><tpx1:TrackPointExtension><tpx1:atemp>22</tpx1:atemp><tpx1:hr>143</tpx1:hr><tpx1:cad>82</tpx1:cad></tpx1:TrackPointExtension></extensions></trkpt><trkpt lat="39.003147" lon="-105.0457"><time>2024-08-09T19:08:32.000Z</time><ele>2605.6</ele><extensions><power>265</power><tpx1:TrackPointExtension><tpx1:atemp>22</tpx1:atemp><tpx1:hr>143</tpx1:hr><tpx1:cad>81</tpx1:cad></tpx1:TrackPointExtension></extensions></trkpt><trkpt lat="39.003101" lon="-105.0457"><time>2024-08-09T19:08:33.000Z</time><ele>2605.6</ele><extensions><power>257</power><tpx1:TrackPointExtension><tpx1:atemp>22</tpx1:atemp><tpx1:hr>143</tpx1:hr><tpx1:cad>78</tpx1:cad></tpx1:TrackPointExtension></extensions></trkpt><trkpt lat="39.003059" lon="-105.0457"><time>2024-08-09T19:08:34.000Z</time><ele>2605.8</ele><extensions><power>261</power><tpx1:TrackPointExtension><tpx1:atemp>22</tpx1:atemp><tpx1:hr>143</tpx1:hr><tpx1:cad>76</tpx1:cad></tpx1:TrackPointExtension></extensions></trkpt><trkpt lat="39.003014" lon="-105.045708"><time>2024-08-09T19:08:35.000Z</time><ele>2605.8</ele><extensions><power>260</power><tpx1:TrackPointExtension><tpx1:atemp>22</tpx1:atemp><tpx1:hr>143</tpx1:hr><tpx1:cad>83</tpx1:cad></tpx1:TrackPointExtension></extensions></trkpt><trkpt lat="39.002968" lon="-105.045708"><time>2024-08-09T19:08:36.000Z</time><ele>2606</ele><extensions><power>247</power><tpx1:TrackPointExtension><tpx1:atemp>22</tpx1:atemp><tpx1:hr>143</tpx1:hr><tpx1:cad>81</tpx1:cad></tpx1:TrackPointExtension></extensions></trkpt><trkpt lat="39.002922" lon="-105.045708"><time>2024-08-09T19:08:37.000Z</time><ele>2606.2</ele><extensions><power>249</power><tpx1:TrackPointExtension><tpx1:atemp>22</tpx1:atemp><tpx1:hr>143</tpx1:hr><tpx1:cad>80</tpx1:cad></tpx1:TrackPointExtension></extensions></trkpt><trkpt lat="39.002876" lon="-105.0457"><time>2024-08-09T19:08:38.000Z</time><ele>2606.4</ele><extensions><power>268</power><tpx1:TrackPointExtension><tpx1:atemp>22</tpx1:atemp><tpx1:hr>143</tpx1:hr><tpx1:cad>82</tpx1:cad></tpx1:TrackPointExtension></extensions></trkpt><trkpt lat="39.002834" lon="-105.0457"><time>2024-08-09T19:08:39.000Z</time><ele>2606.4</ele><extensions><power>268</power><tpx1:TrackPointExtension><tpx1:atemp>22</tpx1:atemp><tpx1:hr>142</tpx1:hr><tpx1:cad>81</tpx1:cad></tpx1:TrackPointExtension></extensions></trkpt><trkpt lat="39.002789" lon="-105.0457"><time>2024-08-09T19:08:40.000Z</time><ele>2606.6</ele><extensions><power>253</power><tpx1:TrackPointExtension><tpx1:atemp>22</tpx1:atemp><tpx1:hr>142</tpx1:hr><tpx1:cad>81</tpx1:cad></tpx1:TrackPointExtension></extensions></trkpt><trkpt lat="39.002743" lon="-105.0457"><time>2024-08-09T19:08:41.000Z</time><ele>2606.8</ele><extensions><power>241</power><tpx1:TrackPointExtension><tpx1:atemp>22</tpx1:atemp><tpx1:hr>142</tpx1:hr><tpx1:cad>81</tpx1:cad></tpx1:TrackPointExtension></extensions></trkpt><trkpt lat="39.002697" lon="-105.0457"><time>2024-08-09T19:08:42.000Z</time><ele>2606.8</ele><extensions><power>234</power><tpx1:TrackPointExtension><tpx1:atemp>22</tpx1:atemp><tpx1:hr>142</tpx1:hr><tpx1:cad>81</tpx1:cad></tpx1:TrackPointExtension></extensions></trkpt><trkpt lat="39.002651" lon="-105.0457"><time>2024-08-09T19:08:43.000Z</time><ele>2607</ele><extensions><power>235</power><tpx1:TrackPointExtension><tpx1:atemp>22</tpx1:atemp><tpx1:hr>141</tpx1:hr><tpx1:cad>81</tpx1:cad></tpx1:TrackPointExtension></extensions></trkpt><trkpt lat="39.002605" lon="-105.0457"><time>2024-08-09T19:08:44.000Z</time><ele>2607</ele><extensions><power>236</power><tpx1:TrackPointExtension><tpx1:atemp>22</tpx1:atemp><tpx1:hr>141</tpx1:hr><tpx1:cad>81</tpx1:cad></tpx1:TrackPointExtension></extensions></trkpt><trkpt lat="39.00256" lon="-105.0457"><time>2024-08-09T19:08:45.000Z</time><ele>2607</ele><extensions><power>253</power><tpx1:TrackPointExtension><tpx1:atemp>22</tpx1:atemp><tpx1:hr>140</tpx1:hr><tpx1:cad>82</tpx1:cad></tpx1:TrackPointExtension></extensions></trkpt><trkpt lat="39.002518" lon="-105.0457"><time>2024-08-09T19:08:46.000Z</time><ele>2607.2</ele><extensions><power>253</power><tpx1:TrackPointExtension><tpx1:atemp>22</tpx1:atemp><tpx1:hr>140</tpx1:hr><tpx1:cad>83</tpx1:cad></tpx1:TrackPointExtension></extensions></trkpt><trkpt lat="39.002472" lon="-105.0457"><time>2024-08-09T19:08:47.000Z</time><ele>2607.2</ele><extensions><power>254</power><tpx1:TrackPointExtension><tpx1:atemp>22</tpx1:atemp><tpx1:hr>140</tpx1:hr><tpx1:cad>84</tpx1:cad></tpx1:TrackPointExtension></extensions></trkpt><trkpt lat="39.002422" lon="-105.0457"><time>2024-08-09T19:08:48.000Z</time><ele>2607.4</ele><extensions><power>255</power><tpx1:TrackPointExtension><tpx1:atemp>22</tpx1:atemp><tpx1:hr>140</tpx1:hr><tpx1:cad>86</tpx1:cad></tpx1:TrackPointExtension></extensions></trkpt><trkpt lat="39.002377" lon="-105.0457"><time>2024-08-09T19:08:49.000Z</time><ele>2607.6</ele><extensions><power>247</power><tpx1:TrackPointExtension><tpx1:atemp>22</tpx1:atemp><tpx1:hr>140</tpx1:hr><tpx1:cad>83</tpx1:cad></tpx1:TrackPointExtension></extensions></trkpt><trkpt lat="39.002331" lon="-105.0457"><time>2024-08-09T19:08:50.000Z</time><ele>2607.6</ele><extensions><power>243</power><tpx1:TrackPointExtension><tpx1:atemp>22</tpx1:atemp><tpx1:hr>141</tpx1:hr><tpx1:cad>83</tpx1:cad></tpx1:TrackPointExtension></extensions></trkpt><trkpt lat="39.002281" lon="-105.0457"><time>2024-08-09T19:08:51.000Z</time><ele>2607.6</ele><extensions><power>243</power><tpx1:TrackPointExtension><tpx1:atemp>22</tpx1:atemp><tpx1:hr>140</tpx1:hr><tpx1:cad>83</tpx1:cad></tpx1:TrackPointExtension></extensions></trkpt><trkpt lat="39.002235" lon="-105.045708"><time>2024-08-09T19:08:52.000Z</time><ele>2607.8</ele><extensions><power>244</power><tpx1:TrackPointExtension><tpx1:atemp>22</tpx1:atemp><tpx1:hr>140</tpx1:hr><tpx1:cad>83</tpx1:cad></tpx1:TrackPointExtension></extensions></trkpt><trkpt lat="39.00219" lon="-105.045708"><time>2024-08-09T19:08:53.000Z</time><ele>2608</ele><extensions><power>247</power><tpx1:TrackPointExtension><tpx1:atemp>22</tpx1:atemp><tpx1:hr>140</tpx1:hr><tpx1:cad>84</tpx1:cad></tpx1:TrackPointExtension></extensions></trkpt><trkpt lat="39.00214" lon="-105.045708"><time>2024-08-09T19:08:54.000Z</time><ele>2608.2</ele><extensions><power>232</power><tpx1:TrackPointExtension><tpx1:atemp>22</tpx1:atemp><tpx1:hr>140</tpx1:hr><tpx1:cad>84</tpx1:cad></tpx1:TrackPointExtension></extensions></trkpt><trkpt lat="39.002094" lon="-105.0457"><time>2024-08-09T19:08:55.000Z</time><ele>2608.2</ele><extensions><power>223</power><tpx1:TrackPointExtension><tpx1:atemp>22</tpx1:atemp><tpx1:hr>140</tpx1:hr><tpx1:cad>84</tpx1:cad></tpx1:TrackPointExtension></extensions></trkpt><trkpt lat="39.002045" lon="-105.0457"><time>2024-08-09T19:08:56.000Z</time><ele>2608.2</ele><extensions><power>226</power><tpx1:TrackPointExtension><tpx1:atemp>22</tpx1:atemp><tpx1:hr>140</tpx1:hr><tpx1:cad>84</tpx1:cad></tpx1:TrackPointExtension></extensions></trkpt><trkpt lat="39.001999" lon="-105.0457"><time>2024-08-09T19:08:57.000Z</time><ele>2608.2</ele><extensions><power>220</power><tpx1:TrackPointExtension><tpx1:atemp>22</tpx1:atemp><tpx1:hr>140</tpx1:hr><tpx1:cad>85</tpx1:cad></tpx1:TrackPointExtension></extensions></trkpt><trkpt lat="39.001949" lon="-105.0457"><time>2024-08-09T19:08:58.000Z</time><ele>2608.4</ele><extensions><power>217</power><tpx1:TrackPointExtension><tpx1:atemp>22</tpx1:atemp><tpx1:hr>140</tpx1:hr><tpx1:cad>85</tpx1:cad></tpx1:TrackPointExtension></extensions></trkpt><trkpt lat="39.001904" lon="-105.0457"><time>2024-08-09T19:08:59.000Z</time><ele>2608.6</ele><extensions><power>220</power><tpx1:TrackPointExtension><tpx1:atemp>22</tpx1:atemp><tpx1:hr>140</tpx1:hr><tpx1:cad>84</tpx1:cad></tpx1:TrackPointExtension></extensions></trkpt><trkpt lat="39.001854" lon="-105.0457"><time>2024-08-09T19:09:00.000Z</time><ele>2608.8</ele><extensions><power>226</power><tpx1:TrackPointExtension><tpx1:atemp>22</tpx1:atemp><tpx1:hr>140</tpx1:hr><tpx1:cad>85</tpx1:cad></tpx1:TrackPointExtension></extensions></trkpt><trkpt lat="39.001808" lon="-105.0457"><time>2024-08-09T19:09:01.000Z</time><ele>2608.8</ele><extensions><power>230</power><tpx1:TrackPointExtension><tpx1:atemp>22</tpx1:atemp><tpx1:hr>140</tpx1:hr><tpx1:cad>85</tpx1:cad></tpx1:TrackPointExtension></extensions></trkpt><trkpt lat="39.001762" lon="-105.0457"><time>2024-08-09T19:09:02.000Z</time><ele>2608.8</ele><extensions><power>228</power><tpx1:TrackPointExtension><tpx1:atemp>22</tpx1:atemp><tpx1:hr>139</tpx1:hr><tpx1:cad>84</tpx1:cad></tpx1:TrackPointExtension></extensions></trkpt><trkpt lat="39.001717" lon="-105.0457"><time>2024-08-09T19:09:03.000Z</time><ele>2609</ele><extensions><power>222</power><tpx1:TrackPointExtension><tpx1:atemp>22</tpx1:atemp><tpx1:hr>139</tpx1:hr><tpx1:cad>84</tpx1:cad></tpx1:TrackPointExtension></extensions></trkpt><trkpt lat="39.001667" lon="-105.0457"><time>2024-08-09T19:09:04.000Z</time><ele>2609.2</ele><extensions><power>220</power><tpx1:TrackPointExtension><tpx1:atemp>22</tpx1:atemp><tpx1:hr>139</tpx1:hr><tpx1:cad>84</tpx1:cad></tpx1:TrackPointExtension></extensions></trkpt><trkpt lat="39.001621" lon="-105.0457"><time>2024-08-09T19:09:05.000Z</time><ele>2609.2</ele><extensions><power>220</power><tpx1:TrackPointExtension><tpx1:atemp>22</tpx1:atemp><tpx1:hr>138</tpx1:hr><tpx1:cad>85</tpx1:cad></tpx1:TrackPointExtension></extensions></trkpt><trkpt lat="39.001575" lon="-105.0457"><time>2024-08-09T19:09:06.000Z</time><ele>2609</ele><extensions><power>225</power><tpx1:TrackPointExtension><tpx1:atemp>22</tpx1:atemp><tpx1:hr>138</tpx1:hr><tpx1:cad>84</tpx1:cad></tpx1:TrackPointExtension></extensions></trkpt><trkpt lat="39.00153" lon="-105.045708"><time>2024-08-09T19:09:07.000Z</time><ele>2609</ele><extensions><power>235</power><tpx1:TrackPointExtension><tpx1:atemp>22</tpx1:atemp><tpx1:hr>138</tpx1:hr><tpx1:cad>84</tpx1:cad></tpx1:TrackPointExtension></extensions></trkpt><trkpt lat="39.001484" lon="-105.045708"><time>2024-08-09T19:09:08.000Z</time><ele>2609</ele><extensions><power>244</power><tpx1:TrackPointExtension><tpx1:atemp>22</tpx1:atemp><tpx1:hr>138</tpx1:hr><tpx1:cad>84</tpx1:cad></tpx1:TrackPointExtension></extensions></trkpt><trkpt lat="39.001434" lon="-105.045708"><time>2024-08-09T19:09:09.000Z</time><ele>2609.2</ele><extensions><power>259</power><tpx1:TrackPointExtension><tpx1:atemp>22</tpx1:atemp><tpx1:hr>138</tpx1:hr><tpx1:cad>86</tpx1:cad></tpx1:TrackPointExtension></extensions></trkpt><trkpt lat="39.001389" lon="-105.045708"><time>2024-08-09T19:09:10.000Z</time><ele>2609.4</ele><extensions><power>259</power><tpx1:TrackPointExtension><tpx1:atemp>22</tpx1:atemp><tpx1:hr>138</tpx1:hr><tpx1:cad>85</tpx1:cad></tpx1:TrackPointExtension></extensions></trkpt><trkpt lat="39.001339" lon="-105.045708"><time>2024-08-09T19:09:11.000Z</time><ele>2609.6</ele><extensions><power>257</power><tpx1:TrackPointExtension><tpx1:atemp>22</tpx1:atemp><tpx1:hr>138</tpx1:hr><tpx1:cad>85</tpx1:cad></tpx1:TrackPointExtension></extensions></trkpt><trkpt lat="39.001293" lon="-105.045708"><time>2024-08-09T19:09:12.000Z</time><ele>2609.8</ele><extensions><power>260</power><tpx1:TrackPointExtension><tpx1:atemp>22</tpx1:atemp><tpx1:hr>138</tpx1:hr><tpx1:cad>84</tpx1:cad></tpx1:TrackPointExtension></extensions></trkpt><trkpt lat="39.001247" lon="-105.045708"><time>2024-08-09T19:09:13.000Z</time><ele>2610</ele><extensions><power>251</power><tpx1:TrackPointExtension><tpx1:atemp>22</tpx1:atemp><tpx1:hr>138</tpx1:hr><tpx1:cad>83</tpx1:cad></tpx1:TrackPointExtension></extensions></trkpt><trkpt lat="39.001202" lon="-105.045708"><time>2024-08-09T19:09:14.000Z</time><ele>2610</ele><extensions><power>238</power><tpx1:TrackPointExtension><tpx1:atemp>22</tpx1:atemp><tpx1:hr>138</tpx1:hr><tpx1:cad>82</tpx1:cad></tpx1:TrackPointExtension></extensions></trkpt><trkpt lat="39.001152" lon="-105.045708"><time>2024-08-09T19:09:15.000Z</time><ele>2610</ele><extensions><power>229</power><tpx1:TrackPointExtension><tpx1:atemp>22</tpx1:atemp><tpx1:hr>138</tpx1:hr><tpx1:cad>83</tpx1:cad></tpx1:TrackPointExtension></extensions></trkpt><trkpt lat="39.001106" lon="-105.045708"><time>2024-08-09T19:09:16.000Z</time><ele>2610</ele><extensions><power>227</power><tpx1:TrackPointExtension><tpx1:atemp>22</tpx1:atemp><tpx1:hr>137</tpx1:hr><tpx1:cad>84</tpx1:cad></tpx1:TrackPointExtension></extensions></trkpt><trkpt lat="39.001053" lon="-105.045708"><time>2024-08-09T19:09:17.000Z</time><ele>2610</ele><extensions><power>223</power><tpx1:TrackPointExtension><tpx1:atemp>22</tpx1:atemp><tpx1:hr>137</tpx1:hr><tpx1:cad>86</tpx1:cad></tpx1:TrackPointExtension></extensions></trkpt><trkpt lat="39.001007" lon="-105.045708"><time>2024-08-09T19:09:18.000Z</time><ele>2610.2</ele><extensions><power>219</power><tpx1:TrackPointExtension><tpx1:atemp>22</tpx1:atemp><tpx1:hr>137</tpx1:hr><tpx1:cad>87</tpx1:cad></tpx1:TrackPointExtension></extensions></trkpt><trkpt lat="39.000954" lon="-105.045708"><time>2024-08-09T19:09:19.000Z</time><ele>2610.2</ele><extensions><power>206</power><tpx1:TrackPointExtension><tpx1:atemp>22</tpx1:atemp><tpx1:hr>137</tpx1:hr><tpx1:cad>89</tpx1:cad></tpx1:TrackPointExtension></extensions></trkpt><trkpt lat="39.0009" lon="-105.045708"><time>2024-08-09T19:09:20.000Z</time><ele>2610</ele><extensions><power>194</power><tpx1:TrackPointExtension><tpx1:atemp>22</tpx1:atemp><tpx1:hr>137</tpx1:hr><tpx1:cad>88</tpx1:cad></tpx1:TrackPointExtension></extensions></trkpt><trkpt lat="39.000847" lon="-105.045708"><time>2024-08-09T19:09:21.000Z</time><ele>2609.8</ele><extensions><power>185</power><tpx1:TrackPointExtension><tpx1:atemp>22</tpx1:atemp><tpx1:hr>137</tpx1:hr><tpx1:cad>84</tpx1:cad></tpx1:TrackPointExtension></extensions></trkpt><trkpt lat="39.00079" lon="-105.045708"><time>2024-08-09T19:09:22.000Z</time><ele>2609.6</ele><extensions><power>187</power><tpx1:TrackPointExtension><tpx1:atemp>22</tpx1:atemp><tpx1:hr>136</tpx1:hr><tpx1:cad>88</tpx1:cad></tpx1:TrackPointExtension></extensions></trkpt><trkpt lat="39.000732" lon="-105.045715"><time>2024-08-09T19:09:23.000Z</time><ele>2609.6</ele><extensions><power>186</power><tpx1:TrackPointExtension><tpx1:atemp>22</tpx1:atemp><tpx1:hr>136</tpx1:hr><tpx1:cad>88</tpx1:cad></tpx1:TrackPointExtension></extensions></trkpt><trkpt lat="39.000675" lon="-105.045715"><time>2024-08-09T19:09:24.000Z</time><ele>2609.4</ele><extensions><power>176</power><tpx1:TrackPointExtension><tpx1:atemp>22</tpx1:atemp><tpx1:hr>136</tpx1:hr><tpx1:cad>81</tpx1:cad></tpx1:TrackPointExtension></extensions></trkpt><trkpt lat="39.000614" lon="-105.045715"><time>2024-08-09T19:09:25.000Z</time><ele>2609.4</ele><extensions><power>138</power><tpx1:TrackPointExtension><tpx1:atemp>22</tpx1:atemp><tpx1:hr>136</tpx1:hr><tpx1:cad>82</tpx1:cad></tpx1:TrackPointExtension></extensions></trkpt><trkpt lat="39.000553" lon="-105.045715"><time>2024-08-09T19:09:26.000Z</time><ele>2609.4</ele><extensions><power>142</power><tpx1:TrackPointExtension><tpx1:atemp>22</tpx1:atemp><tpx1:hr>135</tpx1:hr><tpx1:cad>83</tpx1:cad></tpx1:TrackPointExtension></extensions></trkpt><trkpt lat="39.000492" lon="-105.045723"><time>2024-08-09T19:09:27.000Z</time><ele>2609.2</ele><extensions><power>148</power><tpx1:TrackPointExtension><tpx1:atemp>22</tpx1:atemp><tpx1:hr>135</tpx1:hr><tpx1:cad>84</tpx1:cad></tpx1:TrackPointExtension></extensions></trkpt><trkpt lat="39.000431" lon="-105.045723"><time>2024-08-09T19:09:28.000Z</time><ele>2609</ele><extensions><power>150</power><tpx1:TrackPointExtension><tpx1:atemp>22</tpx1:atemp><tpx1:hr>134</tpx1:hr><tpx1:cad>85</tpx1:cad></tpx1:TrackPointExtension></extensions></trkpt><trkpt lat="39.00037" lon="-105.045723"><time>2024-08-09T19:09:29.000Z</time><ele>2608.8</ele><extensions><power>153</power><tpx1:TrackPointExtension><tpx1:atemp>22</tpx1:atemp><tpx1:hr>134</tpx1:hr><tpx1:cad>86</tpx1:cad></tpx1:TrackPointExtension></extensions></trkpt><trkpt lat="39.000305" lon="-105.045731"><time>2024-08-09T19:09:30.000Z</time><ele>2608.6</ele><extensions><power>157</power><tpx1:TrackPointExtension><tpx1:atemp>22</tpx1:atemp><tpx1:hr>134</tpx1:hr><tpx1:cad>87</tpx1:cad></tpx1:TrackPointExtension></extensions></trkpt><trkpt lat="39.00024" lon="-105.045731"><time>2024-08-09T19:09:31.000Z</time><ele>2608.6</ele><extensions><power>162</power><tpx1:TrackPointExtension><tpx1:atemp>22</tpx1:atemp><tpx1:hr>133</tpx1:hr><tpx1:cad>87</tpx1:cad></tpx1:TrackPointExtension></extensions></trkpt><trkpt lat="39.000172" lon="-105.045746"><time>2024-08-09T19:09:32.000Z</time><ele>2608.4</ele><extensions><power>161</power><tpx1:TrackPointExtension><tpx1:atemp>22</tpx1:atemp><tpx1:hr>131</tpx1:hr><tpx1:cad>83</tpx1:cad></tpx1:TrackPointExtension></extensions></trkpt><trkpt lat="39.000103" lon="-105.045753"><time>2024-08-09T19:09:33.000Z</time><ele>2608.4</ele><extensions><power>152</power><tpx1:TrackPointExtension><tpx1:atemp>22</tpx1:atemp><tpx1:hr>130</tpx1:hr><tpx1:cad>85</tpx1:cad></tpx1:TrackPointExtension></extensions></trkpt><trkpt lat="39.000038" lon="-105.045769"><time>2024-08-09T19:09:34.000Z</time><ele>2608</ele><extensions><power>153</power><tpx1:TrackPointExtension><tpx1:atemp>22</tpx1:atemp><tpx1:hr>128</tpx1:hr><tpx1:cad>85</tpx1:cad></tpx1:TrackPointExtension></extensions></trkpt><trkpt lat="38.999973" lon="-105.045784"><time>2024-08-09T19:09:35.000Z</time><ele>2607.8</ele><extensions><power>156</power><tpx1:TrackPointExtension><tpx1:atemp>22</tpx1:atemp><tpx1:hr>127</tpx1:hr><tpx1:cad>86</tpx1:cad></tpx1:TrackPointExtension></extensions></trkpt><trkpt lat="38.999908" lon="-105.045799"><time>2024-08-09T19:09:36.000Z</time><ele>2607.8</ele><extensions><power>156</power><tpx1:TrackPointExtension><tpx1:atemp>22</tpx1:atemp><tpx1:hr>126</tpx1:hr><tpx1:cad>87</tpx1:cad></tpx1:TrackPointExtension></extensions></trkpt><trkpt lat="38.99984" lon="-105.045815"><time>2024-08-09T19:09:37.000Z</time><ele>2607.6</ele><extensions><power>157</power><tpx1:TrackPointExtension><tpx1:atemp>22</tpx1:atemp><tpx1:hr>126</tpx1:hr><tpx1:cad>87</tpx1:cad></tpx1:TrackPointExtension></extensions></trkpt><trkpt lat="38.999771" lon="-105.04583"><time>2024-08-09T19:09:38.000Z</time><ele>2607.4</ele><extensions><power>155</power><tpx1:TrackPointExtension><tpx1:atemp>22</tpx1:atemp><tpx1:hr>126</tpx1:hr><tpx1:cad>83</tpx1:cad></tpx1:TrackPointExtension></extensions></trkpt><trkpt lat="38.999702" lon="-105.045853"><time>2024-08-09T19:09:39.000Z</time><ele>2607.2</ele><extensions><power>145</power><tpx1:TrackPointExtension><tpx1:atemp>22</tpx1:atemp><tpx1:hr>126</tpx1:hr><tpx1:cad>80</tpx1:cad></tpx1:TrackPointExtension></extensions></trkpt><trkpt lat="38.999638" lon="-105.045876"><time>2024-08-09T19:09:40.000Z</time><ele>2607.2</ele><extensions><power>144</power><tpx1:TrackPointExtension><tpx1:atemp>22</tpx1:atemp><tpx1:hr>126</tpx1:hr><tpx1:cad>80</tpx1:cad></tpx1:TrackPointExtension></extensions></trkpt><trkpt lat="38.999569" lon="-105.045898"><time>2024-08-09T19:09:41.000Z</time><ele>2607.2</ele><extensions><power>149</power><tpx1:TrackPointExtension><tpx1:atemp>22</tpx1:atemp><tpx1:hr>126</tpx1:hr><tpx1:cad>79</tpx1:cad></tpx1:TrackPointExtension></extensions></trkpt><trkpt lat="38.9995" lon="-105.045929"><time>2024-08-09T19:09:42.000Z</time><ele>2607</ele><extensions><power>143</power><tpx1:TrackPointExtension><tpx1:atemp>22</tpx1:atemp><tpx1:hr>126</tpx1:hr><tpx1:cad>81</tpx1:cad></tpx1:TrackPointExtension></extensions></trkpt><trkpt lat="38.999435" lon="-105.045967"><time>2024-08-09T19:09:43.000Z</time><ele>2606.8</ele><extensions><power>143</power><tpx1:TrackPointExtension><tpx1:atemp>22</tpx1:atemp><tpx1:hr>126</tpx1:hr><tpx1:cad>82</tpx1:cad></tpx1:TrackPointExtension></extensions></trkpt><trkpt lat="38.999367" lon="-105.04599"><time>2024-08-09T19:09:44.000Z</time><ele>2606.6</ele><extensions><power>145</power><tpx1:TrackPointExtension><tpx1:atemp>22</tpx1:atemp><tpx1:hr>125</tpx1:hr><tpx1:cad>83</tpx1:cad></tpx1:TrackPointExtension></extensions></trkpt><trkpt lat="38.999294" lon="-105.046028"><time>2024-08-09T19:09:45.000Z</time><ele>2606.4</ele><extensions><power>114</power><tpx1:TrackPointExtension><tpx1:atemp>22</tpx1:atemp><tpx1:hr>123</tpx1:hr><tpx1:cad>70</tpx1:cad></tpx1:TrackPointExtension></extensions></trkpt><trkpt lat="38.999226" lon="-105.046059"><time>2024-08-09T19:09:46.000Z</time><ele>2606.2</ele><extensions><power>74</power><tpx1:TrackPointExtension><tpx1:atemp>22</tpx1:atemp><tpx1:hr>122</tpx1:hr><tpx1:cad>55</tpx1:cad></tpx1:TrackPointExtension></extensions></trkpt><trkpt lat="38.999153" lon="-105.046097"><time>2024-08-09T19:09:47.000Z</time><ele>2605.8</ele><extensions><power>34</power><tpx1:TrackPointExtension><tpx1:atemp>22</tpx1:atemp><tpx1:hr>120</tpx1:hr><tpx1:cad>39</tpx1:cad></tpx1:TrackPointExtension></extensions></trkpt><trkpt lat="38.999081" lon="-105.046135"><time>2024-08-09T19:09:48.000Z</time><ele>2605.4</ele><extensions><power>9</power><tpx1:TrackPointExtension><tpx1:atemp>22</tpx1:atemp><tpx1:hr>119</tpx1:hr><tpx1:cad>82</tpx1:cad></tpx1:TrackPointExtension></extensions></trkpt><trkpt lat="38.999004" lon="-105.046165"><time>2024-08-09T19:09:49.000Z</time><ele>2605.2</ele><extensions><power>20</power><tpx1:TrackPointExtension><tpx1:atemp>22</tpx1:atemp><tpx1:hr>119</tpx1:hr><tpx1:cad>72</tpx1:cad></tpx1:TrackPointExtension></extensions></trkpt><trkpt lat="38.998928" lon="-105.046204"><time>2024-08-09T19:09:50.000Z</time><ele>2604.8</ele><extensions><power>77</power><tpx1:TrackPointExtension><tpx1:atemp>22</tpx1:atemp><tpx1:hr>119</tpx1:hr><tpx1:cad>71</tpx1:cad></tpx1:TrackPointExtension></extensions></trkpt><trkpt lat="38.998848" lon="-105.046242"><time>2024-08-09T19:09:51.000Z</time><ele>2604.4</ele><extensions><power>96</power><tpx1:TrackPointExtension><tpx1:atemp>22</tpx1:atemp><tpx1:hr>118</tpx1:hr><tpx1:cad>73</tpx1:cad></tpx1:TrackPointExtension></extensions></trkpt><trkpt lat="38.998772" lon="-105.04628"><time>2024-08-09T19:09:52.000Z</time><ele>2604</ele><extensions><power>102</power><tpx1:TrackPointExtension><tpx1:atemp>22</tpx1:atemp><tpx1:hr>118</tpx1:hr><tpx1:cad>74</tpx1:cad></tpx1:TrackPointExtension></extensions></trkpt><trkpt lat="38.998692" lon="-105.046318"><time>2024-08-09T19:09:53.000Z</time><ele>2603.6</ele><extensions><power>104</power><tpx1:TrackPointExtension><tpx1:atemp>22</tpx1:atemp><tpx1:hr>117</tpx1:hr><tpx1:cad>75</tpx1:cad></tpx1:TrackPointExtension></extensions></trkpt><trkpt lat="38.998611" lon="-105.046356"><time>2024-08-09T19:09:54.000Z</time><ele>2603.2</ele><extensions><power>109</power><tpx1:TrackPointExtension><tpx1:atemp>22</tpx1:atemp><tpx1:hr>116</tpx1:hr><tpx1:cad>76</tpx1:cad></tpx1:TrackPointExtension></extensions></trkpt><trkpt lat="38.998531" lon="-105.046394"><time>2024-08-09T19:09:55.000Z</time><ele>2602.8</ele><extensions><power>110</power><tpx1:TrackPointExtension><tpx1:atemp>22</tpx1:atemp><tpx1:hr>116</tpx1:hr><tpx1:cad>76</tpx1:cad></tpx1:TrackPointExtension></extensions></trkpt><trkpt lat="38.998451" lon="-105.046432"><time>2024-08-09T19:09:56.000Z</time><ele>2602.4</ele><extensions><power>90</power><tpx1:TrackPointExtension><tpx1:atemp>22</tpx1:atemp><tpx1:hr>114</tpx1:hr><tpx1:cad>59</tpx1:cad></tpx1:TrackPointExtension></extensions></trkpt><trkpt lat="38.998367" lon="-105.046471"><time>2024-08-09T19:09:57.000Z</time><ele>2602</ele><extensions><power>66</power><tpx1:TrackPointExtension><tpx1:atemp>22</tpx1:atemp><tpx1:hr>112</tpx1:hr><tpx1:cad>39</tpx1:cad></tpx1:TrackPointExtension></extensions></trkpt><trkpt lat="38.998283" lon="-105.046509"><time>2024-08-09T19:09:58.000Z</time><ele>2601.4</ele><extensions><power>41</power><tpx1:TrackPointExtension><tpx1:atemp>22</tpx1:atemp><tpx1:hr>110</tpx1:hr><tpx1:cad>19</tpx1:cad></tpx1:TrackPointExtension></extensions></trkpt><trkpt lat="38.998199" lon="-105.046547"><time>2024-08-09T19:09:59.000Z</time><ele>2601</ele><extensions><power>0</power><tpx1:TrackPointExtension><tpx1:atemp>22</tpx1:atemp><tpx1:hr>108</tpx1:hr><tpx1:cad>0</tpx1:cad></tpx1:TrackPointExtension></extensions></trkpt><trkpt lat="38.998119" lon="-105.046585"><time>2024-08-09T19:10:00.000Z</time><ele>2600.6</ele><extensions><power>0</power><tpx1:TrackPointExtension><tpx1:atemp>22</tpx1:atemp><tpx1:hr>107</tpx1:hr><tpx1:cad>0</tpx1:cad></tpx1:TrackPointExtension></extensions></trkpt><trkpt lat="38.998035" lon="-105.046631"><time>2024-08-09T19:10:01.000Z</time><ele>2600.2</ele><extensions><power>0</power><tpx1:TrackPointExtension><tpx1:atemp>22</tpx1:atemp><tpx1:hr>103</tpx1:hr><tpx1:cad>0</tpx1:cad></tpx1:TrackPointExtension></extensions></trkpt><trkpt lat="38.997951" lon="-105.046669"><time>2024-08-09T19:10:02.000Z</time><ele>2599.8</ele><extensions><power>0</power><tpx1:TrackPointExtension><tpx1:atemp>22</tpx1:atemp><tpx1:hr>102</tpx1:hr><tpx1:cad>0</tpx1:cad></tpx1:TrackPointExtension></extensions></trkpt><trkpt lat="38.997868" lon="-105.046707"><time>2024-08-09T19:10:03.000Z</time><ele>2599.4</ele><extensions><power>0</power><tpx1:TrackPointExtension><tpx1:atemp>22</tpx1:atemp><tpx1:hr>100</tpx1:hr><tpx1:cad>0</tpx1:cad></tpx1:TrackPointExtension></extensions></trkpt><trkpt lat="38.997787" lon="-105.046745"><time>2024-08-09T19:10:04.000Z</time><ele>2599.2</ele><extensions><power>0</power><tpx1:TrackPointExtension><tpx1:atemp>22</tpx1:atemp><tpx1:hr>97</tpx1:hr><tpx1:cad>0</tpx1:cad></tpx1:TrackPointExtension></extensions></trkpt><trkpt lat="38.997711" lon="-105.046791"><time>2024-08-09T19:10:05.000Z</time><ele>2599</ele><extensions><power>0</power><tpx1:TrackPointExtension><tpx1:atemp>22</tpx1:atemp><tpx1:hr>94</tpx1:hr><tpx1:cad>0</tpx1:cad></tpx1:TrackPointExtension></extensions></trkpt><trkpt lat="38.997631" lon="-105.046829"><time>2024-08-09T19:10:06.000Z</time><ele>2598.6</ele><extensions><power>0</power><tpx1:TrackPointExtension><tpx1:atemp>22</tpx1:atemp><tpx1:hr>93</tpx1:hr><tpx1:cad>0</tpx1:cad></tpx1:TrackPointExtension></extensions></trkpt><trkpt lat="38.997543" lon="-105.04686"><time>2024-08-09T19:10:07.000Z</time><ele>2598.4</ele><extensions><power>0</power><tpx1:TrackPointExtension><tpx1:atemp>22</tpx1:atemp><tpx1:hr>91</tpx1:hr><tpx1:cad>0</tpx1:cad></tpx1:TrackPointExtension></extensions></trkpt><trkpt lat="38.997463" lon="-105.046898"><time>2024-08-09T19:10:08.000Z</time><ele>2598.2</ele><extensions><power>0</power><tpx1:TrackPointExtension><tpx1:atemp>22</tpx1:atemp><tpx1:hr>88</tpx1:hr><tpx1:cad>0</tpx1:cad></tpx1:TrackPointExtension></extensions></trkpt><trkpt lat="38.997383" lon="-105.046936"><time>2024-08-09T19:10:09.000Z</time><ele>2598</ele><extensions><power>0</power><tpx1:TrackPointExtension><tpx1:atemp>22</tpx1:atemp><tpx1:hr>87</tpx1:hr><tpx1:cad>0</tpx1:cad></tpx1:TrackPointExtension></extensions></trkpt><trkpt lat="38.997303" lon="-105.046974"><time>2024-08-09T19:10:10.000Z</time><ele>2597.8</ele><extensions><power>0</power><tpx1:TrackPointExtension><tpx1:atemp>22</tpx1:atemp><tpx1:hr>86</tpx1:hr><tpx1:cad>0</tpx1:cad></tpx1:TrackPointExtension></extensions></trkpt><trkpt lat="38.997227" lon="-105.047012"><time>2024-08-09T19:10:11.000Z</time><ele>2597.6</ele><extensions><power>0</power><tpx1:TrackPointExtension><tpx1:atemp>22</tpx1:atemp><tpx1:hr>85</tpx1:hr><tpx1:cad>0</tpx1:cad></tpx1:TrackPointExtension></extensions></trkpt><trkpt lat="38.997147" lon="-105.04705"><time>2024-08-09T19:10:12.000Z</time><ele>2597.2</ele><extensions><power>0</power><tpx1:TrackPointExtension><tpx1:atemp>22</tpx1:atemp><tpx1:hr>84</tpx1:hr><tpx1:cad>0</tpx1:cad></tpx1:TrackPointExtension></extensions></trkpt><trkpt lat="38.99707" lon="-105.047089"><time>2024-08-09T19:10:13.000Z</time><ele>2597</ele><extensions><power>0</power><tpx1:TrackPointExtension><tpx1:atemp>22</tpx1:atemp><tpx1:hr>84</tpx1:hr><tpx1:cad>0</tpx1:cad></tpx1:TrackPointExtension></extensions></trkpt><trkpt lat="38.99699" lon="-105.047127"><time>2024-08-09T19:10:14.000Z</time><ele>2596.8</ele><extensions><power>0</power><tpx1:TrackPointExtension><tpx1:atemp>22</tpx1:atemp><tpx1:hr>83</tpx1:hr><tpx1:cad>0</tpx1:cad></tpx1:TrackPointExtension></extensions></trkpt><trkpt lat="38.996918" lon="-105.047165"><time>2024-08-09T19:10:15.000Z</time><ele>2596.6</ele><extensions><power>9</power><tpx1:TrackPointExtension><tpx1:atemp>22</tpx1:atemp><tpx1:hr>81</tpx1:hr><tpx1:cad>56</tpx1:cad></tpx1:TrackPointExtension></extensions></trkpt><trkpt lat="38.996838" lon="-105.047211"><time>2024-08-09T19:10:16.000Z</time><ele>2596.4</ele><extensions><power>22</power><tpx1:TrackPointExtension><tpx1:atemp>22</tpx1:atemp><tpx1:hr>79</tpx1:hr><tpx1:cad>72</tpx1:cad></tpx1:TrackPointExtension></extensions></trkpt><trkpt lat="38.996761" lon="-105.047249"><time>2024-08-09T19:10:17.000Z</time><ele>2596.2</ele><extensions><power>33</power><tpx1:TrackPointExtension><tpx1:atemp>22</tpx1:atemp><tpx1:hr>78</tpx1:hr><tpx1:cad>55</tpx1:cad></tpx1:TrackPointExtension></extensions></trkpt><trkpt lat="38.996681" lon="-105.047287"><time>2024-08-09T19:10:18.000Z</time><ele>2595.6</ele><extensions><power>45</power><tpx1:TrackPointExtension><tpx1:atemp>22</tpx1:atemp><tpx1:hr>77</tpx1:hr><tpx1:cad>37</tpx1:cad></tpx1:TrackPointExtension></extensions></trkpt><trkpt lat="38.996605" lon="-105.047333"><time>2024-08-09T19:10:19.000Z</time><ele>2595.4</ele><extensions><power>56</power><tpx1:TrackPointExtension><tpx1:atemp>22</tpx1:atemp><tpx1:hr>77</tpx1:hr><tpx1:cad>20</tpx1:cad></tpx1:TrackPointExtension></extensions></trkpt><trkpt lat="38.996525" lon="-105.047363"><time>2024-08-09T19:10:20.000Z</time><ele>2595</ele><extensions><power>0</power><tpx1:TrackPointExtension><tpx1:atemp>22</tpx1:atemp><tpx1:hr>77</tpx1:hr><tpx1:cad>3</tpx1:cad></tpx1:TrackPointExtension></extensions></trkpt><trkpt lat="38.996449" lon="-105.047394"><time>2024-08-09T19:10:21.000Z</time><ele>2594.6</ele><extensions><power>0</power><tpx1:TrackPointExtension><tpx1:atemp>22</tpx1:atemp><tpx1:hr>77</tpx1:hr><tpx1:cad>0</tpx1:cad></tpx1:TrackPointExtension></extensions></trkpt><trkpt lat="38.996365" lon="-105.047409"><time>2024-08-09T19:10:22.000Z</time><ele>2594.2</ele><extensions><power>0</power><tpx1:TrackPointExtension><tpx1:atemp>22</tpx1:atemp><tpx1:hr>78</tpx1:hr><tpx1:cad>0</tpx1:cad></tpx1:TrackPointExtension></extensions></trkpt><trkpt lat="38.996277" lon="-105.047417"><time>2024-08-09T19:10:23.000Z</time><ele>2593.8</ele><extensions><power>0</power><tpx1:TrackPointExtension><tpx1:atemp>22</tpx1:atemp><tpx1:hr>79</tpx1:hr><tpx1:cad>0</tpx1:cad></tpx1:TrackPointExtension></extensions></trkpt><trkpt lat="38.996189" lon="-105.047424"><time>2024-08-09T19:10:24.000Z</time><ele>2593.2</ele><extensions><power>0</power><tpx1:TrackPointExtension><tpx1:atemp>22</tpx1:atemp><tpx1:hr>80</tpx1:hr><tpx1:cad>0</tpx1:cad></tpx1:TrackPointExtension></extensions></trkpt><trkpt lat="38.996101" lon="-105.047417"><time>2024-08-09T19:10:25.000Z</time><ele>2592.8</ele><extensions><power>0</power><tpx1:TrackPointExtension><tpx1:atemp>22</tpx1:atemp><tpx1:hr>80</tpx1:hr><tpx1:cad>0</tpx1:cad></tpx1:TrackPointExtension></extensions></trkpt><trkpt lat="38.99601" lon="-105.047409"><time>2024-08-09T19:10:26.000Z</time><ele>2592.6</ele><extensions><power>0</power><tpx1:TrackPointExtension><tpx1:atemp>22</tpx1:atemp><tpx1:hr>80</tpx1:hr><tpx1:cad>0</tpx1:cad></tpx1:TrackPointExtension></extensions></trkpt><trkpt lat="38.995914" lon="-105.047401"><time>2024-08-09T19:10:27.000Z</time><ele>2592.2</ele><extensions><power>0</power><tpx1:TrackPointExtension><tpx1:atemp>22</tpx1:atemp><tpx1:hr>81</tpx1:hr><tpx1:cad>0</tpx1:cad></tpx1:TrackPointExtension></extensions></trkpt><trkpt lat="38.995819" lon="-105.047394"><time>2024-08-09T19:10:28.000Z</time><ele>2591.8</ele><extensions><power>0</power><tpx1:TrackPointExtension><tpx1:atemp>22</tpx1:atemp><tpx1:hr>81</tpx1:hr><tpx1:cad>0</tpx1:cad></tpx1:TrackPointExtension></extensions></trkpt><trkpt lat="38.995728" lon="-105.047386"><time>2024-08-09T19:10:29.000Z</time><ele>2591.2</ele><extensions><power>0</power><tpx1:TrackPointExtension><tpx1:atemp>22</tpx1:atemp><tpx1:hr>81</tpx1:hr><tpx1:cad>0</tpx1:cad></tpx1:TrackPointExtension></extensions></trkpt><trkpt lat="38.995632" lon="-105.047371"><time>2024-08-09T19:10:30.000Z</time><ele>2590.8</ele><extensions><power>0</power><tpx1:TrackPointExtension><tpx1:atemp>22</tpx1:atemp><tpx1:hr>81</tpx1:hr><tpx1:cad>0</tpx1:cad></tpx1:TrackPointExtension></extensions></trkpt><trkpt lat="38.995544" lon="-105.047363"><time>2024-08-09T19:10:31.000Z</time><ele>2590.6</ele><extensions><power>0</power><tpx1:TrackPointExtension><tpx1:atemp>22</tpx1:atemp><tpx1:hr>81</tpx1:hr><tpx1:cad>0</tpx1:cad></tpx1:TrackPointExtension></extensions></trkpt><trkpt lat="38.995457" lon="-105.047356"><time>2024-08-09T19:10:32.000Z</time><ele>2590.4</ele><extensions><power>9</power><tpx1:TrackPointExtension><tpx1:atemp>22</tpx1:atemp><tpx1:hr>81</tpx1:hr><tpx1:cad>58</tpx1:cad></tpx1:TrackPointExtension></extensions></trkpt><trkpt lat="38.995369" lon="-105.047348"><time>2024-08-09T19:10:33.000Z</time><ele>2590.2</ele><extensions><power>72</power><tpx1:TrackPointExtension><tpx1:atemp>22</tpx1:atemp><tpx1:hr>82</tpx1:hr><tpx1:cad>81</tpx1:cad></tpx1:TrackPointExtension></extensions></trkpt><trkpt lat="38.995274" lon="-105.04734"><time>2024-08-09T19:10:34.000Z</time><ele>2590</ele><extensions><power>134</power><tpx1:TrackPointExtension><tpx1:atemp>22</tpx1:atemp><tpx1:hr>82</tpx1:hr><tpx1:cad>81</tpx1:cad></tpx1:TrackPointExtension></extensions></trkpt><trkpt lat="38.995186" lon="-105.047333"><time>2024-08-09T19:10:35.000Z</time><ele>2589.6</ele><extensions><power>130</power><tpx1:TrackPointExtension><tpx1:atemp>22</tpx1:atemp><tpx1:hr>81</tpx1:hr><tpx1:cad>71</tpx1:cad></tpx1:TrackPointExtension></extensions></trkpt><trkpt lat="38.995098" lon="-105.047317"><time>2024-08-09T19:10:36.000Z</time><ele>2589.4</ele><extensions><power>115</power><tpx1:TrackPointExtension><tpx1:atemp>22</tpx1:atemp><tpx1:hr>81</tpx1:hr><tpx1:cad>47</tpx1:cad></tpx1:TrackPointExtension></extensions></trkpt><trkpt lat="38.995018" lon="-105.047302"><time>2024-08-09T19:10:37.000Z</time><ele>2589.2</ele><extensions><power>100</power><tpx1:TrackPointExtension><tpx1:atemp>22</tpx1:atemp><tpx1:hr>81</tpx1:hr><tpx1:cad>22</tpx1:cad></tpx1:TrackPointExtension></extensions></trkpt><trkpt lat="38.994949" lon="-105.047295"><time>2024-08-09T19:10:38.000Z</time><ele>2589.2</ele><extensions><power>0</power><tpx1:TrackPointExtension><tpx1:atemp>22</tpx1:atemp><tpx1:hr>83</tpx1:hr><tpx1:cad>0</tpx1:cad></tpx1:TrackPointExtension></extensions></trkpt><trkpt lat="38.994904" lon="-105.047295"><time>2024-08-09T19:10:39.000Z</time><ele>2589.2</ele><extensions><power>0</power><tpx1:TrackPointExtension><tpx1:atemp>22</tpx1:atemp><tpx1:hr>83</tpx1:hr><tpx1:cad>0</tpx1:cad></tpx1:TrackPointExtension></extensions></trkpt><trkpt lat="38.994884" lon="-105.047295"><time>2024-08-09T19:10:40.000Z</time><ele>2589.2</ele><extensions><power>0</power><tpx1:TrackPointExtension><tpx1:atemp>22</tpx1:atemp><tpx1:hr>83</tpx1:hr><tpx1:cad>0</tpx1:cad></tpx1:TrackPointExtension></extensions></trkpt><trkpt lat="38.994877" lon="-105.047302"><time>2024-08-09T19:10:41.000Z</time><ele>2589.2</ele><extensions><power>0</power><tpx1:TrackPointExtension><tpx1:atemp>22</tpx1:atemp><tpx1:hr>84</tpx1:hr><tpx1:cad>0</tpx1:cad></tpx1:TrackPointExtension></extensions></trkpt><trkpt lat="38.994865" lon="-105.047302"><time>2024-08-09T19:10:42.000Z</time><ele>2589.2</ele><extensions><power>0</power><tpx1:TrackPointExtension><tpx1:atemp>22</tpx1:atemp><tpx1:hr>84</tpx1:hr><tpx1:cad>0</tpx1:cad></tpx1:TrackPointExtension></extensions></trkpt><trkpt lat="38.994839" lon="-105.047302"><time>2024-08-09T19:10:43.000Z</time><ele>2589</ele><extensions><power>0</power><tpx1:TrackPointExtension><tpx1:atemp>22</tpx1:atemp><tpx1:hr>84</tpx1:hr><tpx1:cad>0</tpx1:cad></tpx1:TrackPointExtension></extensions></trkpt><trkpt lat="38.994808" lon="-105.04731"><time>2024-08-09T19:10:44.000Z</time><ele>2589</ele><extensions><power>0</power><tpx1:TrackPointExtension><tpx1:atemp>22</tpx1:atemp><tpx1:hr>84</tpx1:hr><tpx1:cad>0</tpx1:cad></tpx1:TrackPointExtension></extensions></trkpt><trkpt lat="38.994762" lon="-105.047302"><time>2024-08-09T19:10:45.000Z</time><ele>2588.8</ele><extensions><power>0</power><tpx1:TrackPointExtension><tpx1:atemp>22</tpx1:atemp><tpx1:hr>84</tpx1:hr><tpx1:cad>0</tpx1:cad></tpx1:TrackPointExtension></extensions></trkpt><trkpt lat="38.994713" lon="-105.047302"><time>2024-08-09T19:10:46.000Z</time><ele>2588.6</ele><extensions><power>102</power><tpx1:TrackPointExtension><tpx1:atemp>22</tpx1:atemp><tpx1:hr>84</tpx1:hr><tpx1:cad>24</tpx1:cad></tpx1:TrackPointExtension></extensions></trkpt><trkpt lat="38.994656" lon="-105.047295"><time>2024-08-09T19:10:47.000Z</time><ele>2588.2</ele><extensions><power>180</power><tpx1:TrackPointExtension><tpx1:atemp>22</tpx1:atemp><tpx1:hr>84</tpx1:hr><tpx1:cad>49</tpx1:cad></tpx1:TrackPointExtension></extensions></trkpt><trkpt lat="38.994595" lon="-105.047287"><time>2024-08-09T19:10:48.000Z</time><ele>2587.8</ele><extensions><power>253</power><tpx1:TrackPointExtension><tpx1:atemp>22</tpx1:atemp><tpx1:hr>84</tpx1:hr><tpx1:cad>56</tpx1:cad></tpx1:TrackPointExtension></extensions></trkpt><trkpt lat="38.994526" lon="-105.047287"><time>2024-08-09T19:10:49.000Z</time><ele>2587.6</ele><extensions><power>243</power><tpx1:TrackPointExtension><tpx1:atemp>22</tpx1:atemp><tpx1:hr>87</tpx1:hr><tpx1:cad>62</tpx1:cad></tpx1:TrackPointExtension></extensions></trkpt><trkpt lat="38.994453" lon="-105.047279"><time>2024-08-09T19:10:50.000Z</time><ele>2587.2</ele><extensions><power>236</power><tpx1:TrackPointExtension><tpx1:atemp>22</tpx1:atemp><tpx1:hr>94</tpx1:hr><tpx1:cad>69</tpx1:cad></tpx1:TrackPointExtension></extensions></trkpt><trkpt lat="38.994377" lon="-105.047272"><time>2024-08-09T19:10:51.000Z</time><ele>2587</ele><extensions><power>237</power><tpx1:TrackPointExtension><tpx1:atemp>22</tpx1:atemp><tpx1:hr>99</tpx1:hr><tpx1:cad>72</tpx1:cad></tpx1:TrackPointExtension></extensions></trkpt><trkpt lat="38.994301" lon="-105.047264"><time>2024-08-09T19:10:52.000Z</time><ele>2586.8</ele><extensions><power>212</power><tpx1:TrackPointExtension><tpx1:atemp>22</tpx1:atemp><tpx1:hr>110</tpx1:hr><tpx1:cad>76</tpx1:cad></tpx1:TrackPointExtension></extensions></trkpt><trkpt lat="38.994221" lon="-105.047264"><time>2024-08-09T19:10:53.000Z</time><ele>2586.6</ele><extensions><power>176</power><tpx1:TrackPointExtension><tpx1:atemp>22</tpx1:atemp><tpx1:hr>113</tpx1:hr><tpx1:cad>80</tpx1:cad></tpx1:TrackPointExtension></extensions></trkpt><trkpt lat="38.994141" lon="-105.047256"><time>2024-08-09T19:10:54.000Z</time><ele>2586.2</ele><extensions><power>150</power><tpx1:TrackPointExtension><tpx1:atemp>22</tpx1:atemp><tpx1:hr>115</tpx1:hr><tpx1:cad>84</tpx1:cad></tpx1:TrackPointExtension></extensions></trkpt><trkpt lat="38.994057" lon="-105.047256"><time>2024-08-09T19:10:55.000Z</time><ele>2585.6</ele><extensions><power>143</power><tpx1:TrackPointExtension><tpx1:atemp>22</tpx1:atemp><tpx1:hr>115</tpx1:hr><tpx1:cad>86</tpx1:cad></tpx1:TrackPointExtension></extensions></trkpt><trkpt lat="38.993969" lon="-105.047249"><time>2024-08-09T19:10:56.000Z</time><ele>2585</ele><extensions><power>132</power><tpx1:TrackPointExtension><tpx1:atemp>22</tpx1:atemp><tpx1:hr>115</tpx1:hr><tpx1:cad>89</tpx1:cad></tpx1:TrackPointExtension></extensions></trkpt><trkpt lat="38.993881" lon="-105.047241"><time>2024-08-09T19:10:57.000Z</time><ele>2584.6</ele><extensions><power>116</power><tpx1:TrackPointExtension><tpx1:atemp>22</tpx1:atemp><tpx1:hr>114</tpx1:hr><tpx1:cad>84</tpx1:cad></tpx1:TrackPointExtension></extensions></trkpt><trkpt lat="38.993793" lon="-105.047234"><time>2024-08-09T19:10:58.000Z</time><ele>2584.4</ele><extensions><power>103</power><tpx1:TrackPointExtension><tpx1:atemp>22</tpx1:atemp><tpx1:hr>114</tpx1:hr><tpx1:cad>72</tpx1:cad></tpx1:TrackPointExtension></extensions></trkpt><trkpt lat="38.993706" lon="-105.047234"><time>2024-08-09T19:10:59.000Z</time><ele>2584</ele><extensions><power>90</power><tpx1:TrackPointExtension><tpx1:atemp>22</tpx1:atemp><tpx1:hr>114</tpx1:hr><tpx1:cad>49</tpx1:cad></tpx1:TrackPointExtension></extensions></trkpt><trkpt lat="38.993618" lon="-105.047226"><time>2024-08-09T19:11:00.000Z</time><ele>2583.6</ele><extensions><power>77</power><tpx1:TrackPointExtension><tpx1:atemp>22</tpx1:atemp><tpx1:hr>114</tpx1:hr><tpx1:cad>26</tpx1:cad></tpx1:TrackPointExtension></extensions></trkpt><trkpt lat="38.993534" lon="-105.047218"><time>2024-08-09T19:11:01.000Z</time><ele>2583.2</ele><extensions><power>0</power><tpx1:TrackPointExtension><tpx1:atemp>22</tpx1:atemp><tpx1:hr>114</tpx1:hr><tpx1:cad>3</tpx1:cad></tpx1:TrackPointExtension></extensions></trkpt><trkpt lat="38.993446" lon="-105.047218"><time>2024-08-09T19:11:02.000Z</time><ele>2582.8</ele><extensions><power>0</power><tpx1:TrackPointExtension><tpx1:atemp>22</tpx1:atemp><tpx1:hr>114</tpx1:hr><tpx1:cad>0</tpx1:cad></tpx1:TrackPointExtension></extensions></trkpt><trkpt lat="38.993362" lon="-105.047211"><time>2024-08-09T19:11:03.000Z</time><ele>2582.4</ele><extensions><power>0</power><tpx1:TrackPointExtension><tpx1:atemp>22</tpx1:atemp><tpx1:hr>113</tpx1:hr><tpx1:cad>0</tpx1:cad></tpx1:TrackPointExtension></extensions></trkpt><trkpt lat="38.993275" lon="-105.047203"><time>2024-08-09T19:11:04.000Z</time><ele>2582</ele><extensions><power>14</power><tpx1:TrackPointExtension><tpx1:atemp>22</tpx1:atemp><tpx1:hr>113</tpx1:hr><tpx1:cad>22</tpx1:cad></tpx1:TrackPointExtension></extensions></trkpt><trkpt lat="38.993191" lon="-105.047195"><time>2024-08-09T19:11:05.000Z</time><ele>2581.6</ele><extensions><power>38</power><tpx1:TrackPointExtension><tpx1:atemp>22</tpx1:atemp><tpx1:hr>111</tpx1:hr><tpx1:cad>77</tpx1:cad></tpx1:TrackPointExtension></extensions></trkpt><trkpt lat="38.993103" lon="-105.047195"><time>2024-08-09T19:11:06.000Z</time><ele>2581.2</ele><extensions><power>107</power><tpx1:TrackPointExtension><tpx1:atemp>22</tpx1:atemp><tpx1:hr>109</tpx1:hr><tpx1:cad>77</tpx1:cad></tpx1:TrackPointExtension></extensions></trkpt><trkpt lat="38.993019" lon="-105.047188"><time>2024-08-09T19:11:07.000Z</time><ele>2581</ele><extensions><power>132</power><tpx1:TrackPointExtension><tpx1:atemp>22</tpx1:atemp><tpx1:hr>107</tpx1:hr><tpx1:cad>61</tpx1:cad></tpx1:TrackPointExtension></extensions></trkpt><trkpt lat="38.992931" lon="-105.04718"><time>2024-08-09T19:11:08.000Z</time><ele>2580.8</ele><extensions><power>98</power><tpx1:TrackPointExtension><tpx1:atemp>22</tpx1:atemp><tpx1:hr>106</tpx1:hr><tpx1:cad>43</tpx1:cad></tpx1:TrackPointExtension></extensions></trkpt><trkpt lat="38.992844" lon="-105.04718"><time>2024-08-09T19:11:09.000Z</time><ele>2580.6</ele><extensions><power>66</power><tpx1:TrackPointExtension><tpx1:atemp>22</tpx1:atemp><tpx1:hr>106</tpx1:hr><tpx1:cad>28</tpx1:cad></tpx1:TrackPointExtension></extensions></trkpt><trkpt lat="38.99276" lon="-105.047172"><time>2024-08-09T19:11:10.000Z</time><ele>2580.4</ele><extensions><power>34</power><tpx1:TrackPointExtension><tpx1:atemp>22</tpx1:atemp><tpx1:hr>105</tpx1:hr><tpx1:cad>13</tpx1:cad></tpx1:TrackPointExtension></extensions></trkpt><trkpt lat="38.99268" lon="-105.047165"><time>2024-08-09T19:11:11.000Z</time><ele>2580.2</ele><extensions><power>0</power><tpx1:TrackPointExtension><tpx1:atemp>22</tpx1:atemp><tpx1:hr>106</tpx1:hr><tpx1:cad>0</tpx1:cad></tpx1:TrackPointExtension></extensions></trkpt><trkpt lat="38.992603" lon="-105.047157"><time>2024-08-09T19:11:12.000Z</time><ele>2580</ele><extensions><power>0</power><tpx1:TrackPointExtension><tpx1:atemp>22</tpx1:atemp><tpx1:hr>107</tpx1:hr><tpx1:cad>0</tpx1:cad></tpx1:TrackPointExtension></extensions></trkpt><trkpt lat="38.992527" lon="-105.04715"><time>2024-08-09T19:11:13.000Z</time><ele>2579.8</ele><extensions><power>8</power><tpx1:TrackPointExtension><tpx1:atemp>22</tpx1:atemp><tpx1:hr>107</tpx1:hr><tpx1:cad>18</tpx1:cad></tpx1:TrackPointExtension></extensions></trkpt><trkpt lat="38.992447" lon="-105.04715"><time>2024-08-09T19:11:14.000Z</time><ele>2579.6</ele><extensions><power>29</power><tpx1:TrackPointExtension><tpx1:atemp>22</tpx1:atemp><tpx1:hr>107</tpx1:hr><tpx1:cad>63</tpx1:cad></tpx1:TrackPointExtension></extensions></trkpt><trkpt lat="38.992367" lon="-105.047142"><time>2024-08-09T19:11:15.000Z</time><ele>2579.4</ele><extensions><power>104</power><tpx1:TrackPointExtension><tpx1:atemp>22</tpx1:atemp><tpx1:hr>106</tpx1:hr><tpx1:cad>71</tpx1:cad></tpx1:TrackPointExtension></extensions></trkpt><trkpt lat="38.992287" lon="-105.047142"><time>2024-08-09T19:11:16.000Z</time><ele>2579.2</ele><extensions><power>141</power><tpx1:TrackPointExtension><tpx1:atemp>22</tpx1:atemp><tpx1:hr>105</tpx1:hr><tpx1:cad>71</tpx1:cad></tpx1:TrackPointExtension></extensions></trkpt><trkpt lat="38.992207" lon="-105.047134"><time>2024-08-09T19:11:17.000Z</time><ele>2578.8</ele><extensions><power>179</power><tpx1:TrackPointExtension><tpx1:atemp>22</tpx1:atemp><tpx1:hr>103</tpx1:hr><tpx1:cad>72</tpx1:cad></tpx1:TrackPointExtension></extensions></trkpt><trkpt lat="38.992123" lon="-105.047127"><time>2024-08-09T19:11:18.000Z</time><ele>2578.2</ele><extensions><power>190</power><tpx1:TrackPointExtension><tpx1:atemp>22</tpx1:atemp><tpx1:hr>101</tpx1:hr><tpx1:cad>73</tpx1:cad></tpx1:TrackPointExtension></extensions></trkpt><trkpt lat="38.992035" lon="-105.047127"><time>2024-08-09T19:11:19.000Z</time><ele>2577.8</ele><extensions><power>179</power><tpx1:TrackPointExtension><tpx1:atemp>22</tpx1:atemp><tpx1:hr>101</tpx1:hr><tpx1:cad>75</tpx1:cad></tpx1:TrackPointExtension></extensions></trkpt><trkpt lat="38.991951" lon="-105.047119"><time>2024-08-09T19:11:20.000Z</time><ele>2577.4</ele><extensions><power>172</power><tpx1:TrackPointExtension><tpx1:atemp>22</tpx1:atemp><tpx1:hr>102</tpx1:hr><tpx1:cad>76</tpx1:cad></tpx1:TrackPointExtension></extensions></trkpt><trkpt lat="38.991867" lon="-105.047111"><time>2024-08-09T19:11:21.000Z</time><ele>2577.2</ele><extensions><power>176</power><tpx1:TrackPointExtension><tpx1:atemp>22</tpx1:atemp><tpx1:hr>104</tpx1:hr><tpx1:cad>78</tpx1:cad></tpx1:TrackPointExtension></extensions></trkpt><trkpt lat="38.991776" lon="-105.047111"><time>2024-08-09T19:11:22.000Z</time><ele>2577</ele><extensions><power>179</power><tpx1:TrackPointExtension><tpx1:atemp>22</tpx1:atemp><tpx1:hr>105</tpx1:hr><tpx1:cad>79</tpx1:cad></tpx1:TrackPointExtension></extensions></trkpt><trkpt lat="38.991688" lon="-105.047104"><time>2024-08-09T19:11:23.000Z</time><ele>2576.8</ele><extensions><power>180</power><tpx1:TrackPointExtension><tpx1:atemp>22</tpx1:atemp><tpx1:hr>107</tpx1:hr><tpx1:cad>79</tpx1:cad></tpx1:TrackPointExtension></extensions></trkpt><trkpt lat="38.991596" lon="-105.047104"><time>2024-08-09T19:11:24.000Z</time><ele>2576.6</ele><extensions><power>181</power><tpx1:TrackPointExtension><tpx1:atemp>22</tpx1:atemp><tpx1:hr>109</tpx1:hr><tpx1:cad>79</tpx1:cad></tpx1:TrackPointExtension></extensions></trkpt><trkpt lat="38.991512" lon="-105.047096"><time>2024-08-09T19:11:25.000Z</time><ele>2576.4</ele><extensions><power>183</power><tpx1:TrackPointExtension><tpx1:atemp>22</tpx1:atemp><tpx1:hr>110</tpx1:hr><tpx1:cad>80</tpx1:cad></tpx1:TrackPointExtension></extensions></trkpt><trkpt lat="38.991425" lon="-105.047089"><time>2024-08-09T19:11:26.000Z</time><ele>2576.4</ele><extensions><power>191</power><tpx1:TrackPointExtension><tpx1:atemp>22</tpx1:atemp><tpx1:hr>110</tpx1:hr><tpx1:cad>79</tpx1:cad></tpx1:TrackPointExtension></extensions></trkpt><trkpt lat="38.991329" lon="-105.047089"><time>2024-08-09T19:11:27.000Z</time><ele>2576.4</ele><extensions><power>196</power><tpx1:TrackPointExtension><tpx1:atemp>22</tpx1:atemp><tpx1:hr>111</tpx1:hr><tpx1:cad>80</tpx1:cad></tpx1:TrackPointExtension></extensions></trkpt><trkpt lat="38.991245" lon="-105.047081"><time>2024-08-09T19:11:28.000Z</time><ele>2576.2</ele><extensions><power>191</power><tpx1:TrackPointExtension><tpx1:atemp>22</tpx1:atemp><tpx1:hr>112</tpx1:hr><tpx1:cad>79</tpx1:cad></tpx1:TrackPointExtension></extensions></trkpt><trkpt lat="38.991158" lon="-105.047073"><time>2024-08-09T19:11:29.000Z</time><ele>2576</ele><extensions><power>186</power><tpx1:TrackPointExtension><tpx1:atemp>22</tpx1:atemp><tpx1:hr>112</tpx1:hr><tpx1:cad>77</tpx1:cad></tpx1:TrackPointExtension></extensions></trkpt><trkpt lat="38.991074" lon="-105.047073"><time>2024-08-09T19:11:30.000Z</time><ele>2576</ele><extensions><power>176</power><tpx1:TrackPointExtension><tpx1:atemp>22</tpx1:atemp><tpx1:hr>113</tpx1:hr><tpx1:cad>77</tpx1:cad></tpx1:TrackPointExtension></extensions></trkpt><trkpt lat="38.99099" lon="-105.047066"><time>2024-08-09T19:11:31.000Z</time><ele>2576</ele><extensions><power>166</power><tpx1:TrackPointExtension><tpx1:atemp>22</tpx1:atemp><tpx1:hr>114</tpx1:hr><tpx1:cad>76</tpx1:cad></tpx1:TrackPointExtension></extensions></trkpt><trkpt lat="38.990906" lon="-105.047058"><time>2024-08-09T19:11:32.000Z</time><ele>2576</ele><extensions><power>193</power><tpx1:TrackPointExtension><tpx1:atemp>22</tpx1:atemp><tpx1:hr>115</tpx1:hr><tpx1:cad>76</tpx1:cad></tpx1:TrackPointExtension></extensions></trkpt><trkpt lat="38.990822" lon="-105.047058"><time>2024-08-09T19:11:33.000Z</time><ele>2575.8</ele><extensions><power>194</power><tpx1:TrackPointExtension><tpx1:atemp>22</tpx1:atemp><tpx1:hr>115</tpx1:hr><tpx1:cad>74</tpx1:cad></tpx1:TrackPointExtension></extensions></trkpt><trkpt lat="38.990738" lon="-105.04705"><time>2024-08-09T19:11:34.000Z</time><ele>2575.6</ele><extensions><power>193</power><tpx1:TrackPointExtension><tpx1:atemp>22</tpx1:atemp><tpx1:hr>116</tpx1:hr><tpx1:cad>74</tpx1:cad></tpx1:TrackPointExtension></extensions></trkpt><trkpt lat="38.990658" lon="-105.04705"><time>2024-08-09T19:11:35.000Z</time><ele>2575.6</ele><extensions><power>192</power><tpx1:TrackPointExtension><tpx1:atemp>22</tpx1:atemp><tpx1:hr>117</tpx1:hr><tpx1:cad>74</tpx1:cad></tpx1:TrackPointExtension></extensions></trkpt><trkpt lat="38.990578" lon="-105.04705"><time>2024-08-09T19:11:36.000Z</time><ele>2575.6</ele><extensions><power>175</power><tpx1:TrackPointExtension><tpx1:atemp>22</tpx1:atemp><tpx1:hr>117</tpx1:hr><tpx1:cad>74</tpx1:cad></tpx1:TrackPointExtension></extensions></trkpt><trkpt lat="38.990494" lon="-105.047043"><time>2024-08-09T19:11:37.000Z</time><ele>2575.4</ele><extensions><power>169</power><tpx1:TrackPointExtension><tpx1:atemp>22</tpx1:atemp><tpx1:hr>117</tpx1:hr><tpx1:cad>72</tpx1:cad></tpx1:TrackPointExtension></extensions></trkpt><trkpt lat="38.990414" lon="-105.047043"><time>2024-08-09T19:11:38.000Z</time><ele>2575.2</ele><extensions><power>162</power><tpx1:TrackPointExtension><tpx1:atemp>22</tpx1:atemp><tpx1:hr>118</tpx1:hr><tpx1:cad>73</tpx1:cad></tpx1:TrackPointExtension></extensions></trkpt><trkpt lat="38.99033" lon="-105.047043"><time>2024-08-09T19:11:39.000Z</time><ele>2575</ele><extensions><power>157</power><tpx1:TrackPointExtension><tpx1:atemp>22</tpx1:atemp><tpx1:hr>119</tpx1:hr><tpx1:cad>73</tpx1:cad></tpx1:TrackPointExtension></extensions></trkpt><trkpt lat="38.990246" lon="-105.047035"><time>2024-08-09T19:11:40.000Z</time><ele>2574.6</ele><extensions><power>153</power><tpx1:TrackPointExtension><tpx1:atemp>22</tpx1:atemp><tpx1:hr>119</tpx1:hr><tpx1:cad>73</tpx1:cad></tpx1:TrackPointExtension></extensions></trkpt><trkpt lat="38.990162" lon="-105.047035"><time>2024-08-09T19:11:41.000Z</time><ele>2574.4</ele><extensions><power>150</power><tpx1:TrackPointExtension><tpx1:atemp>22</tpx1:atemp><tpx1:hr>120</tpx1:hr><tpx1:cad>75</tpx1:cad></tpx1:TrackPointExtension></extensions></trkpt><trkpt lat="38.990078" lon="-105.047028"><time>2024-08-09T19:11:42.000Z</time><ele>2574</ele><extensions><power>150</power><tpx1:TrackPointExtension><tpx1:atemp>22</tpx1:atemp><tpx1:hr>120</tpx1:hr><tpx1:cad>74</tpx1:cad></tpx1:TrackPointExtension></extensions></trkpt><trkpt lat="38.989994" lon="-105.047028"><time>2024-08-09T19:11:43.000Z</time><ele>2573.6</ele><extensions><power>125</power><tpx1:TrackPointExtension><tpx1:atemp>22</tpx1:atemp><tpx1:hr>121</tpx1:hr><tpx1:cad>56</tpx1:cad></tpx1:TrackPointExtension></extensions></trkpt><trkpt lat="38.989906" lon="-105.04702"><time>2024-08-09T19:11:44.000Z</time><ele>2573</ele><extensions><power>89</power><tpx1:TrackPointExtension><tpx1:atemp>22</tpx1:atemp><tpx1:hr>121</tpx1:hr><tpx1:cad>32</tpx1:cad></tpx1:TrackPointExtension></extensions></trkpt><trkpt lat="38.989819" lon="-105.047005"><time>2024-08-09T19:11:45.000Z</time><ele>2572.4</ele><extensions><power>53</power><tpx1:TrackPointExtension><tpx1:atemp>22</tpx1:atemp><tpx1:hr>121</tpx1:hr><tpx1:cad>8</tpx1:cad></tpx1:TrackPointExtension></extensions></trkpt><trkpt lat="38.989731" lon="-105.046989"><time>2024-08-09T19:11:46.000Z</time><ele>2572</ele><extensions><power>0</power><tpx1:TrackPointExtension><tpx1:atemp>22</tpx1:atemp><tpx1:hr>121</tpx1:hr><tpx1:cad>0</tpx1:cad></tpx1:TrackPointExtension></extensions></trkpt><trkpt lat="38.989639" lon="-105.046982"><time>2024-08-09T19:11:47.000Z</time><ele>2571.2</ele><extensions><power>0</power><tpx1:TrackPointExtension><tpx1:atemp>22</tpx1:atemp><tpx1:hr>120</tpx1:hr><tpx1:cad>0</tpx1:cad></tpx1:TrackPointExtension></extensions></trkpt><trkpt lat="38.989555" lon="-105.046974"><time>2024-08-09T19:11:48.000Z</time><ele>2570.6</ele><extensions><power>0</power><tpx1:TrackPointExtension><tpx1:atemp>22</tpx1:atemp><tpx1:hr>119</tpx1:hr><tpx1:cad>0</tpx1:cad></tpx1:TrackPointExtension></extensions></trkpt><trkpt lat="38.989475" lon="-105.046974"><time>2024-08-09T19:11:49.000Z</time><ele>2570</ele><extensions><power>0</power><tpx1:TrackPointExtension><tpx1:atemp>22</tpx1:atemp><tpx1:hr>119</tpx1:hr><tpx1:cad>0</tpx1:cad></tpx1:TrackPointExtension></extensions></trkpt><trkpt lat="38.989407" lon="-105.046967"><time>2024-08-09T19:11:50.000Z</time><ele>2569.6</ele><extensions><power>0</power><tpx1:TrackPointExtension><tpx1:atemp>22</tpx1:atemp><tpx1:hr>118</tpx1:hr><tpx1:cad>0</tpx1:cad></tpx1:TrackPointExtension></extensions></trkpt><trkpt lat="38.989349" lon="-105.046967"><time>2024-08-09T19:11:51.000Z</time><ele>2569.2</ele><extensions><power>0</power><tpx1:TrackPointExtension><tpx1:atemp>22</tpx1:atemp><tpx1:hr>116</tpx1:hr><tpx1:cad>0</tpx1:cad></tpx1:TrackPointExtension></extensions></trkpt><trkpt lat="38.989311" lon="-105.046974"><time>2024-08-09T19:11:52.000Z</time><ele>2569</ele><extensions><power>0</power><tpx1:TrackPointExtension><tpx1:atemp>22</tpx1:atemp><tpx1:hr>115</tpx1:hr><tpx1:cad>0</tpx1:cad></tpx1:TrackPointExtension></extensions></trkpt><trkpt lat="38.989281" lon="-105.046974"><time>2024-08-09T19:11:53.000Z</time><ele>2568.8</ele><extensions><power>0</power><tpx1:TrackPointExtension><tpx1:atemp>22</tpx1:atemp><tpx1:hr>114</tpx1:hr><tpx1:cad>0</tpx1:cad></tpx1:TrackPointExtension></extensions></trkpt><trkpt lat="38.989246" lon="-105.046974"><time>2024-08-09T19:11:54.000Z</time><ele>2568.6</ele><extensions><power>0</power><tpx1:TrackPointExtension><tpx1:atemp>22</tpx1:atemp><tpx1:hr>111</tpx1:hr><tpx1:cad>0</tpx1:cad></tpx1:TrackPointExtension></extensions></trkpt><trkpt lat="38.989204" lon="-105.046974"><time>2024-08-09T19:11:55.000Z</time><ele>2568.4</ele><extensions><power>29</power><tpx1:TrackPointExtension><tpx1:atemp>22</tpx1:atemp><tpx1:hr>109</tpx1:hr><tpx1:cad>25</tpx1:cad></tpx1:TrackPointExtension></extensions></trkpt><trkpt lat="38.989159" lon="-105.046959"><time>2024-08-09T19:11:56.000Z</time><ele>2568</ele><extensions><power>36</power><tpx1:TrackPointExtension><tpx1:atemp>22</tpx1:atemp><tpx1:hr>107</tpx1:hr><tpx1:cad>28</tpx1:cad></tpx1:TrackPointExtension></extensions></trkpt><trkpt lat="38.989113" lon="-105.046944"><time>2024-08-09T19:11:57.000Z</time><ele>2567.6</ele><extensions><power>28</power><tpx1:TrackPointExtension><tpx1:atemp>22</tpx1:atemp><tpx1:hr>106</tpx1:hr><tpx1:cad>17</tpx1:cad></tpx1:TrackPointExtension></extensions></trkpt><trkpt lat="38.989078" lon="-105.046921"><time>2024-08-09T19:11:58.000Z</time><ele>2567.4</ele><extensions><power>19</power><tpx1:TrackPointExtension><tpx1:atemp>22</tpx1:atemp><tpx1:hr>105</tpx1:hr><tpx1:cad>6</tpx1:cad></tpx1:TrackPointExtension></extensions></trkpt><trkpt lat="38.989052" lon="-105.04689"><time>2024-08-09T19:11:59.000Z</time><ele>2567.2</ele><extensions><power>0</power><tpx1:TrackPointExtension><tpx1:atemp>22</tpx1:atemp><tpx1:hr>104</tpx1:hr><tpx1:cad>0</tpx1:cad></tpx1:TrackPointExtension></extensions></trkpt><trkpt lat="38.989033" lon="-105.04686"><time>2024-08-09T19:12:00.000Z</time><ele>2567.2</ele><extensions><power>0</power><tpx1:TrackPointExtension><tpx1:atemp>22</tpx1:atemp><tpx1:hr>104</tpx1:hr><tpx1:cad>0</tpx1:cad></tpx1:TrackPointExtension></extensions></trkpt><trkpt lat="38.989025" lon="-105.046829"><time>2024-08-09T19:12:01.000Z</time><ele>2567.2</ele><extensions><power>0</power><tpx1:TrackPointExtension><tpx1:atemp>22</tpx1:atemp><tpx1:hr>104</tpx1:hr><tpx1:cad>0</tpx1:cad></tpx1:TrackPointExtension></extensions></trkpt><trkpt lat="38.989021" lon="-105.046799"><time>2024-08-09T19:12:02.000Z</time><ele>2567.4</ele><extensions><power>0</power><tpx1:TrackPointExtension><tpx1:atemp>22</tpx1:atemp><tpx1:hr>104</tpx1:hr><tpx1:cad>11</tpx1:cad></tpx1:TrackPointExtension></extensions></trkpt><trkpt lat="38.989025" lon="-105.046776"><time>2024-08-09T19:12:03.000Z</time><ele>2567.4</ele><extensions><power>33</power><tpx1:TrackPointExtension><tpx1:atemp>22</tpx1:atemp><tpx1:hr>104</tpx1:hr><tpx1:cad>18</tpx1:cad></tpx1:TrackPointExtension></extensions></trkpt><trkpt lat="38.989025" lon="-105.046753"><time>2024-08-09T19:12:04.000Z</time><ele>2567.6</ele><extensions><power>66</power><tpx1:TrackPointExtension><tpx1:atemp>22</tpx1:atemp><tpx1:hr>104</tpx1:hr><tpx1:cad>24</tpx1:cad></tpx1:TrackPointExtension></extensions></trkpt><trkpt lat="38.989025" lon="-105.046745"><time>2024-08-09T19:12:05.000Z</time><ele>2567.8</ele><extensions><power>65</power><tpx1:TrackPointExtension><tpx1:atemp>22</tpx1:atemp><tpx1:hr>104</tpx1:hr><tpx1:cad>21</tpx1:cad></tpx1:TrackPointExtension></extensions></trkpt><trkpt lat="38.989075" lon="-105.04689"><time>2024-08-09T19:20:03.000Z</time><ele>2568.4</ele><extensions><power>0</power><tpx1:TrackPointExtension><tpx1:atemp>20</tpx1:atemp><tpx1:hr>96</tpx1:hr><tpx1:cad>0</tpx1:cad></tpx1:TrackPointExtension></extensions></trkpt><trkpt lat="38.989082" lon="-105.046921"><time>2024-08-09T19:20:04.000Z</time><ele>2568.4</ele><extensions><power>0</power><tpx1:TrackPointExtension><tpx1:atemp>20</tpx1:atemp><tpx1:hr>96</tpx1:hr><tpx1:cad>0</tpx1:cad></tpx1:TrackPointExtension></extensions></trkpt><trkpt lat="38.989105" lon="-105.046951"><time>2024-08-09T19:20:05.000Z</time><ele>2568.4</ele><extensions><power>0</power><tpx1:TrackPointExtension><tpx1:atemp>20</tpx1:atemp><tpx1:hr>96</tpx1:hr><tpx1:cad>0</tpx1:cad></tpx1:TrackPointExtension></extensions></trkpt><trkpt lat="38.989136" lon="-105.046959"><time>2024-08-09T19:20:06.000Z</time><ele>2568.4</ele><extensions><power>0</power><tpx1:TrackPointExtension><tpx1:atemp>20</tpx1:atemp><tpx1:hr>96</tpx1:hr><tpx1:cad>22</tpx1:cad></tpx1:TrackPointExtension></extensions></trkpt><trkpt lat="38.989166" lon="-105.046959"><time>2024-08-09T19:20:07.000Z</time><ele>2568.4</ele><extensions><power>0</power><tpx1:TrackPointExtension><tpx1:atemp>20</tpx1:atemp><tpx1:hr>96</tpx1:hr><tpx1:cad>45</tpx1:cad></tpx1:TrackPointExtension></extensions></trkpt><trkpt lat="38.989201" lon="-105.046959"><time>2024-08-09T19:20:08.000Z</time><ele>2568.6</ele><extensions><power>1</power><tpx1:TrackPointExtension><tpx1:atemp>20</tpx1:atemp><tpx1:hr>96</tpx1:hr><tpx1:cad>49</tpx1:cad></tpx1:TrackPointExtension></extensions></trkpt><trkpt lat="38.989235" lon="-105.046959"><time>2024-08-09T19:20:09.000Z</time><ele>2568.6</ele><extensions><power>2</power><tpx1:TrackPointExtension><tpx1:atemp>20</tpx1:atemp><tpx1:hr>99</tpx1:hr><tpx1:cad>52</tpx1:cad></tpx1:TrackPointExtension></extensions></trkpt><trkpt lat="38.989265" lon="-105.046959"><time>2024-08-09T19:20:10.000Z</time><ele>2568.8</ele><extensions><power>167</power><tpx1:TrackPointExtension><tpx1:atemp>20</tpx1:atemp><tpx1:hr>100</tpx1:hr><tpx1:cad>53</tpx1:cad></tpx1:TrackPointExtension></extensions></trkpt><trkpt lat="38.989304" lon="-105.046967"><time>2024-08-09T19:20:11.000Z</time><ele>2569</ele><extensions><power>227</power><tpx1:TrackPointExtension><tpx1:atemp>20</tpx1:atemp><tpx1:hr>103</tpx1:hr><tpx1:cad>52</tpx1:cad></tpx1:TrackPointExtension></extensions></trkpt><trkpt lat="38.989338" lon="-105.046967"><time>2024-08-09T19:20:12.000Z</time><ele>2569.2</ele><extensions><power>278</power><tpx1:TrackPointExtension><tpx1:atemp>20</tpx1:atemp><tpx1:hr>105</tpx1:hr><tpx1:cad>53</tpx1:cad></tpx1:TrackPointExtension></extensions></trkpt><trkpt lat="38.989368" lon="-105.046967"><time>2024-08-09T19:20:13.000Z</time><ele>2569.4</ele><extensions><power>284</power><tpx1:TrackPointExtension><tpx1:atemp>20</tpx1:atemp><tpx1:hr>106</tpx1:hr><tpx1:cad>55</tpx1:cad></tpx1:TrackPointExtension></extensions></trkpt><trkpt lat="38.989414" lon="-105.046967"><time>2024-08-09T19:20:14.000Z</time><ele>2569.8</ele><extensions><power>305</power><tpx1:TrackPointExtension><tpx1:atemp>20</tpx1:atemp><tpx1:hr>106</tpx1:hr><tpx1:cad>56</tpx1:cad></tpx1:TrackPointExtension></extensions></trkpt><trkpt lat="38.989456" lon="-105.046974"><time>2024-08-09T19:20:15.000Z</time><ele>2570</ele><extensions><power>392</power><tpx1:TrackPointExtension><tpx1:atemp>21</tpx1:atemp><tpx1:hr>108</tpx1:hr><tpx1:cad>62</tpx1:cad></tpx1:TrackPointExtension></extensions></trkpt><trkpt lat="38.989494" lon="-105.046974"><time>2024-08-09T19:20:16.000Z</time><ele>2570.4</ele><extensions><power>402</power><tpx1:TrackPointExtension><tpx1:atemp>21</tpx1:atemp><tpx1:hr>110</tpx1:hr><tpx1:cad>63</tpx1:cad></tpx1:TrackPointExtension></extensions></trkpt><trkpt lat="38.989536" lon="-105.046974"><time>2024-08-09T19:20:17.000Z</time><ele>2570.6</ele><extensions><power>386</power><tpx1:TrackPointExtension><tpx1:atemp>21</tpx1:atemp><tpx1:hr>112</tpx1:hr><tpx1:cad>61</tpx1:cad></tpx1:TrackPointExtension></extensions></trkpt><trkpt lat="38.989574" lon="-105.046974"><time>2024-08-09T19:20:18.000Z</time><ele>2571</ele><extensions><power>285</power><tpx1:TrackPointExtension><tpx1:atemp>21</tpx1:atemp><tpx1:hr>114</tpx1:hr><tpx1:cad>63</tpx1:cad></tpx1:TrackPointExtension></extensions></trkpt><trkpt lat="38.989616" lon="-105.046974"><time>2024-08-09T19:20:19.000Z</time><ele>2571.2</ele><extensions><power>268</power><tpx1:TrackPointExtension><tpx1:atemp>21</tpx1:atemp><tpx1:hr>115</tpx1:hr><tpx1:cad>61</tpx1:cad></tpx1:TrackPointExtension></extensions></trkpt><trkpt lat="38.989651" lon="-105.046967"><time>2024-08-09T19:20:20.000Z</time><ele>2571.4</ele><extensions><power>275</power><tpx1:TrackPointExtension><tpx1:atemp>21</tpx1:atemp><tpx1:hr>117</tpx1:hr><tpx1:cad>63</tpx1:cad></tpx1:TrackPointExtension></extensions></trkpt><trkpt lat="38.989689" lon="-105.046967"><time>2024-08-09T19:20:21.000Z</time><ele>2571.6</ele><extensions><power>290</power><tpx1:TrackPointExtension><tpx1:atemp>21</tpx1:atemp><tpx1:hr>119</tpx1:hr><tpx1:cad>64</tpx1:cad></tpx1:TrackPointExtension></extensions></trkpt><trkpt lat="38.989727" lon="-105.046967"><time>2024-08-09T19:20:22.000Z</time><ele>2572</ele><extensions><power>287</power><tpx1:TrackPointExtension><tpx1:atemp>21</tpx1:atemp><tpx1:hr>120</tpx1:hr><tpx1:cad>62</tpx1:cad></tpx1:TrackPointExtension></extensions></trkpt><trkpt lat="38.989761" lon="-105.046967"><time>2024-08-09T19:20:23.000Z</time><ele>2572.2</ele><extensions><power>285</power><tpx1:TrackPointExtension><tpx1:atemp>21</tpx1:atemp><tpx1:hr>121</tpx1:hr><tpx1:cad>59</tpx1:cad></tpx1:TrackPointExtension></extensions></trkpt><trkpt lat="38.989796" lon="-105.046974"><time>2024-08-09T19:20:24.000Z</time><ele>2572.6</ele><extensions><power>286</power><tpx1:TrackPointExtension><tpx1:atemp>21</tpx1:atemp><tpx1:hr>123</tpx1:hr><tpx1:cad>58</tpx1:cad></tpx1:TrackPointExtension></extensions></trkpt><trkpt lat="38.98983" lon="-105.046974"><time>2024-08-09T19:20:25.000Z</time><ele>2572.8</ele><extensions><power>299</power><tpx1:TrackPointExtension><tpx1:atemp>21</tpx1:atemp><tpx1:hr>125</tpx1:hr><tpx1:cad>57</tpx1:cad></tpx1:TrackPointExtension></extensions></trkpt><trkpt lat="38.989861" lon="-105.046974"><time>2024-08-09T19:20:26.000Z</time><ele>2573.2</ele><extensions><power>324</power><tpx1:TrackPointExtension><tpx1:atemp>21</tpx1:atemp><tpx1:hr>126</tpx1:hr><tpx1:cad>55</tpx1:cad></tpx1:TrackPointExtension></extensions></trkpt><trkpt lat="38.989895" lon="-105.046974"><time>2024-08-09T19:20:27.000Z</time><ele>2573.6</ele><extensions><power>310</power><tpx1:TrackPointExtension><tpx1:atemp>21</tpx1:atemp><tpx1:hr>127</tpx1:hr><tpx1:cad>58</tpx1:cad></tpx1:TrackPointExtension></extensions></trkpt><trkpt lat="38.989925" lon="-105.046974"><time>2024-08-09T19:20:28.000Z</time><ele>2573.8</ele><extensions><power>318</power><tpx1:TrackPointExtension><tpx1:atemp>21</tpx1:atemp><tpx1:hr>128</tpx1:hr><tpx1:cad>58</tpx1:cad></tpx1:TrackPointExtension></extensions></trkpt><trkpt lat="38.989956" lon="-105.046974"><time>2024-08-09T19:20:29.000Z</time><ele>2574.2</ele><extensions><power>326</power><tpx1:TrackPointExtension><tpx1:atemp>21</tpx1:atemp><tpx1:hr>129</tpx1:hr><tpx1:cad>60</tpx1:cad></tpx1:TrackPointExtension></extensions></trkpt><trkpt lat="38.989986" lon="-105.046982"><time>2024-08-09T19:20:30.000Z</time><ele>2574.4</ele><extensions><power>319</power><tpx1:TrackPointExtension><tpx1:atemp>21</tpx1:atemp><tpx1:hr>129</tpx1:hr><tpx1:cad>60</tpx1:cad></tpx1:TrackPointExtension></extensions></trkpt><trkpt lat="38.990021" lon="-105.046982"><time>2024-08-09T19:20:31.000Z</time><ele>2574.8</ele><extensions><power>313</power><tpx1:TrackPointExtension><tpx1:atemp>21</tpx1:atemp><tpx1:hr>130</tpx1:hr><tpx1:cad>61</tpx1:cad></tpx1:TrackPointExtension></extensions></trkpt><trkpt lat="38.990055" lon="-105.046982"><time>2024-08-09T19:20:32.000Z</time><ele>2575</ele><extensions><power>303</power><tpx1:TrackPointExtension><tpx1:atemp>21</tpx1:atemp><tpx1:hr>131</tpx1:hr><tpx1:cad>62</tpx1:cad></tpx1:TrackPointExtension></extensions></trkpt><trkpt lat="38.990093" lon="-105.046982"><time>2024-08-09T19:20:33.000Z</time><ele>2575.4</ele><extensions><power>314</power><tpx1:TrackPointExtension><tpx1:atemp>21</tpx1:atemp><tpx1:hr>132</tpx1:hr><tpx1:cad>69</tpx1:cad></tpx1:TrackPointExtension></extensions></trkpt><trkpt lat="38.990128" lon="-105.046982"><time>2024-08-09T19:20:34.000Z</time><ele>2575.6</ele><extensions><power>333</power><tpx1:TrackPointExtension><tpx1:atemp>21</tpx1:atemp><tpx1:hr>132</tpx1:hr><tpx1:cad>67</tpx1:cad></tpx1:TrackPointExtension></extensions></trkpt><trkpt lat="38.990162" lon="-105.046982"><time>2024-08-09T19:20:35.000Z</time><ele>2575.8</ele><extensions><power>279</power><tpx1:TrackPointExtension><tpx1:atemp>21</tpx1:atemp><tpx1:hr>134</tpx1:hr><tpx1:cad>68</tpx1:cad></tpx1:TrackPointExtension></extensions></trkpt><trkpt lat="38.9902" lon="-105.046982"><time>2024-08-09T19:20:36.000Z</time><ele>2576</ele><extensions><power>228</power><tpx1:TrackPointExtension><tpx1:atemp>21</tpx1:atemp><tpx1:hr>134</tpx1:hr><tpx1:cad>70</tpx1:cad></tpx1:TrackPointExtension></extensions></trkpt><trkpt lat="38.990238" lon="-105.046982"><time>2024-08-09T19:20:37.000Z</time><ele>2576</ele><extensions><power>211</power><tpx1:TrackPointExtension><tpx1:atemp>21</tpx1:atemp><tpx1:hr>135</tpx1:hr><tpx1:cad>69</tpx1:cad></tpx1:TrackPointExtension></extensions></trkpt><trkpt lat="38.990272" lon="-105.046982"><time>2024-08-09T19:20:38.000Z</time><ele>2576.2</ele><extensions><power>199</power><tpx1:TrackPointExtension><tpx1:atemp>21</tpx1:atemp><tpx1:hr>136</tpx1:hr><tpx1:cad>70</tpx1:cad></tpx1:TrackPointExtension></extensions></trkpt><trkpt lat="38.990311" lon="-105.046982"><time>2024-08-09T19:20:39.000Z</time><ele>2576.4</ele><extensions><power>203</power><tpx1:TrackPointExtension><tpx1:atemp>21</tpx1:atemp><tpx1:hr>137</tpx1:hr><tpx1:cad>71</tpx1:cad></tpx1:TrackPointExtension></extensions></trkpt><trkpt lat="38.990353" lon="-105.046989"><time>2024-08-09T19:20:40.000Z</time><ele>2576.4</ele><extensions><power>218</power><tpx1:TrackPointExtension><tpx1:atemp>21</tpx1:atemp><tpx1:hr>137</tpx1:hr><tpx1:cad>73</tpx1:cad></tpx1:TrackPointExtension></extensions></trkpt><trkpt lat="38.990391" lon="-105.046989"><time>2024-08-09T19:20:41.000Z</time><ele>2576.6</ele><extensions><power>211</power><tpx1:TrackPointExtension><tpx1:atemp>21</tpx1:atemp><tpx1:hr>138</tpx1:hr><tpx1:cad>74</tpx1:cad></tpx1:TrackPointExtension></extensions></trkpt><trkpt lat="38.990429" lon="-105.046989"><time>2024-08-09T19:20:42.000Z</time><ele>2576.8</ele><extensions><power>193</power><tpx1:TrackPointExtension><tpx1:atemp>21</tpx1:atemp><tpx1:hr>139</tpx1:hr><tpx1:cad>74</tpx1:cad></tpx1:TrackPointExtension></extensions></trkpt><trkpt lat="38.990471" lon="-105.046989"><time>2024-08-09T19:20:43.000Z</time><ele>2577</ele><extensions><power>188</power><tpx1:TrackPointExtension><tpx1:atemp>21</tpx1:atemp><tpx1:hr>139</tpx1:hr><tpx1:cad>75</tpx1:cad></tpx1:TrackPointExtension></extensions></trkpt><trkpt lat="38.990513" lon="-105.046989"><time>2024-08-09T19:20:44.000Z</time><ele>2577.2</ele><extensions><power>191</power><tpx1:TrackPointExtension><tpx1:atemp>21</tpx1:atemp><tpx1:hr>139</tpx1:hr><tpx1:cad>75</tpx1:cad></tpx1:TrackPointExtension></extensions></trkpt><trkpt lat="38.990555" lon="-105.046989"><time>2024-08-09T19:20:45.000Z</time><ele>2577.2</ele><extensions><power>209</power><tpx1:TrackPointExtension><tpx1:atemp>21</tpx1:atemp><tpx1:hr>140</tpx1:hr><tpx1:cad>76</tpx1:cad></tpx1:TrackPointExtension></extensions></trkpt><trkpt lat="38.990597" lon="-105.046997"><time>2024-08-09T19:20:46.000Z</time><ele>2577.4</ele><extensions><power>194</power><tpx1:TrackPointExtension><tpx1:atemp>21</tpx1:atemp><tpx1:hr>140</tpx1:hr><tpx1:cad>79</tpx1:cad></tpx1:TrackPointExtension></extensions></trkpt><trkpt lat="38.990639" lon="-105.046997"><time>2024-08-09T19:20:47.000Z</time><ele>2577.6</ele><extensions><power>178</power><tpx1:TrackPointExtension><tpx1:atemp>21</tpx1:atemp><tpx1:hr>140</tpx1:hr><tpx1:cad>80</tpx1:cad></tpx1:TrackPointExtension></extensions></trkpt><trkpt lat="38.990681" lon="-105.046997"><time>2024-08-09T19:20:48.000Z</time><ele>2577.6</ele><extensions><power>158</power><tpx1:TrackPointExtension><tpx1:atemp>21</tpx1:atemp><tpx1:hr>140</tpx1:hr><tpx1:cad>80</tpx1:cad></tpx1:TrackPointExtension></extensions></trkpt><trkpt lat="38.990723" lon="-105.046997"><time>2024-08-09T19:20:49.000Z</time><ele>2577.8</ele><extensions><power>151</power><tpx1:TrackPointExtension><tpx1:atemp>21</tpx1:atemp><tpx1:hr>140</tpx1:hr><tpx1:cad>81</tpx1:cad></tpx1:TrackPointExtension></extensions></trkpt><trkpt lat="38.990768" lon="-105.046997"><time>2024-08-09T19:20:50.000Z</time><ele>2577.8</ele><extensions><power>153</power><tpx1:TrackPointExtension><tpx1:atemp>21</tpx1:atemp><tpx1:hr>140</tpx1:hr><tpx1:cad>83</tpx1:cad></tpx1:TrackPointExtension></extensions></trkpt><trkpt lat="38.99081" lon="-105.046997"><time>2024-08-09T19:20:51.000Z</time><ele>2577.8</ele><extensions><power>159</power><tpx1:TrackPointExtension><tpx1:atemp>21</tpx1:atemp><tpx1:hr>139</tpx1:hr><tpx1:cad>84</tpx1:cad></tpx1:TrackPointExtension></extensions></trkpt><trkpt lat="38.990856" lon="-105.047005"><time>2024-08-09T19:20:52.000Z</time><ele>2578</ele><extensions><power>160</power><tpx1:TrackPointExtension><tpx1:atemp>21</tpx1:atemp><tpx1:hr>139</tpx1:hr><tpx1:cad>85</tpx1:cad></tpx1:TrackPointExtension></extensions></trkpt><trkpt lat="38.990902" lon="-105.047005"><time>2024-08-09T19:20:53.000Z</time><ele>2578</ele><extensions><power>156</power><tpx1:TrackPointExtension><tpx1:atemp>21</tpx1:atemp><tpx1:hr>138</tpx1:hr><tpx1:cad>88</tpx1:cad></tpx1:TrackPointExtension></extensions></trkpt><trkpt lat="38.990952" lon="-105.047005"><time>2024-08-09T19:20:54.000Z</time><ele>2578</ele><extensions><power>156</power><tpx1:TrackPointExtension><tpx1:atemp>21</tpx1:atemp><tpx1:hr>138</tpx1:hr><tpx1:cad>81</tpx1:cad></tpx1:TrackPointExtension></extensions></trkpt><trkpt lat="38.990997" lon="-105.047012"><time>2024-08-09T19:20:55.000Z</time><ele>2578</ele><extensions><power>159</power><tpx1:TrackPointExtension><tpx1:atemp>21</tpx1:atemp><tpx1:hr>138</tpx1:hr><tpx1:cad>63</tpx1:cad></tpx1:TrackPointExtension></extensions></trkpt><trkpt lat="38.991047" lon="-105.047012"><time>2024-08-09T19:20:56.000Z</time><ele>2578.2</ele><extensions><power>143</power><tpx1:TrackPointExtension><tpx1:atemp>21</tpx1:atemp><tpx1:hr>138</tpx1:hr><tpx1:cad>61</tpx1:cad></tpx1:TrackPointExtension></extensions></trkpt><trkpt lat="38.991097" lon="-105.047012"><time>2024-08-09T19:20:57.000Z</time><ele>2578.2</ele><extensions><power>135</power><tpx1:TrackPointExtension><tpx1:atemp>21</tpx1:atemp><tpx1:hr>138</tpx1:hr><tpx1:cad>45</tpx1:cad></tpx1:TrackPointExtension></extensions></trkpt><trkpt lat="38.991142" lon="-105.04702"><time>2024-08-09T19:20:58.000Z</time><ele>2578.2</ele><extensions><power>127</power><tpx1:TrackPointExtension><tpx1:atemp>21</tpx1:atemp><tpx1:hr>137</tpx1:hr><tpx1:cad>30</tpx1:cad></tpx1:TrackPointExtension></extensions></trkpt><trkpt lat="38.991192" lon="-105.04702"><time>2024-08-09T19:20:59.000Z</time><ele>2578.2</ele><extensions><power>119</power><tpx1:TrackPointExtension><tpx1:atemp>21</tpx1:atemp><tpx1:hr>137</tpx1:hr><tpx1:cad>14</tpx1:cad></tpx1:TrackPointExtension></extensions></trkpt><trkpt lat="38.991238" lon="-105.04702"><time>2024-08-09T19:21:00.000Z</time><ele>2578.2</ele><extensions><power>0</power><tpx1:TrackPointExtension><tpx1:atemp>21</tpx1:atemp><tpx1:hr>136</tpx1:hr><tpx1:cad>0</tpx1:cad></tpx1:TrackPointExtension></extensions></trkpt><trkpt lat="38.991283" lon="-105.047028"><time>2024-08-09T19:21:01.000Z</time><ele>2578.2</ele><extensions><power>0</power><tpx1:TrackPointExtension><tpx1:atemp>21</tpx1:atemp><tpx1:hr>135</tpx1:hr><tpx1:cad>0</tpx1:cad></tpx1:TrackPointExtension></extensions></trkpt><trkpt lat="38.991329" lon="-105.047028"><time>2024-08-09T19:21:02.000Z</time><ele>2578.2</ele><extensions><power>51</power><tpx1:TrackPointExtension><tpx1:atemp>21</tpx1:atemp><tpx1:hr>134</tpx1:hr><tpx1:cad>38</tpx1:cad></tpx1:TrackPointExtension></extensions></trkpt><trkpt lat="38.991379" lon="-105.047035"><time>2024-08-09T19:21:03.000Z</time><ele>2578.4</ele><extensions><power>125</power><tpx1:TrackPointExtension><tpx1:atemp>21</tpx1:atemp><tpx1:hr>133</tpx1:hr><tpx1:cad>63</tpx1:cad></tpx1:TrackPointExtension></extensions></trkpt><trkpt lat="38.991436" lon="-105.047035"><time>2024-08-09T19:21:04.000Z</time><ele>2578.4</ele><extensions><power>182</power><tpx1:TrackPointExtension><tpx1:atemp>21</tpx1:atemp><tpx1:hr>132</tpx1:hr><tpx1:cad>67</tpx1:cad></tpx1:TrackPointExtension></extensions></trkpt><trkpt lat="38.991489" lon="-105.047035"><time>2024-08-09T19:21:05.000Z</time><ele>2578.4</ele><extensions><power>219</power><tpx1:TrackPointExtension><tpx1:atemp>21</tpx1:atemp><tpx1:hr>131</tpx1:hr><tpx1:cad>70</tpx1:cad></tpx1:TrackPointExtension></extensions></trkpt><trkpt lat="38.991547" lon="-105.047035"><time>2024-08-09T19:21:06.000Z</time><ele>2578.4</ele><extensions><power>201</power><tpx1:TrackPointExtension><tpx1:atemp>21</tpx1:atemp><tpx1:hr>131</tpx1:hr><tpx1:cad>71</tpx1:cad></tpx1:TrackPointExtension></extensions></trkpt><trkpt lat="38.991604" lon="-105.047043"><time>2024-08-09T19:21:07.000Z</time><ele>2578.4</ele><extensions><power>178</power><tpx1:TrackPointExtension><tpx1:atemp>21</tpx1:atemp><tpx1:hr>130</tpx1:hr><tpx1:cad>73</tpx1:cad></tpx1:TrackPointExtension></extensions></trkpt><trkpt lat="38.991661" lon="-105.047043"><time>2024-08-09T19:21:08.000Z</time><ele>2578.4</ele><extensions><power>171</power><tpx1:TrackPointExtension><tpx1:atemp>21</tpx1:atemp><tpx1:hr>130</tpx1:hr><tpx1:cad>74</tpx1:cad></tpx1:TrackPointExtension></extensions></trkpt><trkpt lat="38.991718" lon="-105.04705"><time>2024-08-09T19:21:09.000Z</time><ele>2578.6</ele><extensions><power>168</power><tpx1:TrackPointExtension><tpx1:atemp>21</tpx1:atemp><tpx1:hr>129</tpx1:hr><tpx1:cad>73</tpx1:cad></tpx1:TrackPointExtension></extensions></trkpt><trkpt lat="38.991779" lon="-105.04705"><time>2024-08-09T19:21:10.000Z</time><ele>2578.6</ele><extensions><power>171</power><tpx1:TrackPointExtension><tpx1:atemp>21</tpx1:atemp><tpx1:hr>129</tpx1:hr><tpx1:cad>73</tpx1:cad></tpx1:TrackPointExtension></extensions></trkpt><trkpt lat="38.991833" lon="-105.04705"><time>2024-08-09T19:21:11.000Z</time><ele>2578.8</ele><extensions><power>170</power><tpx1:TrackPointExtension><tpx1:atemp>21</tpx1:atemp><tpx1:hr>128</tpx1:hr><tpx1:cad>72</tpx1:cad></tpx1:TrackPointExtension></extensions></trkpt><trkpt lat="38.99189" lon="-105.04705"><time>2024-08-09T19:21:12.000Z</time><ele>2578.8</ele><extensions><power>169</power><tpx1:TrackPointExtension><tpx1:atemp>21</tpx1:atemp><tpx1:hr>127</tpx1:hr><tpx1:cad>71</tpx1:cad></tpx1:TrackPointExtension></extensions></trkpt><trkpt lat="38.991947" lon="-105.04705"><time>2024-08-09T19:21:13.000Z</time><ele>2579</ele><extensions><power>175</power><tpx1:TrackPointExtension><tpx1:atemp>21</tpx1:atemp><tpx1:hr>125</tpx1:hr><tpx1:cad>71</tpx1:cad></tpx1:TrackPointExtension></extensions></trkpt><trkpt lat="38.992001" lon="-105.047058"><time>2024-08-09T19:21:14.000Z</time><ele>2579.2</ele><extensions><power>187</power><tpx1:TrackPointExtension><tpx1:atemp>21</tpx1:atemp><tpx1:hr>125</tpx1:hr><tpx1:cad>71</tpx1:cad></tpx1:TrackPointExtension></extensions></trkpt><trkpt lat="38.992054" lon="-105.047058"><time>2024-08-09T19:21:15.000Z</time><ele>2579.4</ele><extensions><power>202</power><tpx1:TrackPointExtension><tpx1:atemp>21</tpx1:atemp><tpx1:hr>124</tpx1:hr><tpx1:cad>73</tpx1:cad></tpx1:TrackPointExtension></extensions></trkpt><trkpt lat="38.992107" lon="-105.047066"><time>2024-08-09T19:21:16.000Z</time><ele>2579.6</ele><extensions><power>186</power><tpx1:TrackPointExtension><tpx1:atemp>21</tpx1:atemp><tpx1:hr>124</tpx1:hr><tpx1:cad>73</tpx1:cad></tpx1:TrackPointExtension></extensions></trkpt><trkpt lat="38.992157" lon="-105.047066"><time>2024-08-09T19:21:17.000Z</time><ele>2579.8</ele><extensions><power>175</power><tpx1:TrackPointExtension><tpx1:atemp>21</tpx1:atemp><tpx1:hr>122</tpx1:hr><tpx1:cad>71</tpx1:cad></tpx1:TrackPointExtension></extensions></trkpt><trkpt lat="38.992203" lon="-105.047073"><time>2024-08-09T19:21:18.000Z</time><ele>2580</ele><extensions><power>166</power><tpx1:TrackPointExtension><tpx1:atemp>21</tpx1:atemp><tpx1:hr>121</tpx1:hr><tpx1:cad>51</tpx1:cad></tpx1:TrackPointExtension></extensions></trkpt><trkpt lat="38.992245" lon="-105.047073"><time>2024-08-09T19:21:19.000Z</time><ele>2580.2</ele><extensions><power>157</power><tpx1:TrackPointExtension><tpx1:atemp>21</tpx1:atemp><tpx1:hr>120</tpx1:hr><tpx1:cad>32</tpx1:cad></tpx1:TrackPointExtension></extensions></trkpt><trkpt lat="38.992279" lon="-105.047073"><time>2024-08-09T19:21:20.000Z</time><ele>2580.4</ele><extensions><power>148</power><tpx1:TrackPointExtension><tpx1:atemp>21</tpx1:atemp><tpx1:hr>119</tpx1:hr><tpx1:cad>13</tpx1:cad></tpx1:TrackPointExtension></extensions></trkpt><trkpt lat="38.99231" lon="-105.047073"><time>2024-08-09T19:21:21.000Z</time><ele>2580.6</ele><extensions><power>0</power><tpx1:TrackPointExtension><tpx1:atemp>21</tpx1:atemp><tpx1:hr>117</tpx1:hr><tpx1:cad>0</tpx1:cad></tpx1:TrackPointExtension></extensions></trkpt><trkpt lat="38.992336" lon="-105.047073"><time>2024-08-09T19:21:22.000Z</time><ele>2580.8</ele><extensions><power>11</power><tpx1:TrackPointExtension><tpx1:atemp>21</tpx1:atemp><tpx1:hr>116</tpx1:hr><tpx1:cad>34</tpx1:cad></tpx1:TrackPointExtension></extensions></trkpt><trkpt lat="38.992363" lon="-105.047081"><time>2024-08-09T19:21:23.000Z</time><ele>2580.8</ele><extensions><power>33</power><tpx1:TrackPointExtension><tpx1:atemp>21</tpx1:atemp><tpx1:hr>115</tpx1:hr><tpx1:cad>36</tpx1:cad></tpx1:TrackPointExtension></extensions></trkpt><trkpt lat="38.992397" lon="-105.047089"><time>2024-08-09T19:21:24.000Z</time><ele>2581</ele><extensions><power>77</power><tpx1:TrackPointExtension><tpx1:atemp>21</tpx1:atemp><tpx1:hr>114</tpx1:hr><tpx1:cad>42</tpx1:cad></tpx1:TrackPointExtension></extensions></trkpt><trkpt lat="38.992432" lon="-105.047096"><time>2024-08-09T19:21:25.000Z</time><ele>2581.2</ele><extensions><power>241</power><tpx1:TrackPointExtension><tpx1:atemp>21</tpx1:atemp><tpx1:hr>113</tpx1:hr><tpx1:cad>48</tpx1:cad></tpx1:TrackPointExtension></extensions></trkpt><trkpt lat="38.992474" lon="-105.047096"><time>2024-08-09T19:21:26.000Z</time><ele>2581.4</ele><extensions><power>284</power><tpx1:TrackPointExtension><tpx1:atemp>21</tpx1:atemp><tpx1:hr>112</tpx1:hr><tpx1:cad>53</tpx1:cad></tpx1:TrackPointExtension></extensions></trkpt><trkpt lat="38.992516" lon="-105.047096"><time>2024-08-09T19:21:27.000Z</time><ele>2581.4</ele><extensions><power>322</power><tpx1:TrackPointExtension><tpx1:atemp>21</tpx1:atemp><tpx1:hr>112</tpx1:hr><tpx1:cad>59</tpx1:cad></tpx1:TrackPointExtension></extensions></trkpt><trkpt lat="38.992569" lon="-105.047089"><time>2024-08-09T19:21:28.000Z</time><ele>2581.6</ele><extensions><power>332</power><tpx1:TrackPointExtension><tpx1:atemp>21</tpx1:atemp><tpx1:hr>113</tpx1:hr><tpx1:cad>62</tpx1:cad></tpx1:TrackPointExtension></extensions></trkpt><trkpt lat="38.992622" lon="-105.047081"><time>2024-08-09T19:21:29.000Z</time><ele>2581.6</ele><extensions><power>311</power><tpx1:TrackPointExtension><tpx1:atemp>21</tpx1:atemp><tpx1:hr>113</tpx1:hr><tpx1:cad>70</tpx1:cad></tpx1:TrackPointExtension></extensions></trkpt><trkpt lat="38.992672" lon="-105.047073"><time>2024-08-09T19:21:30.000Z</time><ele>2581.8</ele><extensions><power>272</power><tpx1:TrackPointExtension><tpx1:atemp>21</tpx1:atemp><tpx1:hr>114</tpx1:hr><tpx1:cad>73</tpx1:cad></tpx1:TrackPointExtension></extensions></trkpt><trkpt lat="38.992725" lon="-105.047073"><time>2024-08-09T19:21:31.000Z</time><ele>2581.8</ele><extensions><power>247</power><tpx1:TrackPointExtension><tpx1:atemp>21</tpx1:atemp><tpx1:hr>115</tpx1:hr><tpx1:cad>71</tpx1:cad></tpx1:TrackPointExtension></extensions></trkpt><trkpt lat="38.992775" lon="-105.047073"><time>2024-08-09T19:21:32.000Z</time><ele>2582</ele><extensions><power>233</power><tpx1:TrackPointExtension><tpx1:atemp>21</tpx1:atemp><tpx1:hr>116</tpx1:hr><tpx1:cad>73</tpx1:cad></tpx1:TrackPointExtension></extensions></trkpt><trkpt lat="38.992828" lon="-105.047081"><time>2024-08-09T19:21:33.000Z</time><ele>2582.2</ele><extensions><power>203</power><tpx1:TrackPointExtension><tpx1:atemp>21</tpx1:atemp><tpx1:hr>117</tpx1:hr><tpx1:cad>72</tpx1:cad></tpx1:TrackPointExtension></extensions></trkpt><trkpt lat="38.992882" lon="-105.047089"><time>2024-08-09T19:21:34.000Z</time><ele>2582.2</ele><extensions><power>221</power><tpx1:TrackPointExtension><tpx1:atemp>21</tpx1:atemp><tpx1:hr>118</tpx1:hr><tpx1:cad>73</tpx1:cad></tpx1:TrackPointExtension></extensions></trkpt><trkpt lat="38.992935" lon="-105.047089"><time>2024-08-09T19:21:35.000Z</time><ele>2582.4</ele><extensions><power>263</power><tpx1:TrackPointExtension><tpx1:atemp>21</tpx1:atemp><tpx1:hr>119</tpx1:hr><tpx1:cad>77</tpx1:cad></tpx1:TrackPointExtension></extensions></trkpt><trkpt lat="38.992992" lon="-105.047089"><time>2024-08-09T19:21:36.000Z</time><ele>2582.4</ele><extensions><power>248</power><tpx1:TrackPointExtension><tpx1:atemp>21</tpx1:atemp><tpx1:hr>119</tpx1:hr><tpx1:cad>76</tpx1:cad></tpx1:TrackPointExtension></extensions></trkpt><trkpt lat="38.993046" lon="-105.047089"><time>2024-08-09T19:21:37.000Z</time><ele>2582.6</ele><extensions><power>237</power><tpx1:TrackPointExtension><tpx1:atemp>21</tpx1:atemp><tpx1:hr>120</tpx1:hr><tpx1:cad>76</tpx1:cad></tpx1:TrackPointExtension></extensions></trkpt><trkpt lat="38.993099" lon="-105.047096"><time>2024-08-09T19:21:38.000Z</time><ele>2582.8</ele><extensions><power>226</power><tpx1:TrackPointExtension><tpx1:atemp>21</tpx1:atemp><tpx1:hr>121</tpx1:hr><tpx1:cad>76</tpx1:cad></tpx1:TrackPointExtension></extensions></trkpt><trkpt lat="38.993153" lon="-105.047096"><time>2024-08-09T19:21:39.000Z</time><ele>2583</ele><extensions><power>232</power><tpx1:TrackPointExtension><tpx1:atemp>21</tpx1:atemp><tpx1:hr>122</tpx1:hr><tpx1:cad>76</tpx1:cad></tpx1:TrackPointExtension></extensions></trkpt><trkpt lat="38.993202" lon="-105.047104"><time>2024-08-09T19:21:40.000Z</time><ele>2583</ele><extensions><power>234</power><tpx1:TrackPointExtension><tpx1:atemp>21</tpx1:atemp><tpx1:hr>122</tpx1:hr><tpx1:cad>75</tpx1:cad></tpx1:TrackPointExtension></extensions></trkpt><trkpt lat="38.993256" lon="-105.047104"><time>2024-08-09T19:21:41.000Z</time><ele>2583.2</ele><extensions><power>236</power><tpx1:TrackPointExtension><tpx1:atemp>21</tpx1:atemp><tpx1:hr>122</tpx1:hr><tpx1:cad>74</tpx1:cad></tpx1:TrackPointExtension></extensions></trkpt><trkpt lat="38.993313" lon="-105.047111"><time>2024-08-09T19:21:42.000Z</time><ele>2583.4</ele><extensions><power>244</power><tpx1:TrackPointExtension><tpx1:atemp>21</tpx1:atemp><tpx1:hr>123</tpx1:hr><tpx1:cad>77</tpx1:cad></tpx1:TrackPointExtension></extensions></trkpt><trkpt lat="38.993366" lon="-105.047111"><time>2024-08-09T19:21:43.000Z</time><ele>2583.6</ele><extensions><power>247</power><tpx1:TrackPointExtension><tpx1:atemp>21</tpx1:atemp><tpx1:hr>122</tpx1:hr><tpx1:cad>77</tpx1:cad></tpx1:TrackPointExtension></extensions></trkpt><trkpt lat="38.99342" lon="-105.047119"><time>2024-08-09T19:21:44.000Z</time><ele>2583.8</ele><extensions><power>246</power><tpx1:TrackPointExtension><tpx1:atemp>21</tpx1:atemp><tpx1:hr>122</tpx1:hr><tpx1:cad>77</tpx1:cad></tpx1:TrackPointExtension></extensions></trkpt><trkpt lat="38.993473" lon="-105.047127"><time>2024-08-09T19:21:45.000Z</time><ele>2584.2</ele><extensions><power>234</power><tpx1:TrackPointExtension><tpx1:atemp>21</tpx1:atemp><tpx1:hr>122</tpx1:hr><tpx1:cad>78</tpx1:cad></tpx1:TrackPointExtension></extensions></trkpt><trkpt lat="38.993526" lon="-105.047127"><time>2024-08-09T19:21:46.000Z</time><ele>2584.4</ele><extensions><power>212</power><tpx1:TrackPointExtension><tpx1:atemp>21</tpx1:atemp><tpx1:hr>123</tpx1:hr><tpx1:cad>85</tpx1:cad></tpx1:TrackPointExtension></extensions></trkpt><trkpt lat="38.993576" lon="-105.047127"><time>2024-08-09T19:21:47.000Z</time><ele>2584.6</ele><extensions><power>194</power><tpx1:TrackPointExtension><tpx1:atemp>21</tpx1:atemp><tpx1:hr>123</tpx1:hr><tpx1:cad>84</tpx1:cad></tpx1:TrackPointExtension></extensions></trkpt><trkpt lat="38.993629" lon="-105.047134"><time>2024-08-09T19:21:48.000Z</time><ele>2584.8</ele><extensions><power>187</power><tpx1:TrackPointExtension><tpx1:atemp>21</tpx1:atemp><tpx1:hr>124</tpx1:hr><tpx1:cad>82</tpx1:cad></tpx1:TrackPointExtension></extensions></trkpt><trkpt lat="38.993679" lon="-105.047134"><time>2024-08-09T19:21:49.000Z</time><ele>2584.8</ele><extensions><power>192</power><tpx1:TrackPointExtension><tpx1:atemp>21</tpx1:atemp><tpx1:hr>125</tpx1:hr><tpx1:cad>83</tpx1:cad></tpx1:TrackPointExtension></extensions></trkpt><trkpt lat="38.993732" lon="-105.047142"><time>2024-08-09T19:21:50.000Z</time><ele>2585</ele><extensions><power>225</power><tpx1:TrackPointExtension><tpx1:atemp>21</tpx1:atemp><tpx1:hr>125</tpx1:hr><tpx1:cad>83</tpx1:cad></tpx1:TrackPointExtension></extensions></trkpt><trkpt lat="38.993786" lon="-105.047142"><time>2024-08-09T19:21:51.000Z</time><ele>2585.2</ele><extensions><power>276</power><tpx1:TrackPointExtension><tpx1:atemp>21</tpx1:atemp><tpx1:hr>125</tpx1:hr><tpx1:cad>85</tpx1:cad></tpx1:TrackPointExtension></extensions></trkpt><trkpt lat="38.993839" lon="-105.04715"><time>2024-08-09T19:21:52.000Z</time><ele>2585.4</ele><extensions><power>306</power><tpx1:TrackPointExtension><tpx1:atemp>21</tpx1:atemp><tpx1:hr>123</tpx1:hr><tpx1:cad>86</tpx1:cad></tpx1:TrackPointExtension></extensions></trkpt><trkpt lat="38.993889" lon="-105.04715"><time>2024-08-09T19:21:53.000Z</time><ele>2585.6</ele><extensions><power>309</power><tpx1:TrackPointExtension><tpx1:atemp>21</tpx1:atemp><tpx1:hr>123</tpx1:hr><tpx1:cad>85</tpx1:cad></tpx1:TrackPointExtension></extensions></trkpt><trkpt lat="38.993942" lon="-105.047157"><time>2024-08-09T19:21:54.000Z</time><ele>2585.8</ele><extensions><power>306</power><tpx1:TrackPointExtension><tpx1:atemp>21</tpx1:atemp><tpx1:hr>123</tpx1:hr><tpx1:cad>84</tpx1:cad></tpx1:TrackPointExtension></extensions></trkpt><trkpt lat="38.993996" lon="-105.047165"><time>2024-08-09T19:21:55.000Z</time><ele>2586</ele><extensions><power>304</power><tpx1:TrackPointExtension><tpx1:atemp>21</tpx1:atemp><tpx1:hr>122</tpx1:hr><tpx1:cad>86</tpx1:cad></tpx1:TrackPointExtension></extensions></trkpt><trkpt lat="38.994049" lon="-105.047165"><time>2024-08-09T19:21:56.000Z</time><ele>2586.2</ele><extensions><power>240</power><tpx1:TrackPointExtension><tpx1:atemp>21</tpx1:atemp><tpx1:hr>122</tpx1:hr><tpx1:cad>84</tpx1:cad></tpx1:TrackPointExtension></extensions></trkpt><trkpt lat="38.994099" lon="-105.047165"><time>2024-08-09T19:21:57.000Z</time><ele>2586.4</ele><extensions><power>222</power><tpx1:TrackPointExtension><tpx1:atemp>21</tpx1:atemp><tpx1:hr>122</tpx1:hr><tpx1:cad>81</tpx1:cad></tpx1:TrackPointExtension></extensions></trkpt><trkpt lat="38.994148" lon="-105.047165"><time>2024-08-09T19:21:58.000Z</time><ele>2586.6</ele><extensions><power>228</power><tpx1:TrackPointExtension><tpx1:atemp>21</tpx1:atemp><tpx1:hr>123</tpx1:hr><tpx1:cad>80</tpx1:cad></tpx1:TrackPointExtension></extensions></trkpt><trkpt lat="38.994198" lon="-105.047172"><time>2024-08-09T19:21:59.000Z</time><ele>2586.8</ele><extensions><power>270</power><tpx1:TrackPointExtension><tpx1:atemp>21</tpx1:atemp><tpx1:hr>124</tpx1:hr><tpx1:cad>79</tpx1:cad></tpx1:TrackPointExtension></extensions></trkpt><trkpt lat="38.994247" lon="-105.047172"><time>2024-08-09T19:22:00.000Z</time><ele>2587</ele><extensions><power>288</power><tpx1:TrackPointExtension><tpx1:atemp>21</tpx1:atemp><tpx1:hr>124</tpx1:hr><tpx1:cad>78</tpx1:cad></tpx1:TrackPointExtension></extensions></trkpt><trkpt lat="38.994297" lon="-105.047172"><time>2024-08-09T19:22:01.000Z</time><ele>2587.4</ele><extensions><power>281</power><tpx1:TrackPointExtension><tpx1:atemp>21</tpx1:atemp><tpx1:hr>125</tpx1:hr><tpx1:cad>80</tpx1:cad></tpx1:TrackPointExtension></extensions></trkpt><trkpt lat="38.994347" lon="-105.04718"><time>2024-08-09T19:22:02.000Z</time><ele>2587.6</ele><extensions><power>270</power><tpx1:TrackPointExtension><tpx1:atemp>21</tpx1:atemp><tpx1:hr>125</tpx1:hr><tpx1:cad>79</tpx1:cad></tpx1:TrackPointExtension></extensions></trkpt><trkpt lat="38.994396" lon="-105.04718"><time>2024-08-09T19:22:03.000Z</time><ele>2587.8</ele><extensions><power>264</power><tpx1:TrackPointExtension><tpx1:atemp>21</tpx1:atemp><tpx1:hr>126</tpx1:hr><tpx1:cad>78</tpx1:cad></tpx1:TrackPointExtension></extensions></trkpt><trkpt lat="38.994442" lon="-105.047188"><time>2024-08-09T19:22:04.000Z</time><ele>2588</ele><extensions><power>268</power><tpx1:TrackPointExtension><tpx1:atemp>21</tpx1:atemp><tpx1:hr>126</tpx1:hr><tpx1:cad>79</tpx1:cad></tpx1:TrackPointExtension></extensions></trkpt><trkpt lat="38.994492" lon="-105.047188"><time>2024-08-09T19:22:05.000Z</time><ele>2588.2</ele><extensions><power>258</power><tpx1:TrackPointExtension><tpx1:atemp>21</tpx1:atemp><tpx1:hr>126</tpx1:hr><tpx1:cad>77</tpx1:cad></tpx1:TrackPointExtension></extensions></trkpt><trkpt lat="38.994537" lon="-105.047195"><time>2024-08-09T19:22:06.000Z</time><ele>2588.4</ele><extensions><power>248</power><tpx1:TrackPointExtension><tpx1:atemp>21</tpx1:atemp><tpx1:hr>126</tpx1:hr><tpx1:cad>79</tpx1:cad></tpx1:TrackPointExtension></extensions></trkpt><trkpt lat="38.994583" lon="-105.047203"><time>2024-08-09T19:22:07.000Z</time><ele>2588.8</ele><extensions><power>232</power><tpx1:TrackPointExtension><tpx1:atemp>21</tpx1:atemp><tpx1:hr>126</tpx1:hr><tpx1:cad>75</tpx1:cad></tpx1:TrackPointExtension></extensions></trkpt><trkpt lat="38.994629" lon="-105.047211"><time>2024-08-09T19:22:08.000Z</time><ele>2589</ele><extensions><power>222</power><tpx1:TrackPointExtension><tpx1:atemp>21</tpx1:atemp><tpx1:hr>127</tpx1:hr><tpx1:cad>74</tpx1:cad></tpx1:TrackPointExtension></extensions></trkpt><trkpt lat="38.994675" lon="-105.047218"><time>2024-08-09T19:22:09.000Z</time><ele>2589.2</ele><extensions><power>219</power><tpx1:TrackPointExtension><tpx1:atemp>21</tpx1:atemp><tpx1:hr>128</tpx1:hr><tpx1:cad>74</tpx1:cad></tpx1:TrackPointExtension></extensions></trkpt><trkpt lat="38.99472" lon="-105.047226"><time>2024-08-09T19:22:10.000Z</time><ele>2589.4</ele><extensions><power>228</power><tpx1:TrackPointExtension><tpx1:atemp>21</tpx1:atemp><tpx1:hr>129</tpx1:hr><tpx1:cad>73</tpx1:cad></tpx1:TrackPointExtension></extensions></trkpt><trkpt lat="38.994766" lon="-105.047234"><time>2024-08-09T19:22:11.000Z</time><ele>2589.6</ele><extensions><power>244</power><tpx1:TrackPointExtension><tpx1:atemp>21</tpx1:atemp><tpx1:hr>129</tpx1:hr><tpx1:cad>76</tpx1:cad></tpx1:TrackPointExtension></extensions></trkpt><trkpt lat="38.994808" lon="-105.047234"><time>2024-08-09T19:22:12.000Z</time><ele>2589.8</ele><extensions><power>262</power><tpx1:TrackPointExtension><tpx1:atemp>21</tpx1:atemp><tpx1:hr>130</tpx1:hr><tpx1:cad>79</tpx1:cad></tpx1:TrackPointExtension></extensions></trkpt><trkpt lat="38.994854" lon="-105.047234"><time>2024-08-09T19:22:13.000Z</time><ele>2590</ele><extensions><power>276</power><tpx1:TrackPointExtension><tpx1:atemp>21</tpx1:atemp><tpx1:hr>130</tpx1:hr><tpx1:cad>80</tpx1:cad></tpx1:TrackPointExtension></extensions></trkpt><trkpt lat="38.994896" lon="-105.047234"><time>2024-08-09T19:22:14.000Z</time><ele>2590.2</ele><extensions><power>279</power><tpx1:TrackPointExtension><tpx1:atemp>21</tpx1:atemp><tpx1:hr>130</tpx1:hr><tpx1:cad>81</tpx1:cad></tpx1:TrackPointExtension></extensions></trkpt><trkpt lat="38.994945" lon="-105.047241"><time>2024-08-09T19:22:15.000Z</time><ele>2590.4</ele><extensions><power>286</power><tpx1:TrackPointExtension><tpx1:atemp>21</tpx1:atemp><tpx1:hr>131</tpx1:hr><tpx1:cad>83</tpx1:cad></tpx1:TrackPointExtension></extensions></trkpt><trkpt lat="38.994995" lon="-105.047241"><time>2024-08-09T19:22:16.000Z</time><ele>2590.6</ele><extensions><power>291</power><tpx1:TrackPointExtension><tpx1:atemp>21</tpx1:atemp><tpx1:hr>131</tpx1:hr><tpx1:cad>87</tpx1:cad></tpx1:TrackPointExtension></extensions></trkpt><trkpt lat="38.995045" lon="-105.047241"><time>2024-08-09T19:22:17.000Z</time><ele>2590.8</ele><extensions><power>240</power><tpx1:TrackPointExtension><tpx1:atemp>21</tpx1:atemp><tpx1:hr>131</tpx1:hr><tpx1:cad>87</tpx1:cad></tpx1:TrackPointExtension></extensions></trkpt><trkpt lat="38.995094" lon="-105.047249"><time>2024-08-09T19:22:18.000Z</time><ele>2591</ele><extensions><power>240</power><tpx1:TrackPointExtension><tpx1:atemp>21</tpx1:atemp><tpx1:hr>131</tpx1:hr><tpx1:cad>86</tpx1:cad></tpx1:TrackPointExtension></extensions></trkpt><trkpt lat="38.99514" lon="-105.047249"><time>2024-08-09T19:22:19.000Z</time><ele>2591.2</ele><extensions><power>227</power><tpx1:TrackPointExtension><tpx1:atemp>21</tpx1:atemp><tpx1:hr>131</tpx1:hr><tpx1:cad>88</tpx1:cad></tpx1:TrackPointExtension></extensions></trkpt><trkpt lat="38.99519" lon="-105.047249"><time>2024-08-09T19:22:20.000Z</time><ele>2591.4</ele><extensions><power>224</power><tpx1:TrackPointExtension><tpx1:atemp>21</tpx1:atemp><tpx1:hr>131</tpx1:hr><tpx1:cad>88</tpx1:cad></tpx1:TrackPointExtension></extensions></trkpt><trkpt lat="38.995239" lon="-105.047256"><time>2024-08-09T19:22:21.000Z</time><ele>2591.6</ele><extensions><power>227</power><tpx1:TrackPointExtension><tpx1:atemp>21</tpx1:atemp><tpx1:hr>131</tpx1:hr><tpx1:cad>88</tpx1:cad></tpx1:TrackPointExtension></extensions></trkpt><trkpt lat="38.995289" lon="-105.047256"><time>2024-08-09T19:22:22.000Z</time><ele>2591.8</ele><extensions><power>241</power><tpx1:TrackPointExtension><tpx1:atemp>21</tpx1:atemp><tpx1:hr>131</tpx1:hr><tpx1:cad>89</tpx1:cad></tpx1:TrackPointExtension></extensions></trkpt><trkpt lat="38.995342" lon="-105.047264"><time>2024-08-09T19:22:23.000Z</time><ele>2591.8</ele><extensions><power>282</power><tpx1:TrackPointExtension><tpx1:atemp>21</tpx1:atemp><tpx1:hr>132</tpx1:hr><tpx1:cad>91</tpx1:cad></tpx1:TrackPointExtension></extensions></trkpt><trkpt lat="38.995392" lon="-105.047264"><time>2024-08-09T19:22:24.000Z</time><ele>2592</ele><extensions><power>297</power><tpx1:TrackPointExtension><tpx1:atemp>21</tpx1:atemp><tpx1:hr>132</tpx1:hr><tpx1:cad>96</tpx1:cad></tpx1:TrackPointExtension></extensions></trkpt><trkpt lat="38.995449" lon="-105.047272"><time>2024-08-09T19:22:25.000Z</time><ele>2592.2</ele><extensions><power>283</power><tpx1:TrackPointExtension><tpx1:atemp>21</tpx1:atemp><tpx1:hr>132</tpx1:hr><tpx1:cad>93</tpx1:cad></tpx1:TrackPointExtension></extensions></trkpt><trkpt lat="38.995502" lon="-105.047272"><time>2024-08-09T19:22:26.000Z</time><ele>2592.2</ele><extensions><power>222</power><tpx1:TrackPointExtension><tpx1:atemp>21</tpx1:atemp><tpx1:hr>132</tpx1:hr><tpx1:cad>88</tpx1:cad></tpx1:TrackPointExtension></extensions></trkpt><trkpt lat="38.995556" lon="-105.047272"><time>2024-08-09T19:22:27.000Z</time><ele>2592.4</ele><extensions><power>207</power><tpx1:TrackPointExtension><tpx1:atemp>21</tpx1:atemp><tpx1:hr>132</tpx1:hr><tpx1:cad>86</tpx1:cad></tpx1:TrackPointExtension></extensions></trkpt><trkpt lat="38.995609" lon="-105.047279"><time>2024-08-09T19:22:28.000Z</time><ele>2592.6</ele><extensions><power>197</power><tpx1:TrackPointExtension><tpx1:atemp>21</tpx1:atemp><tpx1:hr>132</tpx1:hr><tpx1:cad>85</tpx1:cad></tpx1:TrackPointExtension></extensions></trkpt><trkpt lat="38.995659" lon="-105.047279"><time>2024-08-09T19:22:29.000Z</time><ele>2592.8</ele><extensions><power>188</power><tpx1:TrackPointExtension><tpx1:atemp>21</tpx1:atemp><tpx1:hr>132</tpx1:hr><tpx1:cad>84</tpx1:cad></tpx1:TrackPointExtension></extensions></trkpt><trkpt lat="38.995712" lon="-105.047287"><time>2024-08-09T19:22:30.000Z</time><ele>2593</ele><extensions><power>182</power><tpx1:TrackPointExtension><tpx1:atemp>21</tpx1:atemp><tpx1:hr>133</tpx1:hr><tpx1:cad>83</tpx1:cad></tpx1:TrackPointExtension></extensions></trkpt><trkpt lat="38.995766" lon="-105.047287"><time>2024-08-09T19:22:31.000Z</time><ele>2593.2</ele><extensions><power>189</power><tpx1:TrackPointExtension><tpx1:atemp>21</tpx1:atemp><tpx1:hr>133</tpx1:hr><tpx1:cad>83</tpx1:cad></tpx1:TrackPointExtension></extensions></trkpt><trkpt lat="38.995819" lon="-105.047287"><time>2024-08-09T19:22:32.000Z</time><ele>2593.2</ele><extensions><power>193</power><tpx1:TrackPointExtension><tpx1:atemp>21</tpx1:atemp><tpx1:hr>134</tpx1:hr><tpx1:cad>83</tpx1:cad></tpx1:TrackPointExtension></extensions></trkpt><trkpt lat="38.995869" lon="-105.047287"><time>2024-08-09T19:22:33.000Z</time><ele>2593.4</ele><extensions><power>195</power><tpx1:TrackPointExtension><tpx1:atemp>21</tpx1:atemp><tpx1:hr>134</tpx1:hr><tpx1:cad>82</tpx1:cad></tpx1:TrackPointExtension></extensions></trkpt><trkpt lat="38.995918" lon="-105.047295"><time>2024-08-09T19:22:34.000Z</time><ele>2593.4</ele><extensions><power>194</power><tpx1:TrackPointExtension><tpx1:atemp>21</tpx1:atemp><tpx1:hr>134</tpx1:hr><tpx1:cad>82</tpx1:cad></tpx1:TrackPointExtension></extensions></trkpt><trkpt lat="38.995964" lon="-105.047295"><time>2024-08-09T19:22:35.000Z</time><ele>2593.6</ele><extensions><power>175</power><tpx1:TrackPointExtension><tpx1:atemp>21</tpx1:atemp><tpx1:hr>134</tpx1:hr><tpx1:cad>74</tpx1:cad></tpx1:TrackPointExtension></extensions></trkpt><trkpt lat="38.99601" lon="-105.047295"><time>2024-08-09T19:22:36.000Z</time><ele>2593.8</ele><extensions><power>163</power><tpx1:TrackPointExtension><tpx1:atemp>21</tpx1:atemp><tpx1:hr>134</tpx1:hr><tpx1:cad>50</tpx1:cad></tpx1:TrackPointExtension></extensions></trkpt><trkpt lat="38.996044" lon="-105.047295"><time>2024-08-09T19:22:37.000Z</time><ele>2594</ele><extensions><power>151</power><tpx1:TrackPointExtension><tpx1:atemp>21</tpx1:atemp><tpx1:hr>133</tpx1:hr><tpx1:cad>26</tpx1:cad></tpx1:TrackPointExtension></extensions></trkpt><trkpt lat="38.996078" lon="-105.047295"><time>2024-08-09T19:22:38.000Z</time><ele>2594</ele><extensions><power>0</power><tpx1:TrackPointExtension><tpx1:atemp>21</tpx1:atemp><tpx1:hr>132</tpx1:hr><tpx1:cad>2</tpx1:cad></tpx1:TrackPointExtension></extensions></trkpt><trkpt lat="38.996109" lon="-105.047295"><time>2024-08-09T19:22:39.000Z</time><ele>2594.2</ele><extensions><power>0</power><tpx1:TrackPointExtension><tpx1:atemp>21</tpx1:atemp><tpx1:hr>131</tpx1:hr><tpx1:cad>0</tpx1:cad></tpx1:TrackPointExtension></extensions></trkpt><trkpt lat="38.996147" lon="-105.047295"><time>2024-08-09T19:22:40.000Z</time><ele>2594.4</ele><extensions><power>103</power><tpx1:TrackPointExtension><tpx1:atemp>21</tpx1:atemp><tpx1:hr>130</tpx1:hr><tpx1:cad>56</tpx1:cad></tpx1:TrackPointExtension></extensions></trkpt><trkpt lat="38.996189" lon="-105.047295"><time>2024-08-09T19:22:41.000Z</time><ele>2594.6</ele><extensions><power>255</power><tpx1:TrackPointExtension><tpx1:atemp>21</tpx1:atemp><tpx1:hr>129</tpx1:hr><tpx1:cad>66</tpx1:cad></tpx1:TrackPointExtension></extensions></trkpt><trkpt lat="38.996231" lon="-105.047295"><time>2024-08-09T19:22:42.000Z</time><ele>2594.8</ele><extensions><power>387</power><tpx1:TrackPointExtension><tpx1:atemp>21</tpx1:atemp><tpx1:hr>129</tpx1:hr><tpx1:cad>69</tpx1:cad></tpx1:TrackPointExtension></extensions></trkpt><trkpt lat="38.996277" lon="-105.047302"><time>2024-08-09T19:22:43.000Z</time><ele>2595</ele><extensions><power>362</power><tpx1:TrackPointExtension><tpx1:atemp>21</tpx1:atemp><tpx1:hr>129</tpx1:hr><tpx1:cad>71</tpx1:cad></tpx1:TrackPointExtension></extensions></trkpt><trkpt lat="38.996319" lon="-105.047302"><time>2024-08-09T19:22:44.000Z</time><ele>2595.2</ele><extensions><power>315</power><tpx1:TrackPointExtension><tpx1:atemp>21</tpx1:atemp><tpx1:hr>129</tpx1:hr><tpx1:cad>71</tpx1:cad></tpx1:TrackPointExtension></extensions></trkpt><trkpt lat="38.996365" lon="-105.047302"><time>2024-08-09T19:22:45.000Z</time><ele>2595.6</ele><extensions><power>301</power><tpx1:TrackPointExtension><tpx1:atemp>21</tpx1:atemp><tpx1:hr>129</tpx1:hr><tpx1:cad>73</tpx1:cad></tpx1:TrackPointExtension></extensions></trkpt><trkpt lat="38.996414" lon="-105.047295"><time>2024-08-09T19:22:46.000Z</time><ele>2595.8</ele><extensions><power>290</power><tpx1:TrackPointExtension><tpx1:atemp>21</tpx1:atemp><tpx1:hr>129</tpx1:hr><tpx1:cad>74</tpx1:cad></tpx1:TrackPointExtension></extensions></trkpt><trkpt lat="38.99646" lon="-105.047287"><time>2024-08-09T19:22:47.000Z</time><ele>2596</ele><extensions><power>288</power><tpx1:TrackPointExtension><tpx1:atemp>21</tpx1:atemp><tpx1:hr>130</tpx1:hr><tpx1:cad>76</tpx1:cad></tpx1:TrackPointExtension></extensions></trkpt><trkpt lat="38.996502" lon="-105.047272"><time>2024-08-09T19:22:48.000Z</time><ele>2596.2</ele><extensions><power>303</power><tpx1:TrackPointExtension><tpx1:atemp>21</tpx1:atemp><tpx1:hr>131</tpx1:hr><tpx1:cad>77</tpx1:cad></tpx1:TrackPointExtension></extensions></trkpt><trkpt lat="38.996548" lon="-105.047256"><time>2024-08-09T19:22:49.000Z</time><ele>2596.4</ele><extensions><power>298</power><tpx1:TrackPointExtension><tpx1:atemp>21</tpx1:atemp><tpx1:hr>131</tpx1:hr><tpx1:cad>83</tpx1:cad></tpx1:TrackPointExtension></extensions></trkpt><trkpt lat="38.99659" lon="-105.047241"><time>2024-08-09T19:22:50.000Z</time><ele>2596.6</ele><extensions><power>279</power><tpx1:TrackPointExtension><tpx1:atemp>21</tpx1:atemp><tpx1:hr>131</tpx1:hr><tpx1:cad>80</tpx1:cad></tpx1:TrackPointExtension></extensions></trkpt><trkpt lat="38.996632" lon="-105.047218"><time>2024-08-09T19:22:51.000Z</time><ele>2596.8</ele><extensions><power>239</power><tpx1:TrackPointExtension><tpx1:atemp>21</tpx1:atemp><tpx1:hr>133</tpx1:hr><tpx1:cad>79</tpx1:cad></tpx1:TrackPointExtension></extensions></trkpt><trkpt lat="38.996674" lon="-105.047203"><time>2024-08-09T19:22:52.000Z</time><ele>2597</ele><extensions><power>244</power><tpx1:TrackPointExtension><tpx1:atemp>21</tpx1:atemp><tpx1:hr>133</tpx1:hr><tpx1:cad>79</tpx1:cad></tpx1:TrackPointExtension></extensions></trkpt><trkpt lat="38.996712" lon="-105.04718"><time>2024-08-09T19:22:53.000Z</time><ele>2597.2</ele><extensions><power>235</power><tpx1:TrackPointExtension><tpx1:atemp>21</tpx1:atemp><tpx1:hr>133</tpx1:hr><tpx1:cad>78</tpx1:cad></tpx1:TrackPointExtension></extensions></trkpt><trkpt lat="38.996754" lon="-105.047157"><time>2024-08-09T19:22:54.000Z</time><ele>2597.4</ele><extensions><power>244</power><tpx1:TrackPointExtension><tpx1:atemp>21</tpx1:atemp><tpx1:hr>134</tpx1:hr><tpx1:cad>79</tpx1:cad></tpx1:TrackPointExtension></extensions></trkpt><trkpt lat="38.996792" lon="-105.047142"><time>2024-08-09T19:22:55.000Z</time><ele>2597.6</ele><extensions><power>242</power><tpx1:TrackPointExtension><tpx1:atemp>21</tpx1:atemp><tpx1:hr>134</tpx1:hr><tpx1:cad>78</tpx1:cad></tpx1:TrackPointExtension></extensions></trkpt><trkpt lat="38.996834" lon="-105.047119"><time>2024-08-09T19:22:56.000Z</time><ele>2597.8</ele><extensions><power>239</power><tpx1:TrackPointExtension><tpx1:atemp>21</tpx1:atemp><tpx1:hr>134</tpx1:hr><tpx1:cad>78</tpx1:cad></tpx1:TrackPointExtension></extensions></trkpt><trkpt lat="38.996876" lon="-105.047104"><time>2024-08-09T19:22:57.000Z</time><ele>2598</ele><extensions><power>249</power><tpx1:TrackPointExtension><tpx1:atemp>21</tpx1:atemp><tpx1:hr>134</tpx1:hr><tpx1:cad>78</tpx1:cad></tpx1:TrackPointExtension></extensions></trkpt><trkpt lat="38.996914" lon="-105.047081"><time>2024-08-09T19:22:58.000Z</time><ele>2598.4</ele><extensions><power>264</power><tpx1:TrackPointExtension><tpx1:atemp>21</tpx1:atemp><tpx1:hr>133</tpx1:hr><tpx1:cad>79</tpx1:cad></tpx1:TrackPointExtension></extensions></trkpt><trkpt lat="38.99696" lon="-105.047058"><time>2024-08-09T19:22:59.000Z</time><ele>2598.6</ele><extensions><power>277</power><tpx1:TrackPointExtension><tpx1:atemp>21</tpx1:atemp><tpx1:hr>133</tpx1:hr><tpx1:cad>81</tpx1:cad></tpx1:TrackPointExtension></extensions></trkpt><trkpt lat="38.997002" lon="-105.047043"><time>2024-08-09T19:23:00.000Z</time><ele>2598.8</ele><extensions><power>282</power><tpx1:TrackPointExtension><tpx1:atemp>21</tpx1:atemp><tpx1:hr>133</tpx1:hr><tpx1:cad>83</tpx1:cad></tpx1:TrackPointExtension></extensions></trkpt><trkpt lat="38.997044" lon="-105.04702"><time>2024-08-09T19:23:01.000Z</time><ele>2599</ele><extensions><power>243</power><tpx1:TrackPointExtension><tpx1:atemp>21</tpx1:atemp><tpx1:hr>133</tpx1:hr><tpx1:cad>84</tpx1:cad></tpx1:TrackPointExtension></extensions></trkpt><trkpt lat="38.997089" lon="-105.046997"><time>2024-08-09T19:23:02.000Z</time><ele>2599.2</ele><extensions><power>219</power><tpx1:TrackPointExtension><tpx1:atemp>21</tpx1:atemp><tpx1:hr>133</tpx1:hr><tpx1:cad>83</tpx1:cad></tpx1:TrackPointExtension></extensions></trkpt><trkpt lat="38.997131" lon="-105.046974"><time>2024-08-09T19:23:03.000Z</time><ele>2599.2</ele><extensions><power>200</power><tpx1:TrackPointExtension><tpx1:atemp>21</tpx1:atemp><tpx1:hr>133</tpx1:hr><tpx1:cad>83</tpx1:cad></tpx1:TrackPointExtension></extensions></trkpt><trkpt lat="38.997173" lon="-105.046959"><time>2024-08-09T19:23:04.000Z</time><ele>2599.4</ele><extensions><power>181</power><tpx1:TrackPointExtension><tpx1:atemp>21</tpx1:atemp><tpx1:hr>134</tpx1:hr><tpx1:cad>82</tpx1:cad></tpx1:TrackPointExtension></extensions></trkpt><trkpt lat="38.997215" lon="-105.046936"><time>2024-08-09T19:23:05.000Z</time><ele>2599.6</ele><extensions><power>191</power><tpx1:TrackPointExtension><tpx1:atemp>21</tpx1:atemp><tpx1:hr>134</tpx1:hr><tpx1:cad>82</tpx1:cad></tpx1:TrackPointExtension></extensions></trkpt><trkpt lat="38.997261" lon="-105.046921"><time>2024-08-09T19:23:06.000Z</time><ele>2599.6</ele><extensions><power>201</power><tpx1:TrackPointExtension><tpx1:atemp>21</tpx1:atemp><tpx1:hr>134</tpx1:hr><tpx1:cad>82</tpx1:cad></tpx1:TrackPointExtension></extensions></trkpt><trkpt lat="38.997307" lon="-105.046898"><time>2024-08-09T19:23:07.000Z</time><ele>2599.8</ele><extensions><power>204</power><tpx1:TrackPointExtension><tpx1:atemp>21</tpx1:atemp><tpx1:hr>134</tpx1:hr><tpx1:cad>82</tpx1:cad></tpx1:TrackPointExtension></extensions></trkpt><trkpt lat="38.997349" lon="-105.046875"><time>2024-08-09T19:23:08.000Z</time><ele>2600</ele><extensions><power>207</power><tpx1:TrackPointExtension><tpx1:atemp>21</tpx1:atemp><tpx1:hr>134</tpx1:hr><tpx1:cad>82</tpx1:cad></tpx1:TrackPointExtension></extensions></trkpt><trkpt lat="38.997391" lon="-105.04686"><time>2024-08-09T19:23:09.000Z</time><ele>2600</ele><extensions><power>210</power><tpx1:TrackPointExtension><tpx1:atemp>21</tpx1:atemp><tpx1:hr>134</tpx1:hr><tpx1:cad>83</tpx1:cad></tpx1:TrackPointExtension></extensions></trkpt><trkpt lat="38.997437" lon="-105.046837"><time>2024-08-09T19:23:10.000Z</time><ele>2600.2</ele><extensions><power>206</power><tpx1:TrackPointExtension><tpx1:atemp>21</tpx1:atemp><tpx1:hr>135</tpx1:hr><tpx1:cad>83</tpx1:cad></tpx1:TrackPointExtension></extensions></trkpt><trkpt lat="38.997478" lon="-105.046814"><time>2024-08-09T19:23:11.000Z</time><ele>2600.4</ele><extensions><power>206</power><tpx1:TrackPointExtension><tpx1:atemp>21</tpx1:atemp><tpx1:hr>134</tpx1:hr><tpx1:cad>83</tpx1:cad></tpx1:TrackPointExtension></extensions></trkpt><trkpt lat="38.997524" lon="-105.046791"><time>2024-08-09T19:23:12.000Z</time><ele>2600.6</ele><extensions><power>205</power><tpx1:TrackPointExtension><tpx1:atemp>21</tpx1:atemp><tpx1:hr>134</tpx1:hr><tpx1:cad>84</tpx1:cad></tpx1:TrackPointExtension></extensions></trkpt><trkpt lat="38.997566" lon="-105.046776"><time>2024-08-09T19:23:13.000Z</time><ele>2600.6</ele><extensions><power>207</power><tpx1:TrackPointExtension><tpx1:atemp>21</tpx1:atemp><tpx1:hr>134</tpx1:hr><tpx1:cad>84</tpx1:cad></tpx1:TrackPointExtension></extensions></trkpt><trkpt lat="38.997612" lon="-105.046753"><time>2024-08-09T19:23:14.000Z</time><ele>2600.8</ele><extensions><power>211</power><tpx1:TrackPointExtension><tpx1:atemp>21</tpx1:atemp><tpx1:hr>133</tpx1:hr><tpx1:cad>84</tpx1:cad></tpx1:TrackPointExtension></extensions></trkpt><trkpt lat="38.997654" lon="-105.04673"><time>2024-08-09T19:23:15.000Z</time><ele>2601</ele><extensions><power>228</power><tpx1:TrackPointExtension><tpx1:atemp>21</tpx1:atemp><tpx1:hr>132</tpx1:hr><tpx1:cad>84</tpx1:cad></tpx1:TrackPointExtension></extensions></trkpt><trkpt lat="38.9977" lon="-105.046707"><time>2024-08-09T19:23:16.000Z</time><ele>2601.2</ele><extensions><power>226</power><tpx1:TrackPointExtension><tpx1:atemp>21</tpx1:atemp><tpx1:hr>132</tpx1:hr><tpx1:cad>84</tpx1:cad></tpx1:TrackPointExtension></extensions></trkpt><trkpt lat="38.997742" lon="-105.046684"><time>2024-08-09T19:23:17.000Z</time><ele>2601.2</ele><extensions><power>219</power><tpx1:TrackPointExtension><tpx1:atemp>21</tpx1:atemp><tpx1:hr>132</tpx1:hr><tpx1:cad>84</tpx1:cad></tpx1:TrackPointExtension></extensions></trkpt><trkpt lat="38.997787" lon="-105.046669"><time>2024-08-09T19:23:18.000Z</time><ele>2601.4</ele><extensions><power>217</power><tpx1:TrackPointExtension><tpx1:atemp>21</tpx1:atemp><tpx1:hr>132</tpx1:hr><tpx1:cad>84</tpx1:cad></tpx1:TrackPointExtension></extensions></trkpt><trkpt lat="38.997833" lon="-105.046646"><time>2024-08-09T19:23:19.000Z</time><ele>2601.6</ele><extensions><power>212</power><tpx1:TrackPointExtension><tpx1:atemp>21</tpx1:atemp><tpx1:hr>132</tpx1:hr><tpx1:cad>85</tpx1:cad></tpx1:TrackPointExtension></extensions></trkpt><trkpt lat="38.997875" lon="-105.046623"><time>2024-08-09T19:23:20.000Z</time><ele>2601.6</ele><extensions><power>204</power><tpx1:TrackPointExtension><tpx1:atemp>21</tpx1:atemp><tpx1:hr>132</tpx1:hr><tpx1:cad>85</tpx1:cad></tpx1:TrackPointExtension></extensions></trkpt><trkpt lat="38.997921" lon="-105.0466"><time>2024-08-09T19:23:21.000Z</time><ele>2601.8</ele><extensions><power>194</power><tpx1:TrackPointExtension><tpx1:atemp>21</tpx1:atemp><tpx1:hr>132</tpx1:hr><tpx1:cad>85</tpx1:cad></tpx1:TrackPointExtension></extensions></trkpt><trkpt lat="38.997967" lon="-105.046577"><time>2024-08-09T19:23:22.000Z</time><ele>2602</ele><extensions><power>186</power><tpx1:TrackPointExtension><tpx1:atemp>21</tpx1:atemp><tpx1:hr>131</tpx1:hr><tpx1:cad>85</tpx1:cad></tpx1:TrackPointExtension></extensions></trkpt><trkpt lat="38.998009" lon="-105.046562"><time>2024-08-09T19:23:23.000Z</time><ele>2602</ele><extensions><power>200</power><tpx1:TrackPointExtension><tpx1:atemp>21</tpx1:atemp><tpx1:hr>131</tpx1:hr><tpx1:cad>85</tpx1:cad></tpx1:TrackPointExtension></extensions></trkpt><trkpt lat="38.998054" lon="-105.046539"><time>2024-08-09T19:23:24.000Z</time><ele>2602.2</ele><extensions><power>205</power><tpx1:TrackPointExtension><tpx1:atemp>21</tpx1:atemp><tpx1:hr>131</tpx1:hr><tpx1:cad>85</tpx1:cad></tpx1:TrackPointExtension></extensions></trkpt><trkpt lat="38.9981" lon="-105.046516"><time>2024-08-09T19:23:25.000Z</time><ele>2602.4</ele><extensions><power>207</power><tpx1:TrackPointExtension><tpx1:atemp>21</tpx1:atemp><tpx1:hr>130</tpx1:hr><tpx1:cad>85</tpx1:cad></tpx1:TrackPointExtension></extensions></trkpt><trkpt lat="38.998142" lon="-105.046494"><time>2024-08-09T19:23:26.000Z</time><ele>2602.6</ele><extensions><power>232</power><tpx1:TrackPointExtension><tpx1:atemp>21</tpx1:atemp><tpx1:hr>130</tpx1:hr><tpx1:cad>83</tpx1:cad></tpx1:TrackPointExtension></extensions></trkpt><trkpt lat="38.998188" lon="-105.046471"><time>2024-08-09T19:23:27.000Z</time><ele>2602.8</ele><extensions><power>258</power><tpx1:TrackPointExtension><tpx1:atemp>21</tpx1:atemp><tpx1:hr>130</tpx1:hr><tpx1:cad>91</tpx1:cad></tpx1:TrackPointExtension></extensions></trkpt><trkpt lat="38.998234" lon="-105.046448"><time>2024-08-09T19:23:28.000Z</time><ele>2603</ele><extensions><power>240</power><tpx1:TrackPointExtension><tpx1:atemp>21</tpx1:atemp><tpx1:hr>129</tpx1:hr><tpx1:cad>85</tpx1:cad></tpx1:TrackPointExtension></extensions></trkpt><trkpt lat="38.998272" lon="-105.046432"><time>2024-08-09T19:23:29.000Z</time><ele>2603.2</ele><extensions><power>219</power><tpx1:TrackPointExtension><tpx1:atemp>21</tpx1:atemp><tpx1:hr>129</tpx1:hr><tpx1:cad>79</tpx1:cad></tpx1:TrackPointExtension></extensions></trkpt><trkpt lat="38.998314" lon="-105.04641"><time>2024-08-09T19:23:30.000Z</time><ele>2603.2</ele><extensions><power>211</power><tpx1:TrackPointExtension><tpx1:atemp>21</tpx1:atemp><tpx1:hr>129</tpx1:hr><tpx1:cad>80</tpx1:cad></tpx1:TrackPointExtension></extensions></trkpt><trkpt lat="38.998356" lon="-105.046394"><time>2024-08-09T19:23:31.000Z</time><ele>2603.4</ele><extensions><power>194</power><tpx1:TrackPointExtension><tpx1:atemp>21</tpx1:atemp><tpx1:hr>129</tpx1:hr><tpx1:cad>78</tpx1:cad></tpx1:TrackPointExtension></extensions></trkpt><trkpt lat="38.998398" lon="-105.046371"><time>2024-08-09T19:23:32.000Z</time><ele>2603.6</ele><extensions><power>200</power><tpx1:TrackPointExtension><tpx1:atemp>21</tpx1:atemp><tpx1:hr>129</tpx1:hr><tpx1:cad>77</tpx1:cad></tpx1:TrackPointExtension></extensions></trkpt><trkpt lat="38.99844" lon="-105.046356"><time>2024-08-09T19:23:33.000Z</time><ele>2603.8</ele><extensions><power>224</power><tpx1:TrackPointExtension><tpx1:atemp>21</tpx1:atemp><tpx1:hr>129</tpx1:hr><tpx1:cad>79</tpx1:cad></tpx1:TrackPointExtension></extensions></trkpt><trkpt lat="38.998482" lon="-105.046341"><time>2024-08-09T19:23:34.000Z</time><ele>2604</ele><extensions><power>242</power><tpx1:TrackPointExtension><tpx1:atemp>21</tpx1:atemp><tpx1:hr>129</tpx1:hr><tpx1:cad>79</tpx1:cad></tpx1:TrackPointExtension></extensions></trkpt><trkpt lat="38.99852" lon="-105.046326"><time>2024-08-09T19:23:35.000Z</time><ele>2604.2</ele><extensions><power>251</power><tpx1:TrackPointExtension><tpx1:atemp>21</tpx1:atemp><tpx1:hr>129</tpx1:hr><tpx1:cad>76</tpx1:cad></tpx1:TrackPointExtension></extensions></trkpt><trkpt lat="38.998562" lon="-105.046303"><time>2024-08-09T19:23:36.000Z</time><ele>2604.4</ele><extensions><power>255</power><tpx1:TrackPointExtension><tpx1:atemp>21</tpx1:atemp><tpx1:hr>128</tpx1:hr><tpx1:cad>77</tpx1:cad></tpx1:TrackPointExtension></extensions></trkpt><trkpt lat="38.998604" lon="-105.046287"><time>2024-08-09T19:23:37.000Z</time><ele>2604.6</ele><extensions><power>264</power><tpx1:TrackPointExtension><tpx1:atemp>21</tpx1:atemp><tpx1:hr>128</tpx1:hr><tpx1:cad>78</tpx1:cad></tpx1:TrackPointExtension></extensions></trkpt><trkpt lat="38.998642" lon="-105.046265"><time>2024-08-09T19:23:38.000Z</time><ele>2604.8</ele><extensions><power>266</power><tpx1:TrackPointExtension><tpx1:atemp>21</tpx1:atemp><tpx1:hr>128</tpx1:hr><tpx1:cad>79</tpx1:cad></tpx1:TrackPointExtension></extensions></trkpt><trkpt lat="38.998684" lon="-105.046249"><time>2024-08-09T19:23:39.000Z</time><ele>2605</ele><extensions><power>269</power><tpx1:TrackPointExtension><tpx1:atemp>21</tpx1:atemp><tpx1:hr>127</tpx1:hr><tpx1:cad>80</tpx1:cad></tpx1:TrackPointExtension></extensions></trkpt><trkpt lat="38.998726" lon="-105.046226"><time>2024-08-09T19:23:40.000Z</time><ele>2605.2</ele><extensions><power>270</power><tpx1:TrackPointExtension><tpx1:atemp>21</tpx1:atemp><tpx1:hr>127</tpx1:hr><tpx1:cad>81</tpx1:cad></tpx1:TrackPointExtension></extensions></trkpt><trkpt lat="38.998768" lon="-105.046204"><time>2024-08-09T19:23:41.000Z</time><ele>2605.4</ele><extensions><power>257</power><tpx1:TrackPointExtension><tpx1:atemp>21</tpx1:atemp><tpx1:hr>127</tpx1:hr><tpx1:cad>81</tpx1:cad></tpx1:TrackPointExtension></extensions></trkpt><trkpt lat="38.99881" lon="-105.046181"><time>2024-08-09T19:23:42.000Z</time><ele>2605.6</ele><extensions><power>239</power><tpx1:TrackPointExtension><tpx1:atemp>21</tpx1:atemp><tpx1:hr>127</tpx1:hr><tpx1:cad>81</tpx1:cad></tpx1:TrackPointExtension></extensions></trkpt><trkpt lat="38.998852" lon="-105.046158"><time>2024-08-09T19:23:43.000Z</time><ele>2605.8</ele><extensions><power>230</power><tpx1:TrackPointExtension><tpx1:atemp>21</tpx1:atemp><tpx1:hr>127</tpx1:hr><tpx1:cad>82</tpx1:cad></tpx1:TrackPointExtension></extensions></trkpt><trkpt lat="38.998894" lon="-105.046142"><time>2024-08-09T19:23:44.000Z</time><ele>2606</ele><extensions><power>246</power><tpx1:TrackPointExtension><tpx1:atemp>21</tpx1:atemp><tpx1:hr>127</tpx1:hr><tpx1:cad>81</tpx1:cad></tpx1:TrackPointExtension></extensions></trkpt><trkpt lat="38.998939" lon="-105.04612"><time>2024-08-09T19:23:45.000Z</time><ele>2606.2</ele><extensions><power>261</power><tpx1:TrackPointExtension><tpx1:atemp>21</tpx1:atemp><tpx1:hr>127</tpx1:hr><tpx1:cad>82</tpx1:cad></tpx1:TrackPointExtension></extensions></trkpt><trkpt lat="38.998981" lon="-105.046104"><time>2024-08-09T19:23:46.000Z</time><ele>2606.4</ele><extensions><power>270</power><tpx1:TrackPointExtension><tpx1:atemp>21</tpx1:atemp><tpx1:hr>128</tpx1:hr><tpx1:cad>82</tpx1:cad></tpx1:TrackPointExtension></extensions></trkpt><trkpt lat="38.999023" lon="-105.046081"><time>2024-08-09T19:23:47.000Z</time><ele>2606.6</ele><extensions><power>266</power><tpx1:TrackPointExtension><tpx1:atemp>21</tpx1:atemp><tpx1:hr>128</tpx1:hr><tpx1:cad>82</tpx1:cad></tpx1:TrackPointExtension></extensions></trkpt><trkpt lat="38.999065" lon="-105.046059"><time>2024-08-09T19:23:48.000Z</time><ele>2606.8</ele><extensions><power>265</power><tpx1:TrackPointExtension><tpx1:atemp>21</tpx1:atemp><tpx1:hr>128</tpx1:hr><tpx1:cad>82</tpx1:cad></tpx1:TrackPointExtension></extensions></trkpt><trkpt lat="38.999111" lon="-105.046043"><time>2024-08-09T19:23:49.000Z</time><ele>2607</ele><extensions><power>265</power><tpx1:TrackPointExtension><tpx1:atemp>21</tpx1:atemp><tpx1:hr>128</tpx1:hr><tpx1:cad>83</tpx1:cad></tpx1:TrackPointExtension></extensions></trkpt><trkpt lat="38.999153" lon="-105.04602"><time>2024-08-09T19:23:50.000Z</time><ele>2607.2</ele><extensions><power>265</power><tpx1:TrackPointExtension><tpx1:atemp>21</tpx1:atemp><tpx1:hr>128</tpx1:hr><tpx1:cad>83</tpx1:cad></tpx1:TrackPointExtension></extensions></trkpt><trkpt lat="38.999199" lon="-105.045998"><time>2024-08-09T19:23:51.000Z</time><ele>2607.4</ele><extensions><power>254</power><tpx1:TrackPointExtension><tpx1:atemp>21</tpx1:atemp><tpx1:hr>128</tpx1:hr><tpx1:cad>84</tpx1:cad></tpx1:TrackPointExtension></extensions></trkpt><trkpt lat="38.999241" lon="-105.045975"><time>2024-08-09T19:23:52.000Z</time><ele>2607.6</ele><extensions><power>230</power><tpx1:TrackPointExtension><tpx1:atemp>21</tpx1:atemp><tpx1:hr>128</tpx1:hr><tpx1:cad>82</tpx1:cad></tpx1:TrackPointExtension></extensions></trkpt><trkpt lat="38.999283" lon="-105.045959"><time>2024-08-09T19:23:53.000Z</time><ele>2607.8</ele><extensions><power>231</power><tpx1:TrackPointExtension><tpx1:atemp>21</tpx1:atemp><tpx1:hr>129</tpx1:hr><tpx1:cad>82</tpx1:cad></tpx1:TrackPointExtension></extensions></trkpt><trkpt lat="38.999325" lon="-105.045937"><time>2024-08-09T19:23:54.000Z</time><ele>2608</ele><extensions><power>238</power><tpx1:TrackPointExtension><tpx1:atemp>21</tpx1:atemp><tpx1:hr>130</tpx1:hr><tpx1:cad>82</tpx1:cad></tpx1:TrackPointExtension></extensions></trkpt><trkpt lat="38.999367" lon="-105.045914"><time>2024-08-09T19:23:55.000Z</time><ele>2608.2</ele><extensions><power>241</power><tpx1:TrackPointExtension><tpx1:atemp>21</tpx1:atemp><tpx1:hr>131</tpx1:hr><tpx1:cad>81</tpx1:cad></tpx1:TrackPointExtension></extensions></trkpt><trkpt lat="38.999409" lon="-105.045891"><time>2024-08-09T19:23:56.000Z</time><ele>2608.4</ele><extensions><power>232</power><tpx1:TrackPointExtension><tpx1:atemp>21</tpx1:atemp><tpx1:hr>132</tpx1:hr><tpx1:cad>81</tpx1:cad></tpx1:TrackPointExtension></extensions></trkpt><trkpt lat="38.999451" lon="-105.045876"><time>2024-08-09T19:23:57.000Z</time><ele>2608.4</ele><extensions><power>232</power><tpx1:TrackPointExtension><tpx1:atemp>22</tpx1:atemp><tpx1:hr>133</tpx1:hr><tpx1:cad>79</tpx1:cad></tpx1:TrackPointExtension></extensions></trkpt><trkpt lat="38.999496" lon="-105.04586"><time>2024-08-09T19:23:58.000Z</time><ele>2608.6</ele><extensions><power>238</power><tpx1:TrackPointExtension><tpx1:atemp>22</tpx1:atemp><tpx1:hr>133</tpx1:hr><tpx1:cad>82</tpx1:cad></tpx1:TrackPointExtension></extensions></trkpt><trkpt lat="38.999538" lon="-105.045845"><time>2024-08-09T19:23:59.000Z</time><ele>2609</ele><extensions><power>258</power><tpx1:TrackPointExtension><tpx1:atemp>22</tpx1:atemp><tpx1:hr>134</tpx1:hr><tpx1:cad>80</tpx1:cad></tpx1:TrackPointExtension></extensions></trkpt><trkpt lat="38.99958" lon="-105.04583"><time>2024-08-09T19:24:00.000Z</time><ele>2609.2</ele><extensions><power>263</power><tpx1:TrackPointExtension><tpx1:atemp>22</tpx1:atemp><tpx1:hr>134</tpx1:hr><tpx1:cad>81</tpx1:cad></tpx1:TrackPointExtension></extensions></trkpt><trkpt lat="38.999626" lon="-105.045815"><time>2024-08-09T19:24:01.000Z</time><ele>2609.2</ele><extensions><power>248</power><tpx1:TrackPointExtension><tpx1:atemp>22</tpx1:atemp><tpx1:hr>134</tpx1:hr><tpx1:cad>81</tpx1:cad></tpx1:TrackPointExtension></extensions></trkpt><trkpt lat="38.999672" lon="-105.045792"><time>2024-08-09T19:24:02.000Z</time><ele>2609.4</ele><extensions><power>214</power><tpx1:TrackPointExtension><tpx1:atemp>22</tpx1:atemp><tpx1:hr>134</tpx1:hr><tpx1:cad>84</tpx1:cad></tpx1:TrackPointExtension></extensions></trkpt><trkpt lat="38.999714" lon="-105.045776"><time>2024-08-09T19:24:03.000Z</time><ele>2609.6</ele><extensions><power>191</power><tpx1:TrackPointExtension><tpx1:atemp>22</tpx1:atemp><tpx1:hr>134</tpx1:hr><tpx1:cad>84</tpx1:cad></tpx1:TrackPointExtension></extensions></trkpt><trkpt lat="38.99976" lon="-105.045761"><time>2024-08-09T19:24:04.000Z</time><ele>2609.6</ele><extensions><power>187</power><tpx1:TrackPointExtension><tpx1:atemp>22</tpx1:atemp><tpx1:hr>134</tpx1:hr><tpx1:cad>85</tpx1:cad></tpx1:TrackPointExtension></extensions></trkpt><trkpt lat="38.999809" lon="-105.045746"><time>2024-08-09T19:24:05.000Z</time><ele>2609.8</ele><extensions><power>200</power><tpx1:TrackPointExtension><tpx1:atemp>22</tpx1:atemp><tpx1:hr>134</tpx1:hr><tpx1:cad>88</tpx1:cad></tpx1:TrackPointExtension></extensions></trkpt><trkpt lat="38.999855" lon="-105.045731"><time>2024-08-09T19:24:06.000Z</time><ele>2610</ele><extensions><power>217</power><tpx1:TrackPointExtension><tpx1:atemp>22</tpx1:atemp><tpx1:hr>134</tpx1:hr><tpx1:cad>86</tpx1:cad></tpx1:TrackPointExtension></extensions></trkpt><trkpt lat="38.999905" lon="-105.045723"><time>2024-08-09T19:24:07.000Z</time><ele>2610</ele><extensions><power>211</power><tpx1:TrackPointExtension><tpx1:atemp>22</tpx1:atemp><tpx1:hr>134</tpx1:hr><tpx1:cad>87</tpx1:cad></tpx1:TrackPointExtension></extensions></trkpt><trkpt lat="38.999954" lon="-105.045715"><time>2024-08-09T19:24:08.000Z</time><ele>2610.2</ele><extensions><power>211</power><tpx1:TrackPointExtension><tpx1:atemp>22</tpx1:atemp><tpx1:hr>134</tpx1:hr><tpx1:cad>89</tpx1:cad></tpx1:TrackPointExtension></extensions></trkpt><trkpt lat="39" lon="-105.045708"><time>2024-08-09T19:24:09.000Z</time><ele>2610.2</ele><extensions><power>197</power><tpx1:TrackPointExtension><tpx1:atemp>22</tpx1:atemp><tpx1:hr>133</tpx1:hr><tpx1:cad>88</tpx1:cad></tpx1:TrackPointExtension></extensions></trkpt><trkpt lat="39.00005" lon="-105.0457"><time>2024-08-09T19:24:10.000Z</time><ele>2610.4</ele><extensions><power>188</power><tpx1:TrackPointExtension><tpx1:atemp>22</tpx1:atemp><tpx1:hr>133</tpx1:hr><tpx1:cad>88</tpx1:cad></tpx1:TrackPointExtension></extensions></trkpt><trkpt lat="39.000099" lon="-105.045685"><time>2024-08-09T19:24:11.000Z</time><ele>2610.6</ele><extensions><power>186</power><tpx1:TrackPointExtension><tpx1:atemp>22</tpx1:atemp><tpx1:hr>133</tpx1:hr><tpx1:cad>88</tpx1:cad></tpx1:TrackPointExtension></extensions></trkpt><trkpt lat="39.000149" lon="-105.045677"><time>2024-08-09T19:24:12.000Z</time><ele>2610.6</ele><extensions><power>184</power><tpx1:TrackPointExtension><tpx1:atemp>22</tpx1:atemp><tpx1:hr>133</tpx1:hr><tpx1:cad>88</tpx1:cad></tpx1:TrackPointExtension></extensions></trkpt><trkpt lat="39.000195" lon="-105.045669"><time>2024-08-09T19:24:13.000Z</time><ele>2610.8</ele><extensions><power>184</power><tpx1:TrackPointExtension><tpx1:atemp>22</tpx1:atemp><tpx1:hr>133</tpx1:hr><tpx1:cad>88</tpx1:cad></tpx1:TrackPointExtension></extensions></trkpt><trkpt lat="39.000244" lon="-105.045669"><time>2024-08-09T19:24:14.000Z</time><ele>2610.8</ele><extensions><power>186</power><tpx1:TrackPointExtension><tpx1:atemp>22</tpx1:atemp><tpx1:hr>132</tpx1:hr><tpx1:cad>89</tpx1:cad></tpx1:TrackPointExtension></extensions></trkpt><trkpt lat="39.000297" lon="-105.045662"><time>2024-08-09T19:24:15.000Z</time><ele>2611</ele><extensions><power>190</power><tpx1:TrackPointExtension><tpx1:atemp>22</tpx1:atemp><tpx1:hr>131</tpx1:hr><tpx1:cad>80</tpx1:cad></tpx1:TrackPointExtension></extensions></trkpt><trkpt lat="39.000347" lon="-105.045654"><time>2024-08-09T19:24:16.000Z</time><ele>2611</ele><extensions><power>192</power><tpx1:TrackPointExtension><tpx1:atemp>22</tpx1:atemp><tpx1:hr>131</tpx1:hr><tpx1:cad>82</tpx1:cad></tpx1:TrackPointExtension></extensions></trkpt><trkpt lat="39.000397" lon="-105.045647"><time>2024-08-09T19:24:17.000Z</time><ele>2611</ele><extensions><power>199</power><tpx1:TrackPointExtension><tpx1:atemp>22</tpx1:atemp><tpx1:hr>131</tpx1:hr><tpx1:cad>81</tpx1:cad></tpx1:TrackPointExtension></extensions></trkpt><trkpt lat="39.00045" lon="-105.045647"><time>2024-08-09T19:24:18.000Z</time><ele>2611.2</ele><extensions><power>200</power><tpx1:TrackPointExtension><tpx1:atemp>22</tpx1:atemp><tpx1:hr>130</tpx1:hr><tpx1:cad>81</tpx1:cad></tpx1:TrackPointExtension></extensions></trkpt><trkpt lat="39.0005" lon="-105.045639"><time>2024-08-09T19:24:19.000Z</time><ele>2611.4</ele><extensions><power>203</power><tpx1:TrackPointExtension><tpx1:atemp>22</tpx1:atemp><tpx1:hr>131</tpx1:hr><tpx1:cad>84</tpx1:cad></tpx1:TrackPointExtension></extensions></trkpt><trkpt lat="39.000553" lon="-105.045639"><time>2024-08-09T19:24:20.000Z</time><ele>2611.4</ele><extensions><power>221</power><tpx1:TrackPointExtension><tpx1:atemp>22</tpx1:atemp><tpx1:hr>131</tpx1:hr><tpx1:cad>82</tpx1:cad></tpx1:TrackPointExtension></extensions></trkpt><trkpt lat="39.000603" lon="-105.045639"><time>2024-08-09T19:24:21.000Z</time><ele>2611.6</ele><extensions><power>225</power><tpx1:TrackPointExtension><tpx1:atemp>22</tpx1:atemp><tpx1:hr>131</tpx1:hr><tpx1:cad>84</tpx1:cad></tpx1:TrackPointExtension></extensions></trkpt><trkpt lat="39.000656" lon="-105.045639"><time>2024-08-09T19:24:22.000Z</time><ele>2611.8</ele><extensions><power>218</power><tpx1:TrackPointExtension><tpx1:atemp>22</tpx1:atemp><tpx1:hr>131</tpx1:hr><tpx1:cad>84</tpx1:cad></tpx1:TrackPointExtension></extensions></trkpt><trkpt lat="39.00071" lon="-105.045639"><time>2024-08-09T19:24:23.000Z</time><ele>2611.8</ele><extensions><power>203</power><tpx1:TrackPointExtension><tpx1:atemp>22</tpx1:atemp><tpx1:hr>130</tpx1:hr><tpx1:cad>85</tpx1:cad></tpx1:TrackPointExtension></extensions></trkpt><trkpt lat="39.000763" lon="-105.045631"><time>2024-08-09T19:24:24.000Z</time><ele>2612</ele><extensions><power>189</power><tpx1:TrackPointExtension><tpx1:atemp>22</tpx1:atemp><tpx1:hr>130</tpx1:hr><tpx1:cad>85</tpx1:cad></tpx1:TrackPointExtension></extensions></trkpt><trkpt lat="39.000816" lon="-105.045631"><time>2024-08-09T19:24:25.000Z</time><ele>2612.2</ele><extensions><power>194</power><tpx1:TrackPointExtension><tpx1:atemp>22</tpx1:atemp><tpx1:hr>129</tpx1:hr><tpx1:cad>85</tpx1:cad></tpx1:TrackPointExtension></extensions></trkpt><trkpt lat="39.000874" lon="-105.045631"><time>2024-08-09T19:24:26.000Z</time><ele>2612.4</ele><extensions><power>197</power><tpx1:TrackPointExtension><tpx1:atemp>22</tpx1:atemp><tpx1:hr>128</tpx1:hr><tpx1:cad>85</tpx1:cad></tpx1:TrackPointExtension></extensions></trkpt><trkpt lat="39.000923" lon="-105.045631"><time>2024-08-09T19:24:27.000Z</time><ele>2612.4</ele><extensions><power>187</power><tpx1:TrackPointExtension><tpx1:atemp>22</tpx1:atemp><tpx1:hr>128</tpx1:hr><tpx1:cad>84</tpx1:cad></tpx1:TrackPointExtension></extensions></trkpt><trkpt lat="39.000977" lon="-105.045631"><time>2024-08-09T19:24:28.000Z</time><ele>2612.6</ele><extensions><power>183</power><tpx1:TrackPointExtension><tpx1:atemp>22</tpx1:atemp><tpx1:hr>128</tpx1:hr><tpx1:cad>84</tpx1:cad></tpx1:TrackPointExtension></extensions></trkpt><trkpt lat="39.00103" lon="-105.045631"><time>2024-08-09T19:24:29.000Z</time><ele>2612.8</ele><extensions><power>184</power><tpx1:TrackPointExtension><tpx1:atemp>22</tpx1:atemp><tpx1:hr>128</tpx1:hr><tpx1:cad>86</tpx1:cad></tpx1:TrackPointExtension></extensions></trkpt><trkpt lat="39.001087" lon="-105.045631"><time>2024-08-09T19:24:30.000Z</time><ele>2612.8</ele><extensions><power>186</power><tpx1:TrackPointExtension><tpx1:atemp>22</tpx1:atemp><tpx1:hr>128</tpx1:hr><tpx1:cad>87</tpx1:cad></tpx1:TrackPointExtension></extensions></trkpt><trkpt lat="39.001144" lon="-105.045631"><time>2024-08-09T19:24:31.000Z</time><ele>2612.8</ele><extensions><power>202</power><tpx1:TrackPointExtension><tpx1:atemp>22</tpx1:atemp><tpx1:hr>129</tpx1:hr><tpx1:cad>88</tpx1:cad></tpx1:TrackPointExtension></extensions></trkpt><trkpt lat="39.001202" lon="-105.045624"><time>2024-08-09T19:24:32.000Z</time><ele>2613</ele><extensions><power>203</power><tpx1:TrackPointExtension><tpx1:atemp>22</tpx1:atemp><tpx1:hr>129</tpx1:hr><tpx1:cad>90</tpx1:cad></tpx1:TrackPointExtension></extensions></trkpt><trkpt lat="39.001263" lon="-105.045624"><time>2024-08-09T19:24:33.000Z</time><ele>2613</ele><extensions><power>202</power><tpx1:TrackPointExtension><tpx1:atemp>22</tpx1:atemp><tpx1:hr>129</tpx1:hr><tpx1:cad>91</tpx1:cad></tpx1:TrackPointExtension></extensions></trkpt><trkpt lat="39.00132" lon="-105.045624"><time>2024-08-09T19:24:34.000Z</time><ele>2613</ele><extensions><power>183</power><tpx1:TrackPointExtension><tpx1:atemp>22</tpx1:atemp><tpx1:hr>129</tpx1:hr><tpx1:cad>82</tpx1:cad></tpx1:TrackPointExtension></extensions></trkpt><trkpt lat="39.001385" lon="-105.045624"><time>2024-08-09T19:24:35.000Z</time><ele>2613</ele><extensions><power>154</power><tpx1:TrackPointExtension><tpx1:atemp>22</tpx1:atemp><tpx1:hr>130</tpx1:hr><tpx1:cad>73</tpx1:cad></tpx1:TrackPointExtension></extensions></trkpt><trkpt lat="39.001446" lon="-105.045631"><time>2024-08-09T19:24:36.000Z</time><ele>2612.8</ele><extensions><power>142</power><tpx1:TrackPointExtension><tpx1:atemp>22</tpx1:atemp><tpx1:hr>131</tpx1:hr><tpx1:cad>55</tpx1:cad></tpx1:TrackPointExtension></extensions></trkpt><trkpt lat="39.001511" lon="-105.045624"><time>2024-08-09T19:24:37.000Z</time><ele>2612.6</ele><extensions><power>130</power><tpx1:TrackPointExtension><tpx1:atemp>22</tpx1:atemp><tpx1:hr>131</tpx1:hr><tpx1:cad>36</tpx1:cad></tpx1:TrackPointExtension></extensions></trkpt><trkpt lat="39.001583" lon="-105.045624"><time>2024-08-09T19:24:38.000Z</time><ele>2612.6</ele><extensions><power>117</power><tpx1:TrackPointExtension><tpx1:atemp>22</tpx1:atemp><tpx1:hr>131</tpx1:hr><tpx1:cad>17</tpx1:cad></tpx1:TrackPointExtension></extensions></trkpt><trkpt lat="39.001652" lon="-105.045624"><time>2024-08-09T19:24:39.000Z</time><ele>2612.4</ele><extensions><power>2</power><tpx1:TrackPointExtension><tpx1:atemp>22</tpx1:atemp><tpx1:hr>132</tpx1:hr><tpx1:cad>34</tpx1:cad></tpx1:TrackPointExtension></extensions></trkpt><trkpt lat="39.00172" lon="-105.045624"><time>2024-08-09T19:24:40.000Z</time><ele>2612.2</ele><extensions><power>72</power><tpx1:TrackPointExtension><tpx1:atemp>22</tpx1:atemp><tpx1:hr>132</tpx1:hr><tpx1:cad>81</tpx1:cad></tpx1:TrackPointExtension></extensions></trkpt><trkpt lat="39.001793" lon="-105.045624"><time>2024-08-09T19:24:41.000Z</time><ele>2612.2</ele><extensions><power>107</power><tpx1:TrackPointExtension><tpx1:atemp>22</tpx1:atemp><tpx1:hr>133</tpx1:hr><tpx1:cad>82</tpx1:cad></tpx1:TrackPointExtension></extensions></trkpt><trkpt lat="39.001865" lon="-105.045624"><time>2024-08-09T19:24:42.000Z</time><ele>2612</ele><extensions><power>115</power><tpx1:TrackPointExtension><tpx1:atemp>22</tpx1:atemp><tpx1:hr>132</tpx1:hr><tpx1:cad>85</tpx1:cad></tpx1:TrackPointExtension></extensions></trkpt><trkpt lat="39.001942" lon="-105.045624"><time>2024-08-09T19:24:43.000Z</time><ele>2611.8</ele><extensions><power>118</power><tpx1:TrackPointExtension><tpx1:atemp>22</tpx1:atemp><tpx1:hr>131</tpx1:hr><tpx1:cad>85</tpx1:cad></tpx1:TrackPointExtension></extensions></trkpt><trkpt lat="39.002022" lon="-105.045624"><time>2024-08-09T19:24:44.000Z</time><ele>2611.6</ele><extensions><power>122</power><tpx1:TrackPointExtension><tpx1:atemp>22</tpx1:atemp><tpx1:hr>130</tpx1:hr><tpx1:cad>86</tpx1:cad></tpx1:TrackPointExtension></extensions></trkpt><trkpt lat="39.002098" lon="-105.045624"><time>2024-08-09T19:24:45.000Z</time><ele>2611.6</ele><extensions><power>130</power><tpx1:TrackPointExtension><tpx1:atemp>22</tpx1:atemp><tpx1:hr>127</tpx1:hr><tpx1:cad>87</tpx1:cad></tpx1:TrackPointExtension></extensions></trkpt><trkpt lat="39.002178" lon="-105.045624"><time>2024-08-09T19:24:46.000Z</time><ele>2611.2</ele><extensions><power>162</power><tpx1:TrackPointExtension><tpx1:atemp>22</tpx1:atemp><tpx1:hr>123</tpx1:hr><tpx1:cad>85</tpx1:cad></tpx1:TrackPointExtension></extensions></trkpt><trkpt lat="39.002258" lon="-105.045624"><time>2024-08-09T19:24:47.000Z</time><ele>2611</ele><extensions><power>150</power><tpx1:TrackPointExtension><tpx1:atemp>22</tpx1:atemp><tpx1:hr>121</tpx1:hr><tpx1:cad>80</tpx1:cad></tpx1:TrackPointExtension></extensions></trkpt><trkpt lat="39.002338" lon="-105.045624"><time>2024-08-09T19:24:48.000Z</time><ele>2611</ele><extensions><power>135</power><tpx1:TrackPointExtension><tpx1:atemp>22</tpx1:atemp><tpx1:hr>119</tpx1:hr><tpx1:cad>81</tpx1:cad></tpx1:TrackPointExtension></extensions></trkpt><trkpt lat="39.002422" lon="-105.045624"><time>2024-08-09T19:24:49.000Z</time><ele>2610.8</ele><extensions><power>142</power><tpx1:TrackPointExtension><tpx1:atemp>22</tpx1:atemp><tpx1:hr>118</tpx1:hr><tpx1:cad>84</tpx1:cad></tpx1:TrackPointExtension></extensions></trkpt><trkpt lat="39.002506" lon="-105.045624"><time>2024-08-09T19:24:50.000Z</time><ele>2610.6</ele><extensions><power>139</power><tpx1:TrackPointExtension><tpx1:atemp>22</tpx1:atemp><tpx1:hr>117</tpx1:hr><tpx1:cad>86</tpx1:cad></tpx1:TrackPointExtension></extensions></trkpt><trkpt lat="39.00259" lon="-105.045624"><time>2024-08-09T19:24:51.000Z</time><ele>2610.4</ele><extensions><power>137</power><tpx1:TrackPointExtension><tpx1:atemp>22</tpx1:atemp><tpx1:hr>116</tpx1:hr><tpx1:cad>87</tpx1:cad></tpx1:TrackPointExtension></extensions></trkpt><trkpt lat="39.002682" lon="-105.045624"><time>2024-08-09T19:24:52.000Z</time><ele>2610.2</ele><extensions><power>136</power><tpx1:TrackPointExtension><tpx1:atemp>22</tpx1:atemp><tpx1:hr>116</tpx1:hr><tpx1:cad>90</tpx1:cad></tpx1:TrackPointExtension></extensions></trkpt><trkpt lat="39.002777" lon="-105.045616"><time>2024-08-09T19:24:53.000Z</time><ele>2610</ele><extensions><power>136</power><tpx1:TrackPointExtension><tpx1:atemp>22</tpx1:atemp><tpx1:hr>116</tpx1:hr><tpx1:cad>90</tpx1:cad></tpx1:TrackPointExtension></extensions></trkpt><trkpt lat="39.002872" lon="-105.045616"><time>2024-08-09T19:24:54.000Z</time><ele>2609.8</ele><extensions><power>136</power><tpx1:TrackPointExtension><tpx1:atemp>22</tpx1:atemp><tpx1:hr>116</tpx1:hr><tpx1:cad>87</tpx1:cad></tpx1:TrackPointExtension></extensions></trkpt><trkpt lat="39.002972" lon="-105.045624"><time>2024-08-09T19:24:55.000Z</time><ele>2609.6</ele><extensions><power>133</power><tpx1:TrackPointExtension><tpx1:atemp>22</tpx1:atemp><tpx1:hr>115</tpx1:hr><tpx1:cad>84</tpx1:cad></tpx1:TrackPointExtension></extensions></trkpt><trkpt lat="39.003067" lon="-105.045616"><time>2024-08-09T19:24:56.000Z</time><ele>2609.2</ele><extensions><power>135</power><tpx1:TrackPointExtension><tpx1:atemp>22</tpx1:atemp><tpx1:hr>114</tpx1:hr><tpx1:cad>84</tpx1:cad></tpx1:TrackPointExtension></extensions></trkpt><trkpt lat="39.003162" lon="-105.045616"><time>2024-08-09T19:24:57.000Z</time><ele>2609</ele><extensions><power>141</power><tpx1:TrackPointExtension><tpx1:atemp>22</tpx1:atemp><tpx1:hr>114</tpx1:hr><tpx1:cad>85</tpx1:cad></tpx1:TrackPointExtension></extensions></trkpt><trkpt lat="39.003265" lon="-105.045616"><time>2024-08-09T19:24:58.000Z</time><ele>2608.8</ele><extensions><power>163</power><tpx1:TrackPointExtension><tpx1:atemp>22</tpx1:atemp><tpx1:hr>113</tpx1:hr><tpx1:cad>82</tpx1:cad></tpx1:TrackPointExtension></extensions></trkpt><trkpt lat="39.003372" lon="-105.045608"><time>2024-08-09T19:24:59.000Z</time><ele>2608.4</ele><extensions><power>163</power><tpx1:TrackPointExtension><tpx1:atemp>22</tpx1:atemp><tpx1:hr>113</tpx1:hr><tpx1:cad>74</tpx1:cad></tpx1:TrackPointExtension></extensions></trkpt><trkpt lat="39.003475" lon="-105.045608"><time>2024-08-09T19:25:00.000Z</time><ele>2608.2</ele><extensions><power>141</power><tpx1:TrackPointExtension><tpx1:atemp>22</tpx1:atemp><tpx1:hr>113</tpx1:hr><tpx1:cad>90</tpx1:cad></tpx1:TrackPointExtension></extensions></trkpt><trkpt lat="39.003578" lon="-105.045616"><time>2024-08-09T19:25:01.000Z</time><ele>2608</ele><extensions><power>119</power><tpx1:TrackPointExtension><tpx1:atemp>22</tpx1:atemp><tpx1:hr>113</tpx1:hr><tpx1:cad>75</tpx1:cad></tpx1:TrackPointExtension></extensions></trkpt><trkpt lat="39.003681" lon="-105.045608"><time>2024-08-09T19:25:02.000Z</time><ele>2607.6</ele><extensions><power>96</power><tpx1:TrackPointExtension><tpx1:atemp>22</tpx1:atemp><tpx1:hr>114</tpx1:hr><tpx1:cad>51</tpx1:cad></tpx1:TrackPointExtension></extensions></trkpt><trkpt lat="39.003788" lon="-105.045608"><time>2024-08-09T19:25:03.000Z</time><ele>2607.2</ele><extensions><power>73</power><tpx1:TrackPointExtension><tpx1:atemp>22</tpx1:atemp><tpx1:hr>114</tpx1:hr><tpx1:cad>27</tpx1:cad></tpx1:TrackPointExtension></extensions></trkpt><trkpt lat="39.003895" lon="-105.045608"><time>2024-08-09T19:25:04.000Z</time><ele>2606.6</ele><extensions><power>0</power><tpx1:TrackPointExtension><tpx1:atemp>22</tpx1:atemp><tpx1:hr>114</tpx1:hr><tpx1:cad>3</tpx1:cad></tpx1:TrackPointExtension></extensions></trkpt><trkpt lat="39.004005" lon="-105.045608"><time>2024-08-09T19:25:05.000Z</time><ele>2606.2</ele><extensions><power>0</power><tpx1:TrackPointExtension><tpx1:atemp>22</tpx1:atemp><tpx1:hr>114</tpx1:hr><tpx1:cad>0</tpx1:cad></tpx1:TrackPointExtension></extensions></trkpt><trkpt lat="39.004116" lon="-105.045608"><time>2024-08-09T19:25:06.000Z</time><ele>2605.8</ele><extensions><power>0</power><tpx1:TrackPointExtension><tpx1:atemp>22</tpx1:atemp><tpx1:hr>113</tpx1:hr><tpx1:cad>0</tpx1:cad></tpx1:TrackPointExtension></extensions></trkpt><trkpt lat="39.004227" lon="-105.045616"><time>2024-08-09T19:25:07.000Z</time><ele>2605.4</ele><extensions><power>0</power><tpx1:TrackPointExtension><tpx1:atemp>22</tpx1:atemp><tpx1:hr>112</tpx1:hr><tpx1:cad>0</tpx1:cad></tpx1:TrackPointExtension></extensions></trkpt><trkpt lat="39.004337" lon="-105.045608"><time>2024-08-09T19:25:08.000Z</time><ele>2605</ele><extensions><power>0</power><tpx1:TrackPointExtension><tpx1:atemp>22</tpx1:atemp><tpx1:hr>112</tpx1:hr><tpx1:cad>0</tpx1:cad></tpx1:TrackPointExtension></extensions></trkpt><trkpt lat="39.004452" lon="-105.045601"><time>2024-08-09T19:25:09.000Z</time><ele>2604.6</ele><extensions><power>6</power><tpx1:TrackPointExtension><tpx1:atemp>22</tpx1:atemp><tpx1:hr>111</tpx1:hr><tpx1:cad>20</tpx1:cad></tpx1:TrackPointExtension></extensions></trkpt><trkpt lat="39.004566" lon="-105.045601"><time>2024-08-09T19:25:10.000Z</time><ele>2604.2</ele><extensions><power>13</power><tpx1:TrackPointExtension><tpx1:atemp>22</tpx1:atemp><tpx1:hr>111</tpx1:hr><tpx1:cad>77</tpx1:cad></tpx1:TrackPointExtension></extensions></trkpt><trkpt lat="39.004681" lon="-105.045593"><time>2024-08-09T19:25:11.000Z</time><ele>2603.8</ele><extensions><power>62</power><tpx1:TrackPointExtension><tpx1:atemp>22</tpx1:atemp><tpx1:hr>111</tpx1:hr><tpx1:cad>84</tpx1:cad></tpx1:TrackPointExtension></extensions></trkpt><trkpt lat="39.004803" lon="-105.045586"><time>2024-08-09T19:25:12.000Z</time><ele>2603.2</ele><extensions><power>83</power><tpx1:TrackPointExtension><tpx1:atemp>22</tpx1:atemp><tpx1:hr>109</tpx1:hr><tpx1:cad>82</tpx1:cad></tpx1:TrackPointExtension></extensions></trkpt><trkpt lat="39.004921" lon="-105.045593"><time>2024-08-09T19:25:13.000Z</time><ele>2602.8</ele><extensions><power>102</power><tpx1:TrackPointExtension><tpx1:atemp>22</tpx1:atemp><tpx1:hr>108</tpx1:hr><tpx1:cad>83</tpx1:cad></tpx1:TrackPointExtension></extensions></trkpt><trkpt lat="39.005043" lon="-105.045586"><time>2024-08-09T19:25:14.000Z</time><ele>2602.2</ele><extensions><power>117</power><tpx1:TrackPointExtension><tpx1:atemp>22</tpx1:atemp><tpx1:hr>108</tpx1:hr><tpx1:cad>84</tpx1:cad></tpx1:TrackPointExtension></extensions></trkpt><trkpt lat="39.005165" lon="-105.045586"><time>2024-08-09T19:25:15.000Z</time><ele>2601.6</ele><extensions><power>126</power><tpx1:TrackPointExtension><tpx1:atemp>22</tpx1:atemp><tpx1:hr>106</tpx1:hr><tpx1:cad>84</tpx1:cad></tpx1:TrackPointExtension></extensions></trkpt><trkpt lat="39.005287" lon="-105.045586"><time>2024-08-09T19:25:16.000Z</time><ele>2601</ele><extensions><power>143</power><tpx1:TrackPointExtension><tpx1:atemp>22</tpx1:atemp><tpx1:hr>106</tpx1:hr><tpx1:cad>83</tpx1:cad></tpx1:TrackPointExtension></extensions></trkpt><trkpt lat="39.005413" lon="-105.045586"><time>2024-08-09T19:25:17.000Z</time><ele>2600.6</ele><extensions><power>138</power><tpx1:TrackPointExtension><tpx1:atemp>22</tpx1:atemp><tpx1:hr>105</tpx1:hr><tpx1:cad>65</tpx1:cad></tpx1:TrackPointExtension></extensions></trkpt><trkpt lat="39.005535" lon="-105.045586"><time>2024-08-09T19:25:18.000Z</time><ele>2600.2</ele><extensions><power>133</power><tpx1:TrackPointExtension><tpx1:atemp>22</tpx1:atemp><tpx1:hr>104</tpx1:hr><tpx1:cad>47</tpx1:cad></tpx1:TrackPointExtension></extensions></trkpt><trkpt lat="39.005661" lon="-105.045593"><time>2024-08-09T19:25:19.000Z</time><ele>2599.8</ele><extensions><power>128</power><tpx1:TrackPointExtension><tpx1:atemp>22</tpx1:atemp><tpx1:hr>104</tpx1:hr><tpx1:cad>29</tpx1:cad></tpx1:TrackPointExtension></extensions></trkpt><trkpt lat="39.005787" lon="-105.045601"><time>2024-08-09T19:25:20.000Z</time><ele>2599.4</ele><extensions><power>122</power><tpx1:TrackPointExtension><tpx1:atemp>22</tpx1:atemp><tpx1:hr>104</tpx1:hr><tpx1:cad>11</tpx1:cad></tpx1:TrackPointExtension></extensions></trkpt><trkpt lat="39.005913" lon="-105.045593"><time>2024-08-09T19:25:21.000Z</time><ele>2598.8</ele><extensions><power>0</power><tpx1:TrackPointExtension><tpx1:atemp>22</tpx1:atemp><tpx1:hr>104</tpx1:hr><tpx1:cad>0</tpx1:cad></tpx1:TrackPointExtension></extensions></trkpt><trkpt lat="39.006035" lon="-105.045586"><time>2024-08-09T19:25:22.000Z</time><ele>2598.4</ele><extensions><power>0</power><tpx1:TrackPointExtension><tpx1:atemp>22</tpx1:atemp><tpx1:hr>104</tpx1:hr><tpx1:cad>0</tpx1:cad></tpx1:TrackPointExtension></extensions></trkpt><trkpt lat="39.006157" lon="-105.045586"><time>2024-08-09T19:25:23.000Z</time><ele>2598</ele><extensions><power>0</power><tpx1:TrackPointExtension><tpx1:atemp>21</tpx1:atemp><tpx1:hr>106</tpx1:hr><tpx1:cad>0</tpx1:cad></tpx1:TrackPointExtension></extensions></trkpt><trkpt lat="39.006279" lon="-105.045578"><time>2024-08-09T19:25:24.000Z</time><ele>2597.6</ele><extensions><power>0</power><tpx1:TrackPointExtension><tpx1:atemp>21</tpx1:atemp><tpx1:hr>107</tpx1:hr><tpx1:cad>0</tpx1:cad></tpx1:TrackPointExtension></extensions></trkpt><trkpt lat="39.006401" lon="-105.04557"><time>2024-08-09T19:25:25.000Z</time><ele>2597.2</ele><extensions><power>0</power><tpx1:TrackPointExtension><tpx1:atemp>21</tpx1:atemp><tpx1:hr>107</tpx1:hr><tpx1:cad>0</tpx1:cad></tpx1:TrackPointExtension></extensions></trkpt><trkpt lat="39.006527" lon="-105.045563"><time>2024-08-09T19:25:26.000Z</time><ele>2596.8</ele><extensions><power>0</power><tpx1:TrackPointExtension><tpx1:atemp>21</tpx1:atemp><tpx1:hr>107</tpx1:hr><tpx1:cad>0</tpx1:cad></tpx1:TrackPointExtension></extensions></trkpt><trkpt lat="39.006638" lon="-105.04557"><time>2024-08-09T19:25:27.000Z</time><ele>2596.6</ele><extensions><power>0</power><tpx1:TrackPointExtension><tpx1:atemp>21</tpx1:atemp><tpx1:hr>107</tpx1:hr><tpx1:cad>0</tpx1:cad></tpx1:TrackPointExtension></extensions></trkpt><trkpt lat="39.006725" lon="-105.045578"><time>2024-08-09T19:25:28.000Z</time><ele>2596.6</ele><extensions><power>0</power><tpx1:TrackPointExtension><tpx1:atemp>21</tpx1:atemp><tpx1:hr>107</tpx1:hr><tpx1:cad>0</tpx1:cad></tpx1:TrackPointExtension></extensions></trkpt><trkpt lat="39.006802" lon="-105.045593"><time>2024-08-09T19:25:29.000Z</time><ele>2596.4</ele><extensions><power>0</power><tpx1:TrackPointExtension><tpx1:atemp>21</tpx1:atemp><tpx1:hr>102</tpx1:hr><tpx1:cad>0</tpx1:cad></tpx1:TrackPointExtension></extensions></trkpt><trkpt lat="39.006866" lon="-105.045654"><time>2024-08-09T19:25:30.000Z</time><ele>2596.2</ele><extensions><power>0</power><tpx1:TrackPointExtension><tpx1:atemp>21</tpx1:atemp><tpx1:hr>99</tpx1:hr><tpx1:cad>0</tpx1:cad></tpx1:TrackPointExtension></extensions></trkpt><trkpt lat="39.006908" lon="-105.045738"><time>2024-08-09T19:25:31.000Z</time><ele>2596</ele><extensions><power>0</power><tpx1:TrackPointExtension><tpx1:atemp>21</tpx1:atemp><tpx1:hr>97</tpx1:hr><tpx1:cad>0</tpx1:cad></tpx1:TrackPointExtension></extensions></trkpt><trkpt lat="39.006931" lon="-105.045845"><time>2024-08-09T19:25:32.000Z</time><ele>2595.6</ele><extensions><power>0</power><tpx1:TrackPointExtension><tpx1:atemp>21</tpx1:atemp><tpx1:hr>94</tpx1:hr><tpx1:cad>0</tpx1:cad></tpx1:TrackPointExtension></extensions></trkpt><trkpt lat="39.006939" lon="-105.045959"><time>2024-08-09T19:25:33.000Z</time><ele>2595.4</ele><extensions><power>9</power><tpx1:TrackPointExtension><tpx1:atemp>21</tpx1:atemp><tpx1:hr>89</tpx1:hr><tpx1:cad>11</tpx1:cad></tpx1:TrackPointExtension></extensions></trkpt><trkpt lat="39.006943" lon="-105.046081"><time>2024-08-09T19:25:34.000Z</time><ele>2594.8</ele><extensions><power>18</power><tpx1:TrackPointExtension><tpx1:atemp>21</tpx1:atemp><tpx1:hr>89</tpx1:hr><tpx1:cad>37</tpx1:cad></tpx1:TrackPointExtension></extensions></trkpt><trkpt lat="39.006947" lon="-105.046211"><time>2024-08-09T19:25:35.000Z</time><ele>2594.4</ele><extensions><power>28</power><tpx1:TrackPointExtension><tpx1:atemp>21</tpx1:atemp><tpx1:hr>83</tpx1:hr><tpx1:cad>63</tpx1:cad></tpx1:TrackPointExtension></extensions></trkpt><trkpt lat="39.006947" lon="-105.046326"><time>2024-08-09T19:25:36.000Z</time><ele>2594</ele><extensions><power>84</power><tpx1:TrackPointExtension><tpx1:atemp>21</tpx1:atemp><tpx1:hr>81</tpx1:hr><tpx1:cad>79</tpx1:cad></tpx1:TrackPointExtension></extensions></trkpt><trkpt lat="39.00695" lon="-105.046448"><time>2024-08-09T19:25:37.000Z</time><ele>2593.8</ele><extensions><power>107</power><tpx1:TrackPointExtension><tpx1:atemp>21</tpx1:atemp><tpx1:hr>81</tpx1:hr><tpx1:cad>81</tpx1:cad></tpx1:TrackPointExtension></extensions></trkpt><trkpt lat="39.006958" lon="-105.046562"><time>2024-08-09T19:25:38.000Z</time><ele>2593.6</ele><extensions><power>149</power><tpx1:TrackPointExtension><tpx1:atemp>21</tpx1:atemp><tpx1:hr>81</tpx1:hr><tpx1:cad>82</tpx1:cad></tpx1:TrackPointExtension></extensions></trkpt><trkpt lat="39.006962" lon="-105.046684"><time>2024-08-09T19:25:39.000Z</time><ele>2593.4</ele><extensions><power>147</power><tpx1:TrackPointExtension><tpx1:atemp>21</tpx1:atemp><tpx1:hr>82</tpx1:hr><tpx1:cad>82</tpx1:cad></tpx1:TrackPointExtension></extensions></trkpt><trkpt lat="39.006969" lon="-105.046799"><time>2024-08-09T19:25:40.000Z</time><ele>2593.2</ele><extensions><power>146</power><tpx1:TrackPointExtension><tpx1:atemp>21</tpx1:atemp><tpx1:hr>85</tpx1:hr><tpx1:cad>81</tpx1:cad></tpx1:TrackPointExtension></extensions></trkpt><trkpt lat="39.006973" lon="-105.046921"><time>2024-08-09T19:25:41.000Z</time><ele>2593</ele><extensions><power>150</power><tpx1:TrackPointExtension><tpx1:atemp>21</tpx1:atemp><tpx1:hr>89</tpx1:hr><tpx1:cad>81</tpx1:cad></tpx1:TrackPointExtension></extensions></trkpt><trkpt lat="39.006969" lon="-105.047028"><time>2024-08-09T19:25:42.000Z</time><ele>2593.2</ele><extensions><power>154</power><tpx1:TrackPointExtension><tpx1:atemp>21</tpx1:atemp><tpx1:hr>92</tpx1:hr><tpx1:cad>80</tpx1:cad></tpx1:TrackPointExtension></extensions></trkpt><trkpt lat="39.006966" lon="-105.047142"><time>2024-08-09T19:25:43.000Z</time><ele>2593</ele><extensions><power>152</power><tpx1:TrackPointExtension><tpx1:atemp>21</tpx1:atemp><tpx1:hr>95</tpx1:hr><tpx1:cad>79</tpx1:cad></tpx1:TrackPointExtension></extensions></trkpt><trkpt lat="39.006966" lon="-105.047256"><time>2024-08-09T19:25:44.000Z</time><ele>2593</ele><extensions><power>157</power><tpx1:TrackPointExtension><tpx1:atemp>21</tpx1:atemp><tpx1:hr>97</tpx1:hr><tpx1:cad>78</tpx1:cad></tpx1:TrackPointExtension></extensions></trkpt><trkpt lat="39.006969" lon="-105.047363"><time>2024-08-09T19:25:45.000Z</time><ele>2593</ele><extensions><power>168</power><tpx1:TrackPointExtension><tpx1:atemp>21</tpx1:atemp><tpx1:hr>98</tpx1:hr><tpx1:cad>78</tpx1:cad></tpx1:TrackPointExtension></extensions></trkpt><trkpt lat="39.006973" lon="-105.047478"><time>2024-08-09T19:25:46.000Z</time><ele>2592.8</ele><extensions><power>159</power><tpx1:TrackPointExtension><tpx1:atemp>21</tpx1:atemp><tpx1:hr>98</tpx1:hr><tpx1:cad>76</tpx1:cad></tpx1:TrackPointExtension></extensions></trkpt><trkpt lat="39.006969" lon="-105.047585"><time>2024-08-09T19:25:47.000Z</time><ele>2592.6</ele><extensions><power>156</power><tpx1:TrackPointExtension><tpx1:atemp>21</tpx1:atemp><tpx1:hr>98</tpx1:hr><tpx1:cad>80</tpx1:cad></tpx1:TrackPointExtension></extensions></trkpt><trkpt lat="39.006966" lon="-105.047699"><time>2024-08-09T19:25:48.000Z</time><ele>2592.4</ele><extensions><power>154</power><tpx1:TrackPointExtension><tpx1:atemp>21</tpx1:atemp><tpx1:hr>100</tpx1:hr><tpx1:cad>79</tpx1:cad></tpx1:TrackPointExtension></extensions></trkpt><trkpt lat="39.006958" lon="-105.047813"><time>2024-08-09T19:25:49.000Z</time><ele>2592.2</ele><extensions><power>156</power><tpx1:TrackPointExtension><tpx1:atemp>21</tpx1:atemp><tpx1:hr>101</tpx1:hr><tpx1:cad>78</tpx1:cad></tpx1:TrackPointExtension></extensions></trkpt><trkpt lat="39.00695" lon="-105.047928"><time>2024-08-09T19:25:50.000Z</time><ele>2592.2</ele><extensions><power>162</power><tpx1:TrackPointExtension><tpx1:atemp>21</tpx1:atemp><tpx1:hr>102</tpx1:hr><tpx1:cad>80</tpx1:cad></tpx1:TrackPointExtension></extensions></trkpt><trkpt lat="39.006947" lon="-105.048042"><time>2024-08-09T19:25:51.000Z</time><ele>2592</ele><extensions><power>179</power><tpx1:TrackPointExtension><tpx1:atemp>21</tpx1:atemp><tpx1:hr>104</tpx1:hr><tpx1:cad>80</tpx1:cad></tpx1:TrackPointExtension></extensions></trkpt><trkpt lat="39.006939" lon="-105.048164"><time>2024-08-09T19:25:52.000Z</time><ele>2591.8</ele><extensions><power>198</power><tpx1:TrackPointExtension><tpx1:atemp>21</tpx1:atemp><tpx1:hr>106</tpx1:hr><tpx1:cad>80</tpx1:cad></tpx1:TrackPointExtension></extensions></trkpt><trkpt lat="39.006935" lon="-105.048302"><time>2024-08-09T19:25:53.000Z</time><ele>2591.6</ele><extensions><power>191</power><tpx1:TrackPointExtension><tpx1:atemp>21</tpx1:atemp><tpx1:hr>107</tpx1:hr><tpx1:cad>82</tpx1:cad></tpx1:TrackPointExtension></extensions></trkpt><trkpt lat="39.006935" lon="-105.048424"><time>2024-08-09T19:25:54.000Z</time><ele>2591.6</ele><extensions><power>173</power><tpx1:TrackPointExtension><tpx1:atemp>21</tpx1:atemp><tpx1:hr>108</tpx1:hr><tpx1:cad>83</tpx1:cad></tpx1:TrackPointExtension></extensions></trkpt><trkpt lat="39.006939" lon="-105.048546"><time>2024-08-09T19:25:55.000Z</time><ele>2591.4</ele><extensions><power>156</power><tpx1:TrackPointExtension><tpx1:atemp>21</tpx1:atemp><tpx1:hr>108</tpx1:hr><tpx1:cad>82</tpx1:cad></tpx1:TrackPointExtension></extensions></trkpt><trkpt lat="39.006935" lon="-105.048675"><time>2024-08-09T19:25:56.000Z</time><ele>2591.2</ele><extensions><power>160</power><tpx1:TrackPointExtension><tpx1:atemp>21</tpx1:atemp><tpx1:hr>109</tpx1:hr><tpx1:cad>83</tpx1:cad></tpx1:TrackPointExtension></extensions></trkpt><trkpt lat="39.006935" lon="-105.048805"><time>2024-08-09T19:25:57.000Z</time><ele>2591</ele><extensions><power>153</power><tpx1:TrackPointExtension><tpx1:atemp>21</tpx1:atemp><tpx1:hr>110</tpx1:hr><tpx1:cad>83</tpx1:cad></tpx1:TrackPointExtension></extensions></trkpt><trkpt lat="39.006935" lon="-105.048912"><time>2024-08-09T19:25:58.000Z</time><ele>2590.8</ele><extensions><power>157</power><tpx1:TrackPointExtension><tpx1:atemp>21</tpx1:atemp><tpx1:hr>112</tpx1:hr><tpx1:cad>84</tpx1:cad></tpx1:TrackPointExtension></extensions></trkpt><trkpt lat="39.006935" lon="-105.049019"><time>2024-08-09T19:25:59.000Z</time><ele>2590.8</ele><extensions><power>159</power><tpx1:TrackPointExtension><tpx1:atemp>21</tpx1:atemp><tpx1:hr>113</tpx1:hr><tpx1:cad>83</tpx1:cad></tpx1:TrackPointExtension></extensions></trkpt><trkpt lat="39.006939" lon="-105.049133"><time>2024-08-09T19:26:00.000Z</time><ele>2590.6</ele><extensions><power>159</power><tpx1:TrackPointExtension><tpx1:atemp>21</tpx1:atemp><tpx1:hr>115</tpx1:hr><tpx1:cad>83</tpx1:cad></tpx1:TrackPointExtension></extensions></trkpt><trkpt lat="39.006939" lon="-105.049248"><time>2024-08-09T19:26:01.000Z</time><ele>2590.6</ele><extensions><power>157</power><tpx1:TrackPointExtension><tpx1:atemp>21</tpx1:atemp><tpx1:hr>116</tpx1:hr><tpx1:cad>83</tpx1:cad></tpx1:TrackPointExtension></extensions></trkpt><trkpt lat="39.006939" lon="-105.049362"><time>2024-08-09T19:26:02.000Z</time><ele>2590.4</ele><extensions><power>141</power><tpx1:TrackPointExtension><tpx1:atemp>21</tpx1:atemp><tpx1:hr>116</tpx1:hr><tpx1:cad>77</tpx1:cad></tpx1:TrackPointExtension></extensions></trkpt><trkpt lat="39.006935" lon="-105.049492"><time>2024-08-09T19:26:03.000Z</time><ele>2590.2</ele><extensions><power>120</power><tpx1:TrackPointExtension><tpx1:atemp>21</tpx1:atemp><tpx1:hr>116</tpx1:hr><tpx1:cad>62</tpx1:cad></tpx1:TrackPointExtension></extensions></trkpt><trkpt lat="39.006935" lon="-105.049614"><time>2024-08-09T19:26:04.000Z</time><ele>2590</ele><extensions><power>63</power><tpx1:TrackPointExtension><tpx1:atemp>21</tpx1:atemp><tpx1:hr>117</tpx1:hr><tpx1:cad>46</tpx1:cad></tpx1:TrackPointExtension></extensions></trkpt><trkpt lat="39.006935" lon="-105.049721"><time>2024-08-09T19:26:05.000Z</time><ele>2589.8</ele><extensions><power>46</power><tpx1:TrackPointExtension><tpx1:atemp>21</tpx1:atemp><tpx1:hr>117</tpx1:hr><tpx1:cad>28</tpx1:cad></tpx1:TrackPointExtension></extensions></trkpt><trkpt lat="39.006935" lon="-105.049835"><time>2024-08-09T19:26:06.000Z</time><ele>2589.6</ele><extensions><power>29</power><tpx1:TrackPointExtension><tpx1:atemp>21</tpx1:atemp><tpx1:hr>117</tpx1:hr><tpx1:cad>10</tpx1:cad></tpx1:TrackPointExtension></extensions></trkpt><trkpt lat="39.006939" lon="-105.049957"><time>2024-08-09T19:26:07.000Z</time><ele>2589.4</ele><extensions><power>0</power><tpx1:TrackPointExtension><tpx1:atemp>21</tpx1:atemp><tpx1:hr>117</tpx1:hr><tpx1:cad>0</tpx1:cad></tpx1:TrackPointExtension></extensions></trkpt><trkpt lat="39.006939" lon="-105.050079"><time>2024-08-09T19:26:08.000Z</time><ele>2589</ele><extensions><power>0</power><tpx1:TrackPointExtension><tpx1:atemp>21</tpx1:atemp><tpx1:hr>116</tpx1:hr><tpx1:cad>0</tpx1:cad></tpx1:TrackPointExtension></extensions></trkpt><trkpt lat="39.006939" lon="-105.050201"><time>2024-08-09T19:26:09.000Z</time><ele>2588.8</ele><extensions><power>0</power><tpx1:TrackPointExtension><tpx1:atemp>21</tpx1:atemp><tpx1:hr>115</tpx1:hr><tpx1:cad>0</tpx1:cad></tpx1:TrackPointExtension></extensions></trkpt><trkpt lat="39.006935" lon="-105.050323"><time>2024-08-09T19:26:10.000Z</time><ele>2588.4</ele><extensions><power>0</power><tpx1:TrackPointExtension><tpx1:atemp>21</tpx1:atemp><tpx1:hr>115</tpx1:hr><tpx1:cad>0</tpx1:cad></tpx1:TrackPointExtension></extensions></trkpt><trkpt lat="39.006935" lon="-105.050453"><time>2024-08-09T19:26:11.000Z</time><ele>2588</ele><extensions><power>0</power><tpx1:TrackPointExtension><tpx1:atemp>21</tpx1:atemp><tpx1:hr>115</tpx1:hr><tpx1:cad>0</tpx1:cad></tpx1:TrackPointExtension></extensions></trkpt><trkpt lat="39.006935" lon="-105.050575"><time>2024-08-09T19:26:12.000Z</time><ele>2587.8</ele><extensions><power>27</power><tpx1:TrackPointExtension><tpx1:atemp>21</tpx1:atemp><tpx1:hr>114</tpx1:hr><tpx1:cad>33</tpx1:cad></tpx1:TrackPointExtension></extensions></trkpt><trkpt lat="39.006931" lon="-105.050697"><time>2024-08-09T19:26:13.000Z</time><ele>2587.4</ele><extensions><power>56</power><tpx1:TrackPointExtension><tpx1:atemp>21</tpx1:atemp><tpx1:hr>114</tpx1:hr><tpx1:cad>68</tpx1:cad></tpx1:TrackPointExtension></extensions></trkpt><trkpt lat="39.006935" lon="-105.050819"><time>2024-08-09T19:26:14.000Z</time><ele>2587.2</ele><extensions><power>84</power><tpx1:TrackPointExtension><tpx1:atemp>21</tpx1:atemp><tpx1:hr>112</tpx1:hr><tpx1:cad>89</tpx1:cad></tpx1:TrackPointExtension></extensions></trkpt><trkpt lat="39.006931" lon="-105.050941"><time>2024-08-09T19:26:15.000Z</time><ele>2586.8</ele><extensions><power>111</power><tpx1:TrackPointExtension><tpx1:atemp>21</tpx1:atemp><tpx1:hr>108</tpx1:hr><tpx1:cad>87</tpx1:cad></tpx1:TrackPointExtension></extensions></trkpt><trkpt lat="39.006927" lon="-105.051079"><time>2024-08-09T19:26:16.000Z</time><ele>2586.4</ele><extensions><power>138</power><tpx1:TrackPointExtension><tpx1:atemp>21</tpx1:atemp><tpx1:hr>107</tpx1:hr><tpx1:cad>89</tpx1:cad></tpx1:TrackPointExtension></extensions></trkpt><trkpt lat="39.006927" lon="-105.051208"><time>2024-08-09T19:26:17.000Z</time><ele>2586.2</ele><extensions><power>146</power><tpx1:TrackPointExtension><tpx1:atemp>21</tpx1:atemp><tpx1:hr>107</tpx1:hr><tpx1:cad>90</tpx1:cad></tpx1:TrackPointExtension></extensions></trkpt><trkpt lat="39.006927" lon="-105.051331"><time>2024-08-09T19:26:18.000Z</time><ele>2585.8</ele><extensions><power>143</power><tpx1:TrackPointExtension><tpx1:atemp>21</tpx1:atemp><tpx1:hr>105</tpx1:hr><tpx1:cad>89</tpx1:cad></tpx1:TrackPointExtension></extensions></trkpt><trkpt lat="39.006931" lon="-105.05146"><time>2024-08-09T19:26:19.000Z</time><ele>2585.2</ele><extensions><power>151</power><tpx1:TrackPointExtension><tpx1:atemp>21</tpx1:atemp><tpx1:hr>103</tpx1:hr><tpx1:cad>91</tpx1:cad></tpx1:TrackPointExtension></extensions></trkpt><trkpt lat="39.006931" lon="-105.051582"><time>2024-08-09T19:26:20.000Z</time><ele>2584.8</ele><extensions><power>173</power><tpx1:TrackPointExtension><tpx1:atemp>21</tpx1:atemp><tpx1:hr>102</tpx1:hr><tpx1:cad>91</tpx1:cad></tpx1:TrackPointExtension></extensions></trkpt><trkpt lat="39.006927" lon="-105.051712"><time>2024-08-09T19:26:21.000Z</time><ele>2584.4</ele><extensions><power>184</power><tpx1:TrackPointExtension><tpx1:atemp>21</tpx1:atemp><tpx1:hr>103</tpx1:hr><tpx1:cad>91</tpx1:cad></tpx1:TrackPointExtension></extensions></trkpt><trkpt lat="39.006924" lon="-105.051849"><time>2024-08-09T19:26:22.000Z</time><ele>2584</ele><extensions><power>162</power><tpx1:TrackPointExtension><tpx1:atemp>21</tpx1:atemp><tpx1:hr>104</tpx1:hr><tpx1:cad>84</tpx1:cad></tpx1:TrackPointExtension></extensions></trkpt><trkpt lat="39.006927" lon="-105.051987"><time>2024-08-09T19:26:23.000Z</time><ele>2583.6</ele><extensions><power>138</power><tpx1:TrackPointExtension><tpx1:atemp>21</tpx1:atemp><tpx1:hr>105</tpx1:hr><tpx1:cad>80</tpx1:cad></tpx1:TrackPointExtension></extensions></trkpt><trkpt lat="39.006924" lon="-105.052116"><time>2024-08-09T19:26:24.000Z</time><ele>2583</ele><extensions><power>124</power><tpx1:TrackPointExtension><tpx1:atemp>21</tpx1:atemp><tpx1:hr>105</tpx1:hr><tpx1:cad>82</tpx1:cad></tpx1:TrackPointExtension></extensions></trkpt><trkpt lat="39.006927" lon="-105.052254"><time>2024-08-09T19:26:25.000Z</time><ele>2582.6</ele><extensions><power>127</power><tpx1:TrackPointExtension><tpx1:atemp>21</tpx1:atemp><tpx1:hr>105</tpx1:hr><tpx1:cad>81</tpx1:cad></tpx1:TrackPointExtension></extensions></trkpt><trkpt lat="39.006931" lon="-105.052391"><time>2024-08-09T19:26:26.000Z</time><ele>2582.2</ele><extensions><power>127</power><tpx1:TrackPointExtension><tpx1:atemp>21</tpx1:atemp><tpx1:hr>105</tpx1:hr><tpx1:cad>82</tpx1:cad></tpx1:TrackPointExtension></extensions></trkpt><trkpt lat="39.006927" lon="-105.052528"><time>2024-08-09T19:26:27.000Z</time><ele>2581.8</ele><extensions><power>133</power><tpx1:TrackPointExtension><tpx1:atemp>21</tpx1:atemp><tpx1:hr>106</tpx1:hr><tpx1:cad>82</tpx1:cad></tpx1:TrackPointExtension></extensions></trkpt><trkpt lat="39.006924" lon="-105.052666"><time>2024-08-09T19:26:28.000Z</time><ele>2581.2</ele><extensions><power>139</power><tpx1:TrackPointExtension><tpx1:atemp>21</tpx1:atemp><tpx1:hr>107</tpx1:hr><tpx1:cad>82</tpx1:cad></tpx1:TrackPointExtension></extensions></trkpt><trkpt lat="39.00692" lon="-105.052803"><time>2024-08-09T19:26:29.000Z</time><ele>2580.8</ele><extensions><power>144</power><tpx1:TrackPointExtension><tpx1:atemp>21</tpx1:atemp><tpx1:hr>107</tpx1:hr><tpx1:cad>83</tpx1:cad></tpx1:TrackPointExtension></extensions></trkpt><trkpt lat="39.006924" lon="-105.05294"><time>2024-08-09T19:26:30.000Z</time><ele>2580.4</ele><extensions><power>142</power><tpx1:TrackPointExtension><tpx1:atemp>21</tpx1:atemp><tpx1:hr>107</tpx1:hr><tpx1:cad>82</tpx1:cad></tpx1:TrackPointExtension></extensions></trkpt><trkpt lat="39.006924" lon="-105.053078"><time>2024-08-09T19:26:31.000Z</time><ele>2580.2</ele><extensions><power>139</power><tpx1:TrackPointExtension><tpx1:atemp>21</tpx1:atemp><tpx1:hr>107</tpx1:hr><tpx1:cad>82</tpx1:cad></tpx1:TrackPointExtension></extensions></trkpt><trkpt lat="39.00692" lon="-105.053207"><time>2024-08-09T19:26:32.000Z</time><ele>2579.8</ele><extensions><power>137</power><tpx1:TrackPointExtension><tpx1:atemp>21</tpx1:atemp><tpx1:hr>107</tpx1:hr><tpx1:cad>81</tpx1:cad></tpx1:TrackPointExtension></extensions></trkpt><trkpt lat="39.006912" lon="-105.053352"><time>2024-08-09T19:26:33.000Z</time><ele>2579.6</ele><extensions><power>138</power><tpx1:TrackPointExtension><tpx1:atemp>21</tpx1:atemp><tpx1:hr>107</tpx1:hr><tpx1:cad>82</tpx1:cad></tpx1:TrackPointExtension></extensions></trkpt><trkpt lat="39.006908" lon="-105.053505"><time>2024-08-09T19:26:34.000Z</time><ele>2579.2</ele><extensions><power>148</power><tpx1:TrackPointExtension><tpx1:atemp>20</tpx1:atemp><tpx1:hr>107</tpx1:hr><tpx1:cad>82</tpx1:cad></tpx1:TrackPointExtension></extensions></trkpt><trkpt lat="39.006912" lon="-105.05365"><time>2024-08-09T19:26:35.000Z</time><ele>2578.8</ele><extensions><power>160</power><tpx1:TrackPointExtension><tpx1:atemp>20</tpx1:atemp><tpx1:hr>106</tpx1:hr><tpx1:cad>82</tpx1:cad></tpx1:TrackPointExtension></extensions></trkpt><trkpt lat="39.006916" lon="-105.053795"><time>2024-08-09T19:26:36.000Z</time><ele>2578.4</ele><extensions><power>162</power><tpx1:TrackPointExtension><tpx1:atemp>20</tpx1:atemp><tpx1:hr>107</tpx1:hr><tpx1:cad>82</tpx1:cad></tpx1:TrackPointExtension></extensions></trkpt><trkpt lat="39.006916" lon="-105.053932"><time>2024-08-09T19:26:37.000Z</time><ele>2578</ele><extensions><power>160</power><tpx1:TrackPointExtension><tpx1:atemp>20</tpx1:atemp><tpx1:hr>107</tpx1:hr><tpx1:cad>83</tpx1:cad></tpx1:TrackPointExtension></extensions></trkpt><trkpt lat="39.00692" lon="-105.054062"><time>2024-08-09T19:26:38.000Z</time><ele>2577.6</ele><extensions><power>160</power><tpx1:TrackPointExtension><tpx1:atemp>20</tpx1:atemp><tpx1:hr>108</tpx1:hr><tpx1:cad>83</tpx1:cad></tpx1:TrackPointExtension></extensions></trkpt><trkpt lat="39.006924" lon="-105.054199"><time>2024-08-09T19:26:39.000Z</time><ele>2577.2</ele><extensions><power>159</power><tpx1:TrackPointExtension><tpx1:atemp>20</tpx1:atemp><tpx1:hr>109</tpx1:hr><tpx1:cad>83</tpx1:cad></tpx1:TrackPointExtension></extensions></trkpt><trkpt lat="39.006924" lon="-105.054336"><time>2024-08-09T19:26:40.000Z</time><ele>2576.8</ele><extensions><power>181</power><tpx1:TrackPointExtension><tpx1:atemp>20</tpx1:atemp><tpx1:hr>110</tpx1:hr><tpx1:cad>84</tpx1:cad></tpx1:TrackPointExtension></extensions></trkpt><trkpt lat="39.006924" lon="-105.054489"><time>2024-08-09T19:26:41.000Z</time><ele>2576.6</ele><extensions><power>199</power><tpx1:TrackPointExtension><tpx1:atemp>20</tpx1:atemp><tpx1:hr>110</tpx1:hr><tpx1:cad>85</tpx1:cad></tpx1:TrackPointExtension></extensions></trkpt><trkpt lat="39.00692" lon="-105.054649"><time>2024-08-09T19:26:42.000Z</time><ele>2576</ele><extensions><power>211</power><tpx1:TrackPointExtension><tpx1:atemp>20</tpx1:atemp><tpx1:hr>110</tpx1:hr><tpx1:cad>86</tpx1:cad></tpx1:TrackPointExtension></extensions></trkpt><trkpt lat="39.00692" lon="-105.054802"><time>2024-08-09T19:26:43.000Z</time><ele>2575.6</ele><extensions><power>175</power><tpx1:TrackPointExtension><tpx1:atemp>20</tpx1:atemp><tpx1:hr>109</tpx1:hr><tpx1:cad>86</tpx1:cad></tpx1:TrackPointExtension></extensions></trkpt><trkpt lat="39.00692" lon="-105.054947"><time>2024-08-09T19:26:44.000Z</time><ele>2575.2</ele><extensions><power>171</power><tpx1:TrackPointExtension><tpx1:atemp>20</tpx1:atemp><tpx1:hr>109</tpx1:hr><tpx1:cad>88</tpx1:cad></tpx1:TrackPointExtension></extensions></trkpt><trkpt lat="39.00692" lon="-105.055092"><time>2024-08-09T19:26:45.000Z</time><ele>2575</ele><extensions><power>174</power><tpx1:TrackPointExtension><tpx1:atemp>20</tpx1:atemp><tpx1:hr>110</tpx1:hr><tpx1:cad>85</tpx1:cad></tpx1:TrackPointExtension></extensions></trkpt><trkpt lat="39.00692" lon="-105.055237"><time>2024-08-09T19:26:46.000Z</time><ele>2574.6</ele><extensions><power>184</power><tpx1:TrackPointExtension><tpx1:atemp>20</tpx1:atemp><tpx1:hr>112</tpx1:hr><tpx1:cad>86</tpx1:cad></tpx1:TrackPointExtension></extensions></trkpt><trkpt lat="39.00692" lon="-105.055374"><time>2024-08-09T19:26:47.000Z</time><ele>2574.4</ele><extensions><power>177</power><tpx1:TrackPointExtension><tpx1:atemp>20</tpx1:atemp><tpx1:hr>113</tpx1:hr><tpx1:cad>85</tpx1:cad></tpx1:TrackPointExtension></extensions></trkpt><trkpt lat="39.006916" lon="-105.055519"><time>2024-08-09T19:26:48.000Z</time><ele>2574.2</ele><extensions><power>166</power><tpx1:TrackPointExtension><tpx1:atemp>20</tpx1:atemp><tpx1:hr>115</tpx1:hr><tpx1:cad>84</tpx1:cad></tpx1:TrackPointExtension></extensions></trkpt><trkpt lat="39.006916" lon="-105.055656"><time>2024-08-09T19:26:49.000Z</time><ele>2574.2</ele><extensions><power>172</power><tpx1:TrackPointExtension><tpx1:atemp>20</tpx1:atemp><tpx1:hr>116</tpx1:hr><tpx1:cad>83</tpx1:cad></tpx1:TrackPointExtension></extensions></trkpt><trkpt lat="39.006916" lon="-105.055794"><time>2024-08-09T19:26:50.000Z</time><ele>2574</ele><extensions><power>181</power><tpx1:TrackPointExtension><tpx1:atemp>20</tpx1:atemp><tpx1:hr>116</tpx1:hr><tpx1:cad>83</tpx1:cad></tpx1:TrackPointExtension></extensions></trkpt><trkpt lat="39.006912" lon="-105.055931"><time>2024-08-09T19:26:51.000Z</time><ele>2573.8</ele><extensions><power>179</power><tpx1:TrackPointExtension><tpx1:atemp>20</tpx1:atemp><tpx1:hr>117</tpx1:hr><tpx1:cad>81</tpx1:cad></tpx1:TrackPointExtension></extensions></trkpt><trkpt lat="39.006916" lon="-105.056068"><time>2024-08-09T19:26:52.000Z</time><ele>2573.4</ele><extensions><power>173</power><tpx1:TrackPointExtension><tpx1:atemp>20</tpx1:atemp><tpx1:hr>117</tpx1:hr><tpx1:cad>84</tpx1:cad></tpx1:TrackPointExtension></extensions></trkpt><trkpt lat="39.00692" lon="-105.056213"><time>2024-08-09T19:26:53.000Z</time><ele>2573.2</ele><extensions><power>165</power><tpx1:TrackPointExtension><tpx1:atemp>20</tpx1:atemp><tpx1:hr>117</tpx1:hr><tpx1:cad>84</tpx1:cad></tpx1:TrackPointExtension></extensions></trkpt><trkpt lat="39.00692" lon="-105.056351"><time>2024-08-09T19:26:54.000Z</time><ele>2572.8</ele><extensions><power>156</power><tpx1:TrackPointExtension><tpx1:atemp>20</tpx1:atemp><tpx1:hr>117</tpx1:hr><tpx1:cad>84</tpx1:cad></tpx1:TrackPointExtension></extensions></trkpt><trkpt lat="39.00692" lon="-105.056488"><time>2024-08-09T19:26:55.000Z</time><ele>2572.6</ele><extensions><power>157</power><tpx1:TrackPointExtension><tpx1:atemp>20</tpx1:atemp><tpx1:hr>116</tpx1:hr><tpx1:cad>86</tpx1:cad></tpx1:TrackPointExtension></extensions></trkpt><trkpt lat="39.00692" lon="-105.056625"><time>2024-08-09T19:26:56.000Z</time><ele>2572</ele><extensions><power>159</power><tpx1:TrackPointExtension><tpx1:atemp>20</tpx1:atemp><tpx1:hr>116</tpx1:hr><tpx1:cad>85</tpx1:cad></tpx1:TrackPointExtension></extensions></trkpt><trkpt lat="39.00692" lon="-105.05677"><time>2024-08-09T19:26:57.000Z</time><ele>2571.6</ele><extensions><power>153</power><tpx1:TrackPointExtension><tpx1:atemp>20</tpx1:atemp><tpx1:hr>115</tpx1:hr><tpx1:cad>85</tpx1:cad></tpx1:TrackPointExtension></extensions></trkpt><trkpt lat="39.00692" lon="-105.056915"><time>2024-08-09T19:26:58.000Z</time><ele>2571.2</ele><extensions><power>139</power><tpx1:TrackPointExtension><tpx1:atemp>20</tpx1:atemp><tpx1:hr>115</tpx1:hr><tpx1:cad>85</tpx1:cad></tpx1:TrackPointExtension></extensions></trkpt><trkpt lat="39.006916" lon="-105.05706"><time>2024-08-09T19:26:59.000Z</time><ele>2570.8</ele><extensions><power>143</power><tpx1:TrackPointExtension><tpx1:atemp>20</tpx1:atemp><tpx1:hr>114</tpx1:hr><tpx1:cad>85</tpx1:cad></tpx1:TrackPointExtension></extensions></trkpt><trkpt lat="39.006908" lon="-105.057198"><time>2024-08-09T19:27:00.000Z</time><ele>2570.6</ele><extensions><power>151</power><tpx1:TrackPointExtension><tpx1:atemp>20</tpx1:atemp><tpx1:hr>114</tpx1:hr><tpx1:cad>85</tpx1:cad></tpx1:TrackPointExtension></extensions></trkpt><trkpt lat="39.006897" lon="-105.057335"><time>2024-08-09T19:27:01.000Z</time><ele>2570.4</ele><extensions><power>123</power><tpx1:TrackPointExtension><tpx1:atemp>20</tpx1:atemp><tpx1:hr>114</tpx1:hr><tpx1:cad>65</tpx1:cad></tpx1:TrackPointExtension></extensions></trkpt><trkpt lat="39.006897" lon="-105.057465"><time>2024-08-09T19:27:02.000Z</time><ele>2570.4</ele><extensions><power>86</power><tpx1:TrackPointExtension><tpx1:atemp>20</tpx1:atemp><tpx1:hr>114</tpx1:hr><tpx1:cad>39</tpx1:cad></tpx1:TrackPointExtension></extensions></trkpt><trkpt lat="39.006905" lon="-105.057594"><time>2024-08-09T19:27:03.000Z</time><ele>2570.2</ele><extensions><power>49</power><tpx1:TrackPointExtension><tpx1:atemp>20</tpx1:atemp><tpx1:hr>114</tpx1:hr><tpx1:cad>13</tpx1:cad></tpx1:TrackPointExtension></extensions></trkpt><trkpt lat="39.006912" lon="-105.057724"><time>2024-08-09T19:27:04.000Z</time><ele>2570.2</ele><extensions><power>0</power><tpx1:TrackPointExtension><tpx1:atemp>20</tpx1:atemp><tpx1:hr>114</tpx1:hr><tpx1:cad>0</tpx1:cad></tpx1:TrackPointExtension></extensions></trkpt><trkpt lat="39.006897" lon="-105.057838"><time>2024-08-09T19:27:05.000Z</time><ele>2570</ele><extensions><power>0</power><tpx1:TrackPointExtension><tpx1:atemp>20</tpx1:atemp><tpx1:hr>113</tpx1:hr><tpx1:cad>0</tpx1:cad></tpx1:TrackPointExtension></extensions></trkpt><trkpt lat="39.006851" lon="-105.057938"><time>2024-08-09T19:27:06.000Z</time><ele>2569.8</ele><extensions><power>0</power><tpx1:TrackPointExtension><tpx1:atemp>20</tpx1:atemp><tpx1:hr>113</tpx1:hr><tpx1:cad>0</tpx1:cad></tpx1:TrackPointExtension></extensions></trkpt><trkpt lat="39.006763" lon="-105.058014"><time>2024-08-09T19:27:07.000Z</time><ele>2569.4</ele><extensions><power>0</power><tpx1:TrackPointExtension><tpx1:atemp>20</tpx1:atemp><tpx1:hr>113</tpx1:hr><tpx1:cad>0</tpx1:cad></tpx1:TrackPointExtension></extensions></trkpt><trkpt lat="39.006672" lon="-105.058044"><time>2024-08-09T19:27:08.000Z</time><ele>2569.4</ele><extensions><power>0</power><tpx1:TrackPointExtension><tpx1:atemp>20</tpx1:atemp><tpx1:hr>111</tpx1:hr><tpx1:cad>0</tpx1:cad></tpx1:TrackPointExtension></extensions></trkpt><trkpt lat="39.006569" lon="-105.058029"><time>2024-08-09T19:27:09.000Z</time><ele>2569.4</ele><extensions><power>74</power><tpx1:TrackPointExtension><tpx1:atemp>20</tpx1:atemp><tpx1:hr>111</tpx1:hr><tpx1:cad>65</tpx1:cad></tpx1:TrackPointExtension></extensions></trkpt><trkpt lat="39.006477" lon="-105.058021"><time>2024-08-09T19:27:10.000Z</time><ele>2569.4</ele><extensions><power>168</power><tpx1:TrackPointExtension><tpx1:atemp>20</tpx1:atemp><tpx1:hr>111</tpx1:hr><tpx1:cad>87</tpx1:cad></tpx1:TrackPointExtension></extensions></trkpt><trkpt lat="39.006393" lon="-105.058014"><time>2024-08-09T19:27:11.000Z</time><ele>2569.4</ele><extensions><power>349</power><tpx1:TrackPointExtension><tpx1:atemp>20</tpx1:atemp><tpx1:hr>111</tpx1:hr><tpx1:cad>93</tpx1:cad></tpx1:TrackPointExtension></extensions></trkpt><trkpt lat="39.006302" lon="-105.058014"><time>2024-08-09T19:27:12.000Z</time><ele>2569.6</ele><extensions><power>331</power><tpx1:TrackPointExtension><tpx1:atemp>20</tpx1:atemp><tpx1:hr>111</tpx1:hr><tpx1:cad>90</tpx1:cad></tpx1:TrackPointExtension></extensions></trkpt><trkpt lat="39.006218" lon="-105.058014"><time>2024-08-09T19:27:13.000Z</time><ele>2569.6</ele><extensions><power>290</power><tpx1:TrackPointExtension><tpx1:atemp>20</tpx1:atemp><tpx1:hr>113</tpx1:hr><tpx1:cad>87</tpx1:cad></tpx1:TrackPointExtension></extensions></trkpt><trkpt lat="39.006138" lon="-105.058006"><time>2024-08-09T19:27:14.000Z</time><ele>2569.8</ele><extensions><power>273</power><tpx1:TrackPointExtension><tpx1:atemp>20</tpx1:atemp><tpx1:hr>114</tpx1:hr><tpx1:cad>84</tpx1:cad></tpx1:TrackPointExtension></extensions></trkpt><trkpt lat="39.006058" lon="-105.058014"><time>2024-08-09T19:27:15.000Z</time><ele>2570</ele><extensions><power>266</power><tpx1:TrackPointExtension><tpx1:atemp>20</tpx1:atemp><tpx1:hr>118</tpx1:hr><tpx1:cad>84</tpx1:cad></tpx1:TrackPointExtension></extensions></trkpt><trkpt lat="39.005981" lon="-105.058014"><time>2024-08-09T19:27:16.000Z</time><ele>2570.2</ele><extensions><power>260</power><tpx1:TrackPointExtension><tpx1:atemp>20</tpx1:atemp><tpx1:hr>120</tpx1:hr><tpx1:cad>83</tpx1:cad></tpx1:TrackPointExtension></extensions></trkpt><trkpt lat="39.005913" lon="-105.058014"><time>2024-08-09T19:27:17.000Z</time><ele>2570.4</ele><extensions><power>234</power><tpx1:TrackPointExtension><tpx1:atemp>20</tpx1:atemp><tpx1:hr>121</tpx1:hr><tpx1:cad>82</tpx1:cad></tpx1:TrackPointExtension></extensions></trkpt><trkpt lat="39.00584" lon="-105.058006"><time>2024-08-09T19:27:18.000Z</time><ele>2570.6</ele><extensions><power>228</power><tpx1:TrackPointExtension><tpx1:atemp>20</tpx1:atemp><tpx1:hr>123</tpx1:hr><tpx1:cad>81</tpx1:cad></tpx1:TrackPointExtension></extensions></trkpt><trkpt lat="39.005775" lon="-105.057999"><time>2024-08-09T19:27:19.000Z</time><ele>2570.8</ele><extensions><power>215</power><tpx1:TrackPointExtension><tpx1:atemp>20</tpx1:atemp><tpx1:hr>124</tpx1:hr><tpx1:cad>85</tpx1:cad></tpx1:TrackPointExtension></extensions></trkpt><trkpt lat="39.005718" lon="-105.057999"><time>2024-08-09T19:27:20.000Z</time><ele>2571.2</ele><extensions><power>238</power><tpx1:TrackPointExtension><tpx1:atemp>20</tpx1:atemp><tpx1:hr>125</tpx1:hr><tpx1:cad>87</tpx1:cad></tpx1:TrackPointExtension></extensions></trkpt><trkpt lat="39.005661" lon="-105.057999"><time>2024-08-09T19:27:21.000Z</time><ele>2571.4</ele><extensions><power>261</power><tpx1:TrackPointExtension><tpx1:atemp>20</tpx1:atemp><tpx1:hr>125</tpx1:hr><tpx1:cad>83</tpx1:cad></tpx1:TrackPointExtension></extensions></trkpt><trkpt lat="39.005608" lon="-105.058006"><time>2024-08-09T19:27:22.000Z</time><ele>2571.6</ele><extensions><power>281</power><tpx1:TrackPointExtension><tpx1:atemp>20</tpx1:atemp><tpx1:hr>125</tpx1:hr><tpx1:cad>83</tpx1:cad></tpx1:TrackPointExtension></extensions></trkpt><trkpt lat="39.005554" lon="-105.058006"><time>2024-08-09T19:27:23.000Z</time><ele>2571.8</ele><extensions><power>294</power><tpx1:TrackPointExtension><tpx1:atemp>20</tpx1:atemp><tpx1:hr>125</tpx1:hr><tpx1:cad>85</tpx1:cad></tpx1:TrackPointExtension></extensions></trkpt><trkpt lat="39.005505" lon="-105.058006"><time>2024-08-09T19:27:24.000Z</time><ele>2572.2</ele><extensions><power>301</power><tpx1:TrackPointExtension><tpx1:atemp>20</tpx1:atemp><tpx1:hr>125</tpx1:hr><tpx1:cad>85</tpx1:cad></tpx1:TrackPointExtension></extensions></trkpt><trkpt lat="39.005455" lon="-105.058006"><time>2024-08-09T19:27:25.000Z</time><ele>2572.4</ele><extensions><power>301</power><tpx1:TrackPointExtension><tpx1:atemp>20</tpx1:atemp><tpx1:hr>125</tpx1:hr><tpx1:cad>81</tpx1:cad></tpx1:TrackPointExtension></extensions></trkpt><trkpt lat="39.005405" lon="-105.058006"><time>2024-08-09T19:27:26.000Z</time><ele>2572.6</ele><extensions><power>300</power><tpx1:TrackPointExtension><tpx1:atemp>20</tpx1:atemp><tpx1:hr>125</tpx1:hr><tpx1:cad>79</tpx1:cad></tpx1:TrackPointExtension></extensions></trkpt><trkpt lat="39.00536" lon="-105.058006"><time>2024-08-09T19:27:27.000Z</time><ele>2572.6</ele><extensions><power>302</power><tpx1:TrackPointExtension><tpx1:atemp>20</tpx1:atemp><tpx1:hr>125</tpx1:hr><tpx1:cad>74</tpx1:cad></tpx1:TrackPointExtension></extensions></trkpt><trkpt lat="39.005314" lon="-105.058006"><time>2024-08-09T19:27:28.000Z</time><ele>2572.8</ele><extensions><power>333</power><tpx1:TrackPointExtension><tpx1:atemp>20</tpx1:atemp><tpx1:hr>125</tpx1:hr><tpx1:cad>75</tpx1:cad></tpx1:TrackPointExtension></extensions></trkpt><trkpt lat="39.005268" lon="-105.057999"><time>2024-08-09T19:27:29.000Z</time><ele>2573</ele><extensions><power>370</power><tpx1:TrackPointExtension><tpx1:atemp>20</tpx1:atemp><tpx1:hr>125</tpx1:hr><tpx1:cad>76</tpx1:cad></tpx1:TrackPointExtension></extensions></trkpt><trkpt lat="39.005226" lon="-105.057991"><time>2024-08-09T19:27:30.000Z</time><ele>2573.2</ele><extensions><power>377</power><tpx1:TrackPointExtension><tpx1:atemp>20</tpx1:atemp><tpx1:hr>125</tpx1:hr><tpx1:cad>73</tpx1:cad></tpx1:TrackPointExtension></extensions></trkpt><trkpt lat="39.00518" lon="-105.057983"><time>2024-08-09T19:27:31.000Z</time><ele>2573.4</ele><extensions><power>367</power><tpx1:TrackPointExtension><tpx1:atemp>20</tpx1:atemp><tpx1:hr>125</tpx1:hr><tpx1:cad>73</tpx1:cad></tpx1:TrackPointExtension></extensions></trkpt><trkpt lat="39.005135" lon="-105.057976"><time>2024-08-09T19:27:32.000Z</time><ele>2573.6</ele><extensions><power>360</power><tpx1:TrackPointExtension><tpx1:atemp>20</tpx1:atemp><tpx1:hr>125</tpx1:hr><tpx1:cad>75</tpx1:cad></tpx1:TrackPointExtension></extensions></trkpt><trkpt lat="39.005093" lon="-105.057968"><time>2024-08-09T19:27:33.000Z</time><ele>2574.2</ele><extensions><power>355</power><tpx1:TrackPointExtension><tpx1:atemp>20</tpx1:atemp><tpx1:hr>126</tpx1:hr><tpx1:cad>73</tpx1:cad></tpx1:TrackPointExtension></extensions></trkpt><trkpt lat="39.005047" lon="-105.057968"><time>2024-08-09T19:27:34.000Z</time><ele>2574.4</ele><extensions><power>337</power><tpx1:TrackPointExtension><tpx1:atemp>20</tpx1:atemp><tpx1:hr>127</tpx1:hr><tpx1:cad>71</tpx1:cad></tpx1:TrackPointExtension></extensions></trkpt><trkpt lat="39.005009" lon="-105.057976"><time>2024-08-09T19:27:35.000Z</time><ele>2574.8</ele><extensions><power>298</power><tpx1:TrackPointExtension><tpx1:atemp>20</tpx1:atemp><tpx1:hr>127</tpx1:hr><tpx1:cad>71</tpx1:cad></tpx1:TrackPointExtension></extensions></trkpt><trkpt lat="39.004982" lon="-105.058021"><time>2024-08-09T19:27:36.000Z</time><ele>2575.2</ele><extensions><power>273</power><tpx1:TrackPointExtension><tpx1:atemp>20</tpx1:atemp><tpx1:hr>129</tpx1:hr><tpx1:cad>71</tpx1:cad></tpx1:TrackPointExtension></extensions></trkpt><trkpt lat="39.00497" lon="-105.058075"><time>2024-08-09T19:27:37.000Z</time><ele>2575.4</ele><extensions><power>280</power><tpx1:TrackPointExtension><tpx1:atemp>20</tpx1:atemp><tpx1:hr>131</tpx1:hr><tpx1:cad>74</tpx1:cad></tpx1:TrackPointExtension></extensions></trkpt><trkpt lat="39.004967" lon="-105.058136"><time>2024-08-09T19:27:38.000Z</time><ele>2575.6</ele><extensions><power>293</power><tpx1:TrackPointExtension><tpx1:atemp>20</tpx1:atemp><tpx1:hr>132</tpx1:hr><tpx1:cad>77</tpx1:cad></tpx1:TrackPointExtension></extensions></trkpt><trkpt lat="39.004967" lon="-105.058205"><time>2024-08-09T19:27:39.000Z</time><ele>2575.6</ele><extensions><power>258</power><tpx1:TrackPointExtension><tpx1:atemp>20</tpx1:atemp><tpx1:hr>133</tpx1:hr><tpx1:cad>81</tpx1:cad></tpx1:TrackPointExtension></extensions></trkpt><trkpt lat="39.004967" lon="-105.058273"><time>2024-08-09T19:27:40.000Z</time><ele>2575.8</ele><extensions><power>231</power><tpx1:TrackPointExtension><tpx1:atemp>20</tpx1:atemp><tpx1:hr>133</tpx1:hr><tpx1:cad>81</tpx1:cad></tpx1:TrackPointExtension></extensions></trkpt><trkpt lat="39.004967" lon="-105.058342"><time>2024-08-09T19:27:41.000Z</time><ele>2575.8</ele><extensions><power>208</power><tpx1:TrackPointExtension><tpx1:atemp>20</tpx1:atemp><tpx1:hr>134</tpx1:hr><tpx1:cad>80</tpx1:cad></tpx1:TrackPointExtension></extensions></trkpt><trkpt lat="39.004967" lon="-105.058411"><time>2024-08-09T19:27:42.000Z</time><ele>2576</ele><extensions><power>185</power><tpx1:TrackPointExtension><tpx1:atemp>20</tpx1:atemp><tpx1:hr>135</tpx1:hr><tpx1:cad>79</tpx1:cad></tpx1:TrackPointExtension></extensions></trkpt><trkpt lat="39.004967" lon="-105.058479"><time>2024-08-09T19:27:43.000Z</time><ele>2576</ele><extensions><power>150</power><tpx1:TrackPointExtension><tpx1:atemp>20</tpx1:atemp><tpx1:hr>135</tpx1:hr><tpx1:cad>77</tpx1:cad></tpx1:TrackPointExtension></extensions></trkpt><trkpt lat="39.004967" lon="-105.058548"><time>2024-08-09T19:27:44.000Z</time><ele>2576</ele><extensions><power>119</power><tpx1:TrackPointExtension><tpx1:atemp>20</tpx1:atemp><tpx1:hr>135</tpx1:hr><tpx1:cad>58</tpx1:cad></tpx1:TrackPointExtension></extensions></trkpt><trkpt lat="39.004967" lon="-105.058617"><time>2024-08-09T19:27:45.000Z</time><ele>2576.2</ele><extensions><power>83</power><tpx1:TrackPointExtension><tpx1:atemp>20</tpx1:atemp><tpx1:hr>135</tpx1:hr><tpx1:cad>38</tpx1:cad></tpx1:TrackPointExtension></extensions></trkpt><trkpt lat="39.004967" lon="-105.058685"><time>2024-08-09T19:27:46.000Z</time><ele>2576.2</ele><extensions><power>48</power><tpx1:TrackPointExtension><tpx1:atemp>20</tpx1:atemp><tpx1:hr>135</tpx1:hr><tpx1:cad>18</tpx1:cad></tpx1:TrackPointExtension></extensions></trkpt><trkpt lat="39.004963" lon="-105.058746"><time>2024-08-09T19:27:47.000Z</time><ele>2576.2</ele><extensions><power>0</power><tpx1:TrackPointExtension><tpx1:atemp>20</tpx1:atemp><tpx1:hr>135</tpx1:hr><tpx1:cad>0</tpx1:cad></tpx1:TrackPointExtension></extensions></trkpt><trkpt lat="39.004963" lon="-105.058807"><time>2024-08-09T19:27:48.000Z</time><ele>2576.4</ele><extensions><power>0</power><tpx1:TrackPointExtension><tpx1:atemp>20</tpx1:atemp><tpx1:hr>135</tpx1:hr><tpx1:cad>0</tpx1:cad></tpx1:TrackPointExtension></extensions></trkpt><trkpt lat="39.004967" lon="-105.058861"><time>2024-08-09T19:27:49.000Z</time><ele>2576.4</ele><extensions><power>0</power><tpx1:TrackPointExtension><tpx1:atemp>20</tpx1:atemp><tpx1:hr>134</tpx1:hr><tpx1:cad>0</tpx1:cad></tpx1:TrackPointExtension></extensions></trkpt><trkpt lat="39.004974" lon="-105.058907"><time>2024-08-09T19:27:50.000Z</time><ele>2576.4</ele><extensions><power>0</power><tpx1:TrackPointExtension><tpx1:atemp>20</tpx1:atemp><tpx1:hr>133</tpx1:hr><tpx1:cad>0</tpx1:cad></tpx1:TrackPointExtension></extensions></trkpt><trkpt lat="39.00499" lon="-105.058945"><time>2024-08-09T19:27:51.000Z</time><ele>2576.4</ele><extensions><power>0</power><tpx1:TrackPointExtension><tpx1:atemp>20</tpx1:atemp><tpx1:hr>133</tpx1:hr><tpx1:cad>0</tpx1:cad></tpx1:TrackPointExtension></extensions></trkpt><trkpt lat="39.005009" lon="-105.058975"><time>2024-08-09T19:27:52.000Z</time><ele>2576.4</ele><extensions><power>0</power><tpx1:TrackPointExtension><tpx1:atemp>20</tpx1:atemp><tpx1:hr>131</tpx1:hr><tpx1:cad>0</tpx1:cad></tpx1:TrackPointExtension></extensions></trkpt><trkpt lat="39.005035" lon="-105.058983"><time>2024-08-09T19:27:53.000Z</time><ele>2576.4</ele><extensions><power>0</power><tpx1:TrackPointExtension><tpx1:atemp>20</tpx1:atemp><tpx1:hr>130</tpx1:hr><tpx1:cad>0</tpx1:cad></tpx1:TrackPointExtension></extensions></trkpt><trkpt lat="39.005062" lon="-105.05899"><time>2024-08-09T19:27:54.000Z</time><ele>2576.4</ele><extensions><power>0</power><tpx1:TrackPointExtension><tpx1:atemp>20</tpx1:atemp><tpx1:hr>129</tpx1:hr><tpx1:cad>0</tpx1:cad></tpx1:TrackPointExtension></extensions></trkpt><trkpt lat="39.005089" lon="-105.05899"><time>2024-08-09T19:27:55.000Z</time><ele>2576.2</ele><extensions><power>0</power><tpx1:TrackPointExtension><tpx1:atemp>20</tpx1:atemp><tpx1:hr>127</tpx1:hr><tpx1:cad>0</tpx1:cad></tpx1:TrackPointExtension></extensions></trkpt><trkpt lat="39.005112" lon="-105.058998"><time>2024-08-09T19:27:56.000Z</time><ele>2576.2</ele><extensions><power>0</power><tpx1:TrackPointExtension><tpx1:atemp>20</tpx1:atemp><tpx1:hr>126</tpx1:hr><tpx1:cad>0</tpx1:cad></tpx1:TrackPointExtension></extensions></trkpt><trkpt lat="39.00509" lon="-105.059125"><time>2024-08-09T19:27:57.000Z</time><ele>2576.2</ele><extensions><power>0</power><tpx1:TrackPointExtension><tpx1:atemp>20</tpx1:atemp><tpx1:hr>124</tpx1:hr><tpx1:cad>0</tpx1:cad></tpx1:TrackPointExtension></extensions></trkpt><trkpt lat="39.005053" lon="-105.059252"><time>2024-08-09T19:30:39.000Z</time><ele>2576</ele><extensions><power>274</power><tpx1:TrackPointExtension><tpx1:atemp>19</tpx1:atemp><tpx1:hr>108</tpx1:hr><tpx1:cad>58</tpx1:cad></tpx1:TrackPointExtension></extensions></trkpt><trkpt lat="39.005016" lon="-105.05938"><time>2024-08-09T19:30:40.000Z</time><ele>2576</ele><extensions><power>247</power><tpx1:TrackPointExtension><tpx1:atemp>19</tpx1:atemp><tpx1:hr>110</tpx1:hr><tpx1:cad>61</tpx1:cad></tpx1:TrackPointExtension></extensions></trkpt><trkpt lat="39.005016" lon="-105.059433"><time>2024-08-09T19:30:41.000Z</time><ele>2576</ele><extensions><power>212</power><tpx1:TrackPointExtension><tpx1:atemp>19</tpx1:atemp><tpx1:hr>111</tpx1:hr><tpx1:cad>60</tpx1:cad></tpx1:TrackPointExtension></extensions></trkpt><trkpt lat="39.005012" lon="-105.059486"><time>2024-08-09T19:30:42.000Z</time><ele>2576</ele><extensions><power>153</power><tpx1:TrackPointExtension><tpx1:atemp>19</tpx1:atemp><tpx1:hr>112</tpx1:hr><tpx1:cad>59</tpx1:cad></tpx1:TrackPointExtension></extensions></trkpt><trkpt lat="39.005012" lon="-105.05954"><time>2024-08-09T19:30:43.000Z</time><ele>2576</ele><extensions><power>143</power><tpx1:TrackPointExtension><tpx1:atemp>19</tpx1:atemp><tpx1:hr>113</tpx1:hr><tpx1:cad>59</tpx1:cad></tpx1:TrackPointExtension></extensions></trkpt><trkpt lat="39.00502" lon="-105.059593"><time>2024-08-09T19:30:44.000Z</time><ele>2576.2</ele><extensions><power>161</power><tpx1:TrackPointExtension><tpx1:atemp>19</tpx1:atemp><tpx1:hr>114</tpx1:hr><tpx1:cad>62</tpx1:cad></tpx1:TrackPointExtension></extensions></trkpt><trkpt lat="39.005032" lon="-105.059647"><time>2024-08-09T19:30:45.000Z</time><ele>2576.2</ele><extensions><power>134</power><tpx1:TrackPointExtension><tpx1:atemp>19</tpx1:atemp><tpx1:hr>114</tpx1:hr><tpx1:cad>59</tpx1:cad></tpx1:TrackPointExtension></extensions></trkpt><trkpt lat="39.005054" lon="-105.059685"><time>2024-08-09T19:30:46.000Z</time><ele>2576.4</ele><extensions><power>120</power><tpx1:TrackPointExtension><tpx1:atemp>19</tpx1:atemp><tpx1:hr>114</tpx1:hr><tpx1:cad>60</tpx1:cad></tpx1:TrackPointExtension></extensions></trkpt><trkpt lat="39.005089" lon="-105.059708"><time>2024-08-09T19:30:47.000Z</time><ele>2576.4</ele><extensions><power>144</power><tpx1:TrackPointExtension><tpx1:atemp>19</tpx1:atemp><tpx1:hr>114</tpx1:hr><tpx1:cad>63</tpx1:cad></tpx1:TrackPointExtension></extensions></trkpt><trkpt lat="39.005138" lon="-105.059708"><time>2024-08-09T19:30:48.000Z</time><ele>2576.4</ele><extensions><power>196</power><tpx1:TrackPointExtension><tpx1:atemp>19</tpx1:atemp><tpx1:hr>114</tpx1:hr><tpx1:cad>68</tpx1:cad></tpx1:TrackPointExtension></extensions></trkpt><trkpt lat="39.005192" lon="-105.059708"><time>2024-08-09T19:30:49.000Z</time><ele>2576.4</ele><extensions><power>209</power><tpx1:TrackPointExtension><tpx1:atemp>19</tpx1:atemp><tpx1:hr>114</tpx1:hr><tpx1:cad>73</tpx1:cad></tpx1:TrackPointExtension></extensions></trkpt><trkpt lat="39.005245" lon="-105.059708"><time>2024-08-09T19:30:50.000Z</time><ele>2576.2</ele><extensions><power>160</power><tpx1:TrackPointExtension><tpx1:atemp>19</tpx1:atemp><tpx1:hr>114</tpx1:hr><tpx1:cad>74</tpx1:cad></tpx1:TrackPointExtension></extensions></trkpt><trkpt lat="39.005302" lon="-105.059708"><time>2024-08-09T19:30:51.000Z</time><ele>2576</ele><extensions><power>122</power><tpx1:TrackPointExtension><tpx1:atemp>19</tpx1:atemp><tpx1:hr>114</tpx1:hr><tpx1:cad>61</tpx1:cad></tpx1:TrackPointExtension></extensions></trkpt><trkpt lat="39.005363" lon="-105.059708"><time>2024-08-09T19:30:52.000Z</time><ele>2576</ele><extensions><power>96</power><tpx1:TrackPointExtension><tpx1:atemp>19</tpx1:atemp><tpx1:hr>114</tpx1:hr><tpx1:cad>38</tpx1:cad></tpx1:TrackPointExtension></extensions></trkpt><trkpt lat="39.005424" lon="-105.059708"><time>2024-08-09T19:30:53.000Z</time><ele>2575.8</ele><extensions><power>69</power><tpx1:TrackPointExtension><tpx1:atemp>19</tpx1:atemp><tpx1:hr>115</tpx1:hr><tpx1:cad>15</tpx1:cad></tpx1:TrackPointExtension></extensions></trkpt><trkpt lat="39.005485" lon="-105.059708"><time>2024-08-09T19:30:54.000Z</time><ele>2575.6</ele><extensions><power>0</power><tpx1:TrackPointExtension><tpx1:atemp>19</tpx1:atemp><tpx1:hr>115</tpx1:hr><tpx1:cad>0</tpx1:cad></tpx1:TrackPointExtension></extensions></trkpt><trkpt lat="39.005554" lon="-105.059708"><time>2024-08-09T19:30:55.000Z</time><ele>2575.4</ele><extensions><power>0</power><tpx1:TrackPointExtension><tpx1:atemp>19</tpx1:atemp><tpx1:hr>115</tpx1:hr><tpx1:cad>0</tpx1:cad></tpx1:TrackPointExtension></extensions></trkpt><trkpt lat="39.005623" lon="-105.0597"><time>2024-08-09T19:30:56.000Z</time><ele>2575.2</ele><extensions><power>0</power><tpx1:TrackPointExtension><tpx1:atemp>19</tpx1:atemp><tpx1:hr>114</tpx1:hr><tpx1:cad>0</tpx1:cad></tpx1:TrackPointExtension></extensions></trkpt><trkpt lat="39.005692" lon="-105.0597"><time>2024-08-09T19:30:57.000Z</time><ele>2575</ele><extensions><power>0</power><tpx1:TrackPointExtension><tpx1:atemp>19</tpx1:atemp><tpx1:hr>114</tpx1:hr><tpx1:cad>0</tpx1:cad></tpx1:TrackPointExtension></extensions></trkpt><trkpt lat="39.00576" lon="-105.0597"><time>2024-08-09T19:30:58.000Z</time><ele>2574.8</ele><extensions><power>0</power><tpx1:TrackPointExtension><tpx1:atemp>19</tpx1:atemp><tpx1:hr>113</tpx1:hr><tpx1:cad>0</tpx1:cad></tpx1:TrackPointExtension></extensions></trkpt><trkpt lat="39.005833" lon="-105.059692"><time>2024-08-09T19:30:59.000Z</time><ele>2574.6</ele><extensions><power>0</power><tpx1:TrackPointExtension><tpx1:atemp>19</tpx1:atemp><tpx1:hr>112</tpx1:hr><tpx1:cad>0</tpx1:cad></tpx1:TrackPointExtension></extensions></trkpt><trkpt lat="39.005909" lon="-105.059692"><time>2024-08-09T19:31:00.000Z</time><ele>2574.2</ele><extensions><power>0</power><tpx1:TrackPointExtension><tpx1:atemp>19</tpx1:atemp><tpx1:hr>110</tpx1:hr><tpx1:cad>0</tpx1:cad></tpx1:TrackPointExtension></extensions></trkpt><trkpt lat="39.005985" lon="-105.059685"><time>2024-08-09T19:31:01.000Z</time><ele>2574</ele><extensions><power>0</power><tpx1:TrackPointExtension><tpx1:atemp>20</tpx1:atemp><tpx1:hr>109</tpx1:hr><tpx1:cad>0</tpx1:cad></tpx1:TrackPointExtension></extensions></trkpt><trkpt lat="39.006065" lon="-105.059685"><time>2024-08-09T19:31:02.000Z</time><ele>2573.6</ele><extensions><power>0</power><tpx1:TrackPointExtension><tpx1:atemp>20</tpx1:atemp><tpx1:hr>109</tpx1:hr><tpx1:cad>0</tpx1:cad></tpx1:TrackPointExtension></extensions></trkpt><trkpt lat="39.006142" lon="-105.059677"><time>2024-08-09T19:31:03.000Z</time><ele>2573.4</ele><extensions><power>0</power><tpx1:TrackPointExtension><tpx1:atemp>20</tpx1:atemp><tpx1:hr>109</tpx1:hr><tpx1:cad>0</tpx1:cad></tpx1:TrackPointExtension></extensions></trkpt><trkpt lat="39.006226" lon="-105.059662"><time>2024-08-09T19:31:04.000Z</time><ele>2573</ele><extensions><power>0</power><tpx1:TrackPointExtension><tpx1:atemp>20</tpx1:atemp><tpx1:hr>109</tpx1:hr><tpx1:cad>0</tpx1:cad></tpx1:TrackPointExtension></extensions></trkpt><trkpt lat="39.006309" lon="-105.059647"><time>2024-08-09T19:31:05.000Z</time><ele>2572.6</ele><extensions><power>0</power><tpx1:TrackPointExtension><tpx1:atemp>20</tpx1:atemp><tpx1:hr>110</tpx1:hr><tpx1:cad>0</tpx1:cad></tpx1:TrackPointExtension></extensions></trkpt><trkpt lat="39.006393" lon="-105.059624"><time>2024-08-09T19:31:06.000Z</time><ele>2572.2</ele><extensions><power>0</power><tpx1:TrackPointExtension><tpx1:atemp>20</tpx1:atemp><tpx1:hr>110</tpx1:hr><tpx1:cad>0</tpx1:cad></tpx1:TrackPointExtension></extensions></trkpt><trkpt lat="39.006474" lon="-105.059586"><time>2024-08-09T19:31:07.000Z</time><ele>2571.8</ele><extensions><power>0</power><tpx1:TrackPointExtension><tpx1:atemp>20</tpx1:atemp><tpx1:hr>110</tpx1:hr><tpx1:cad>0</tpx1:cad></tpx1:TrackPointExtension></extensions></trkpt><trkpt lat="39.006542" lon="-105.059547"><time>2024-08-09T19:31:08.000Z</time><ele>2571.4</ele><extensions><power>0</power><tpx1:TrackPointExtension><tpx1:atemp>20</tpx1:atemp><tpx1:hr>110</tpx1:hr><tpx1:cad>0</tpx1:cad></tpx1:TrackPointExtension></extensions></trkpt><trkpt lat="39.006611" lon="-105.059509"><time>2024-08-09T19:31:09.000Z</time><ele>2571.2</ele><extensions><power>0</power><tpx1:TrackPointExtension><tpx1:atemp>20</tpx1:atemp><tpx1:hr>109</tpx1:hr><tpx1:cad>0</tpx1:cad></tpx1:TrackPointExtension></extensions></trkpt><trkpt lat="39.006668" lon="-105.059479"><time>2024-08-09T19:31:10.000Z</time><ele>2571</ele><extensions><power>0</power><tpx1:TrackPointExtension><tpx1:atemp>20</tpx1:atemp><tpx1:hr>107</tpx1:hr><tpx1:cad>0</tpx1:cad></tpx1:TrackPointExtension></extensions></trkpt><trkpt lat="39.006718" lon="-105.059448"><time>2024-08-09T19:31:11.000Z</time><ele>2570.8</ele><extensions><power>0</power><tpx1:TrackPointExtension><tpx1:atemp>20</tpx1:atemp><tpx1:hr>106</tpx1:hr><tpx1:cad>0</tpx1:cad></tpx1:TrackPointExtension></extensions></trkpt><trkpt lat="39.006752" lon="-105.059418"><time>2024-08-09T19:31:12.000Z</time><ele>2570.8</ele><extensions><power>0</power><tpx1:TrackPointExtension><tpx1:atemp>20</tpx1:atemp><tpx1:hr>104</tpx1:hr><tpx1:cad>0</tpx1:cad></tpx1:TrackPointExtension></extensions></trkpt><trkpt lat="39.006782" lon="-105.059402"><time>2024-08-09T19:31:13.000Z</time><ele>2570.6</ele><extensions><power>0</power><tpx1:TrackPointExtension><tpx1:atemp>20</tpx1:atemp><tpx1:hr>104</tpx1:hr><tpx1:cad>0</tpx1:cad></tpx1:TrackPointExtension></extensions></trkpt><trkpt lat="39.006802" lon="-105.059395"><time>2024-08-09T19:31:14.000Z</time><ele>2570.4</ele><extensions><power>0</power><tpx1:TrackPointExtension><tpx1:atemp>20</tpx1:atemp><tpx1:hr>102</tpx1:hr><tpx1:cad>0</tpx1:cad></tpx1:TrackPointExtension></extensions></trkpt><trkpt lat="39.006824" lon="-105.059397"><time>2024-08-09T19:31:15.000Z</time><ele>2570.4</ele><extensions><power>0</power><tpx1:TrackPointExtension><tpx1:atemp>20</tpx1:atemp><tpx1:hr>100</tpx1:hr><tpx1:cad>0</tpx1:cad></tpx1:TrackPointExtension></extensions></trkpt><trkpt lat="39.006836" lon="-105.059406"><time>2024-08-09T19:31:16.000Z</time><ele>2570.2</ele><extensions><power>0</power><tpx1:TrackPointExtension><tpx1:atemp>20</tpx1:atemp><tpx1:hr>99</tpx1:hr><tpx1:cad>0</tpx1:cad></tpx1:TrackPointExtension></extensions></trkpt><trkpt lat="39.006847" lon="-105.059416"><time>2024-08-09T19:31:22.000Z</time><ele>2570</ele><extensions><power>0</power><tpx1:TrackPointExtension><tpx1:atemp>20</tpx1:atemp><tpx1:hr>97</tpx1:hr><tpx1:cad>0</tpx1:cad></tpx1:TrackPointExtension></extensions></trkpt><trkpt lat="39.006859" lon="-105.059425"><time>2024-08-09T19:31:23.000Z</time><ele>2570</ele><extensions><power>0</power><tpx1:TrackPointExtension><tpx1:atemp>20</tpx1:atemp><tpx1:hr>97</tpx1:hr><tpx1:cad>0</tpx1:cad></tpx1:TrackPointExtension></extensions></trkpt><trkpt lat="39.006874" lon="-105.059463"><time>2024-08-09T19:31:24.000Z</time><ele>2570</ele><extensions><power>0</power><tpx1:TrackPointExtension><tpx1:atemp>20</tpx1:atemp><tpx1:hr>97</tpx1:hr><tpx1:cad>0</tpx1:cad></tpx1:TrackPointExtension></extensions></trkpt><trkpt lat="39.006889" lon="-105.059502"><time>2024-08-09T19:31:25.000Z</time><ele>2570</ele><extensions><power>0</power><tpx1:TrackPointExtension><tpx1:atemp>20</tpx1:atemp><tpx1:hr>97</tpx1:hr><tpx1:cad>0</tpx1:cad></tpx1:TrackPointExtension></extensions></trkpt><trkpt lat="39.006901" lon="-105.059555"><time>2024-08-09T19:31:26.000Z</time><ele>2569.8</ele><extensions><power>24</power><tpx1:TrackPointExtension><tpx1:atemp>20</tpx1:atemp><tpx1:hr>97</tpx1:hr><tpx1:cad>33</tpx1:cad></tpx1:TrackPointExtension></extensions></trkpt><trkpt lat="39.006908" lon="-105.059616"><time>2024-08-09T19:31:27.000Z</time><ele>2569.6</ele><extensions><power>52</power><tpx1:TrackPointExtension><tpx1:atemp>20</tpx1:atemp><tpx1:hr>97</tpx1:hr><tpx1:cad>29</tpx1:cad></tpx1:TrackPointExtension></extensions></trkpt><trkpt lat="39.006908" lon="-105.059677"><time>2024-08-09T19:31:28.000Z</time><ele>2569.6</ele><extensions><power>87</power><tpx1:TrackPointExtension><tpx1:atemp>20</tpx1:atemp><tpx1:hr>97</tpx1:hr><tpx1:cad>26</tpx1:cad></tpx1:TrackPointExtension></extensions></trkpt><trkpt lat="39.006908" lon="-105.059746"><time>2024-08-09T19:31:29.000Z</time><ele>2569.4</ele><extensions><power>81</power><tpx1:TrackPointExtension><tpx1:atemp>20</tpx1:atemp><tpx1:hr>98</tpx1:hr><tpx1:cad>25</tpx1:cad></tpx1:TrackPointExtension></extensions></trkpt><trkpt lat="39.006908" lon="-105.059814"><time>2024-08-09T19:31:30.000Z</time><ele>2569.2</ele><extensions><power>18</power><tpx1:TrackPointExtension><tpx1:atemp>20</tpx1:atemp><tpx1:hr>99</tpx1:hr><tpx1:cad>26</tpx1:cad></tpx1:TrackPointExtension></extensions></trkpt><trkpt lat="39.006908" lon="-105.059891"><time>2024-08-09T19:31:31.000Z</time><ele>2569</ele><extensions><power>19</power><tpx1:TrackPointExtension><tpx1:atemp>20</tpx1:atemp><tpx1:hr>99</tpx1:hr><tpx1:cad>42</tpx1:cad></tpx1:TrackPointExtension></extensions></trkpt><trkpt lat="39.006908" lon="-105.059975"><time>2024-08-09T19:31:32.000Z</time><ele>2568.8</ele><extensions><power>20</power><tpx1:TrackPointExtension><tpx1:atemp>20</tpx1:atemp><tpx1:hr>99</tpx1:hr><tpx1:cad>58</tpx1:cad></tpx1:TrackPointExtension></extensions></trkpt><trkpt lat="39.006908" lon="-105.060066"><time>2024-08-09T19:31:33.000Z</time><ele>2568.4</ele><extensions><power>63</power><tpx1:TrackPointExtension><tpx1:atemp>20</tpx1:atemp><tpx1:hr>99</tpx1:hr><tpx1:cad>67</tpx1:cad></tpx1:TrackPointExtension></extensions></trkpt><trkpt lat="39.006908" lon="-105.060158"><time>2024-08-09T19:31:34.000Z</time><ele>2568.2</ele><extensions><power>100</power><tpx1:TrackPointExtension><tpx1:atemp>20</tpx1:atemp><tpx1:hr>98</tpx1:hr><tpx1:cad>74</tpx1:cad></tpx1:TrackPointExtension></extensions></trkpt><trkpt lat="39.006912" lon="-105.060257"><time>2024-08-09T19:31:35.000Z</time><ele>2568</ele><extensions><power>125</power><tpx1:TrackPointExtension><tpx1:atemp>20</tpx1:atemp><tpx1:hr>97</tpx1:hr><tpx1:cad>77</tpx1:cad></tpx1:TrackPointExtension></extensions></trkpt><trkpt lat="39.006912" lon="-105.060356"><time>2024-08-09T19:31:36.000Z</time><ele>2567.6</ele><extensions><power>129</power><tpx1:TrackPointExtension><tpx1:atemp>20</tpx1:atemp><tpx1:hr>97</tpx1:hr><tpx1:cad>81</tpx1:cad></tpx1:TrackPointExtension></extensions></trkpt><trkpt lat="39.006912" lon="-105.060478"><time>2024-08-09T19:31:37.000Z</time><ele>2567.2</ele><extensions><power>132</power><tpx1:TrackPointExtension><tpx1:atemp>20</tpx1:atemp><tpx1:hr>97</tpx1:hr><tpx1:cad>83</tpx1:cad></tpx1:TrackPointExtension></extensions></trkpt><trkpt lat="39.006908" lon="-105.060585"><time>2024-08-09T19:31:38.000Z</time><ele>2566.8</ele><extensions><power>131</power><tpx1:TrackPointExtension><tpx1:atemp>20</tpx1:atemp><tpx1:hr>98</tpx1:hr><tpx1:cad>82</tpx1:cad></tpx1:TrackPointExtension></extensions></trkpt><trkpt lat="39.006908" lon="-105.060699"><time>2024-08-09T19:31:39.000Z</time><ele>2566.6</ele><extensions><power>126</power><tpx1:TrackPointExtension><tpx1:atemp>20</tpx1:atemp><tpx1:hr>99</tpx1:hr><tpx1:cad>79</tpx1:cad></tpx1:TrackPointExtension></extensions></trkpt><trkpt lat="39.006908" lon="-105.060821"><time>2024-08-09T19:31:40.000Z</time><ele>2566.4</ele><extensions><power>126</power><tpx1:TrackPointExtension><tpx1:atemp>20</tpx1:atemp><tpx1:hr>99</tpx1:hr><tpx1:cad>81</tpx1:cad></tpx1:TrackPointExtension></extensions></trkpt><trkpt lat="39.006908" lon="-105.060951"><time>2024-08-09T19:31:41.000Z</time><ele>2566</ele><extensions><power>126</power><tpx1:TrackPointExtension><tpx1:atemp>20</tpx1:atemp><tpx1:hr>99</tpx1:hr><tpx1:cad>81</tpx1:cad></tpx1:TrackPointExtension></extensions></trkpt><trkpt lat="39.006908" lon="-105.061104"><time>2024-08-09T19:31:42.000Z</time><ele>2565.6</ele><extensions><power>125</power><tpx1:TrackPointExtension><tpx1:atemp>20</tpx1:atemp><tpx1:hr>99</tpx1:hr><tpx1:cad>81</tpx1:cad></tpx1:TrackPointExtension></extensions></trkpt><trkpt lat="39.006908" lon="-105.061241"><time>2024-08-09T19:31:43.000Z</time><ele>2565.6</ele><extensions><power>141</power><tpx1:TrackPointExtension><tpx1:atemp>20</tpx1:atemp><tpx1:hr>99</tpx1:hr><tpx1:cad>79</tpx1:cad></tpx1:TrackPointExtension></extensions></trkpt><trkpt lat="39.006912" lon="-105.061371"><time>2024-08-09T19:31:44.000Z</time><ele>2565.4</ele><extensions><power>140</power><tpx1:TrackPointExtension><tpx1:atemp>20</tpx1:atemp><tpx1:hr>99</tpx1:hr><tpx1:cad>83</tpx1:cad></tpx1:TrackPointExtension></extensions></trkpt><trkpt lat="39.006916" lon="-105.061493"><time>2024-08-09T19:31:45.000Z</time><ele>2565.2</ele><extensions><power>133</power><tpx1:TrackPointExtension><tpx1:atemp>20</tpx1:atemp><tpx1:hr>99</tpx1:hr><tpx1:cad>80</tpx1:cad></tpx1:TrackPointExtension></extensions></trkpt><trkpt lat="39.006912" lon="-105.0616"><time>2024-08-09T19:31:46.000Z</time><ele>2565.2</ele><extensions><power>134</power><tpx1:TrackPointExtension><tpx1:atemp>20</tpx1:atemp><tpx1:hr>99</tpx1:hr><tpx1:cad>78</tpx1:cad></tpx1:TrackPointExtension></extensions></trkpt><trkpt lat="39.006908" lon="-105.061707"><time>2024-08-09T19:31:47.000Z</time><ele>2565.2</ele><extensions><power>141</power><tpx1:TrackPointExtension><tpx1:atemp>20</tpx1:atemp><tpx1:hr>100</tpx1:hr><tpx1:cad>78</tpx1:cad></tpx1:TrackPointExtension></extensions></trkpt><trkpt lat="39.006908" lon="-105.061821"><time>2024-08-09T19:31:48.000Z</time><ele>2565</ele><extensions><power>133</power><tpx1:TrackPointExtension><tpx1:atemp>20</tpx1:atemp><tpx1:hr>100</tpx1:hr><tpx1:cad>77</tpx1:cad></tpx1:TrackPointExtension></extensions></trkpt><trkpt lat="39.006908" lon="-105.061928"><time>2024-08-09T19:31:49.000Z</time><ele>2565</ele><extensions><power>144</power><tpx1:TrackPointExtension><tpx1:atemp>20</tpx1:atemp><tpx1:hr>101</tpx1:hr><tpx1:cad>77</tpx1:cad></tpx1:TrackPointExtension></extensions></trkpt><trkpt lat="39.006908" lon="-105.062035"><time>2024-08-09T19:31:50.000Z</time><ele>2564.8</ele><extensions><power>158</power><tpx1:TrackPointExtension><tpx1:atemp>20</tpx1:atemp><tpx1:hr>101</tpx1:hr><tpx1:cad>75</tpx1:cad></tpx1:TrackPointExtension></extensions></trkpt><trkpt lat="39.006912" lon="-105.062141"><time>2024-08-09T19:31:51.000Z</time><ele>2564.8</ele><extensions><power>173</power><tpx1:TrackPointExtension><tpx1:atemp>20</tpx1:atemp><tpx1:hr>101</tpx1:hr><tpx1:cad>75</tpx1:cad></tpx1:TrackPointExtension></extensions></trkpt><trkpt lat="39.006916" lon="-105.062241"><time>2024-08-09T19:31:52.000Z</time><ele>2565</ele><extensions><power>165</power><tpx1:TrackPointExtension><tpx1:atemp>20</tpx1:atemp><tpx1:hr>101</tpx1:hr><tpx1:cad>72</tpx1:cad></tpx1:TrackPointExtension></extensions></trkpt><trkpt lat="39.006916" lon="-105.06234"><time>2024-08-09T19:31:53.000Z</time><ele>2565</ele><extensions><power>147</power><tpx1:TrackPointExtension><tpx1:atemp>20</tpx1:atemp><tpx1:hr>101</tpx1:hr><tpx1:cad>72</tpx1:cad></tpx1:TrackPointExtension></extensions></trkpt><trkpt lat="39.006916" lon="-105.062431"><time>2024-08-09T19:31:54.000Z</time><ele>2565.2</ele><extensions><power>138</power><tpx1:TrackPointExtension><tpx1:atemp>20</tpx1:atemp><tpx1:hr>102</tpx1:hr><tpx1:cad>71</tpx1:cad></tpx1:TrackPointExtension></extensions></trkpt><trkpt lat="39.00692" lon="-105.06253"><time>2024-08-09T19:31:55.000Z</time><ele>2565.4</ele><extensions><power>135</power><tpx1:TrackPointExtension><tpx1:atemp>20</tpx1:atemp><tpx1:hr>102</tpx1:hr><tpx1:cad>69</tpx1:cad></tpx1:TrackPointExtension></extensions></trkpt><trkpt lat="39.00692" lon="-105.062622"><time>2024-08-09T19:31:56.000Z</time><ele>2565.4</ele><extensions><power>134</power><tpx1:TrackPointExtension><tpx1:atemp>20</tpx1:atemp><tpx1:hr>103</tpx1:hr><tpx1:cad>72</tpx1:cad></tpx1:TrackPointExtension></extensions></trkpt><trkpt lat="39.00692" lon="-105.062714"><time>2024-08-09T19:31:57.000Z</time><ele>2565.4</ele><extensions><power>126</power><tpx1:TrackPointExtension><tpx1:atemp>20</tpx1:atemp><tpx1:hr>104</tpx1:hr><tpx1:cad>75</tpx1:cad></tpx1:TrackPointExtension></extensions></trkpt><trkpt lat="39.006916" lon="-105.062797"><time>2024-08-09T19:31:58.000Z</time><ele>2565.6</ele><extensions><power>121</power><tpx1:TrackPointExtension><tpx1:atemp>20</tpx1:atemp><tpx1:hr>105</tpx1:hr><tpx1:cad>67</tpx1:cad></tpx1:TrackPointExtension></extensions></trkpt><trkpt lat="39.006916" lon="-105.062889"><time>2024-08-09T19:31:59.000Z</time><ele>2565.8</ele><extensions><power>105</power><tpx1:TrackPointExtension><tpx1:atemp>20</tpx1:atemp><tpx1:hr>104</tpx1:hr><tpx1:cad>66</tpx1:cad></tpx1:TrackPointExtension></extensions></trkpt><trkpt lat="39.006916" lon="-105.062958"><time>2024-08-09T19:32:00.000Z</time><ele>2566</ele><extensions><power>85</power><tpx1:TrackPointExtension><tpx1:atemp>20</tpx1:atemp><tpx1:hr>104</tpx1:hr><tpx1:cad>52</tpx1:cad></tpx1:TrackPointExtension></extensions></trkpt><trkpt lat="39.00692" lon="-105.063019"><time>2024-08-09T19:32:01.000Z</time><ele>2566.2</ele><extensions><power>64</power><tpx1:TrackPointExtension><tpx1:atemp>20</tpx1:atemp><tpx1:hr>103</tpx1:hr><tpx1:cad>32</tpx1:cad></tpx1:TrackPointExtension></extensions></trkpt><trkpt lat="39.006924" lon="-105.063065"><time>2024-08-09T19:32:02.000Z</time><ele>2566.6</ele><extensions><power>42</power><tpx1:TrackPointExtension><tpx1:atemp>20</tpx1:atemp><tpx1:hr>102</tpx1:hr><tpx1:cad>12</tpx1:cad></tpx1:TrackPointExtension></extensions></trkpt><trkpt lat="39.006935" lon="-105.063095"><time>2024-08-09T19:32:03.000Z</time><ele>2566.6</ele><extensions><power>0</power><tpx1:TrackPointExtension><tpx1:atemp>20</tpx1:atemp><tpx1:hr>101</tpx1:hr><tpx1:cad>0</tpx1:cad></tpx1:TrackPointExtension></extensions></trkpt><trkpt lat="39.006947" lon="-105.06311"><time>2024-08-09T19:32:04.000Z</time><ele>2566.8</ele><extensions><power>0</power><tpx1:TrackPointExtension><tpx1:atemp>20</tpx1:atemp><tpx1:hr>100</tpx1:hr><tpx1:cad>0</tpx1:cad></tpx1:TrackPointExtension></extensions></trkpt><trkpt lat="39.006958" lon="-105.063118"><time>2024-08-09T19:32:05.000Z</time><ele>2566.8</ele><extensions><power>0</power><tpx1:TrackPointExtension><tpx1:atemp>20</tpx1:atemp><tpx1:hr>100</tpx1:hr><tpx1:cad>0</tpx1:cad></tpx1:TrackPointExtension></extensions></trkpt><trkpt lat="39.006969" lon="-105.063126"><time>2024-08-09T19:32:06.000Z</time><ele>2566.8</ele><extensions><power>0</power><tpx1:TrackPointExtension><tpx1:atemp>20</tpx1:atemp><tpx1:hr>100</tpx1:hr><tpx1:cad>0</tpx1:cad></tpx1:TrackPointExtension></extensions></trkpt><trkpt lat="39.006981" lon="-105.063133"><time>2024-08-09T19:32:07.000Z</time><ele>2567</ele><extensions><power>0</power><tpx1:TrackPointExtension><tpx1:atemp>20</tpx1:atemp><tpx1:hr>99</tpx1:hr><tpx1:cad>0</tpx1:cad></tpx1:TrackPointExtension></extensions></trkpt><trkpt lat="39.006996" lon="-105.063072"><time>2024-08-09T19:32:12.000Z</time><ele>2567</ele><extensions><power>0</power><tpx1:TrackPointExtension><tpx1:atemp>20</tpx1:atemp><tpx1:hr>99</tpx1:hr><tpx1:cad>0</tpx1:cad></tpx1:TrackPointExtension></extensions></trkpt><trkpt lat="39.007008" lon="-105.063057"><time>2024-08-09T19:32:13.000Z</time><ele>2567</ele><extensions><power>0</power><tpx1:TrackPointExtension><tpx1:atemp>20</tpx1:atemp><tpx1:hr>99</tpx1:hr><tpx1:cad>0</tpx1:cad></tpx1:TrackPointExtension></extensions></trkpt><trkpt lat="39.007027" lon="-105.063049"><time>2024-08-09T19:32:14.000Z</time><ele>2567</ele><extensions><power>0</power><tpx1:TrackPointExtension><tpx1:atemp>20</tpx1:atemp><tpx1:hr>99</tpx1:hr><tpx1:cad>0</tpx1:cad></tpx1:TrackPointExtension></extensions></trkpt><trkpt lat="39.007053" lon="-105.063049"><time>2024-08-09T19:32:15.000Z</time><ele>2566.8</ele><extensions><power>0</power><tpx1:TrackPointExtension><tpx1:atemp>20</tpx1:atemp><tpx1:hr>100</tpx1:hr><tpx1:cad>0</tpx1:cad></tpx1:TrackPointExtension></extensions></trkpt><trkpt lat="39.007092" lon="-105.063049"><time>2024-08-09T19:32:16.000Z</time><ele>2566.6</ele><extensions><power>0</power><tpx1:TrackPointExtension><tpx1:atemp>20</tpx1:atemp><tpx1:hr>101</tpx1:hr><tpx1:cad>0</tpx1:cad></tpx1:TrackPointExtension></extensions></trkpt><trkpt lat="39.007133" lon="-105.063057"><time>2024-08-09T19:32:17.000Z</time><ele>2566.6</ele><extensions><power>55</power><tpx1:TrackPointExtension><tpx1:atemp>20</tpx1:atemp><tpx1:hr>103</tpx1:hr><tpx1:cad>31</tpx1:cad></tpx1:TrackPointExtension></extensions></trkpt><trkpt lat="39.007183" lon="-105.063057"><time>2024-08-09T19:32:18.000Z</time><ele>2566.4</ele><extensions><power>94</power><tpx1:TrackPointExtension><tpx1:atemp>20</tpx1:atemp><tpx1:hr>105</tpx1:hr><tpx1:cad>39</tpx1:cad></tpx1:TrackPointExtension></extensions></trkpt><trkpt lat="39.007233" lon="-105.063065"><time>2024-08-09T19:32:19.000Z</time><ele>2566.4</ele><extensions><power>131</power><tpx1:TrackPointExtension><tpx1:atemp>20</tpx1:atemp><tpx1:hr>106</tpx1:hr><tpx1:cad>44</tpx1:cad></tpx1:TrackPointExtension></extensions></trkpt><trkpt lat="39.00729" lon="-105.063065"><time>2024-08-09T19:32:20.000Z</time><ele>2566.2</ele><extensions><power>168</power><tpx1:TrackPointExtension><tpx1:atemp>20</tpx1:atemp><tpx1:hr>106</tpx1:hr><tpx1:cad>49</tpx1:cad></tpx1:TrackPointExtension></extensions></trkpt><trkpt lat="39.007351" lon="-105.063065"><time>2024-08-09T19:32:21.000Z</time><ele>2566</ele><extensions><power>182</power><tpx1:TrackPointExtension><tpx1:atemp>20</tpx1:atemp><tpx1:hr>106</tpx1:hr><tpx1:cad>60</tpx1:cad></tpx1:TrackPointExtension></extensions></trkpt><trkpt lat="39.007416" lon="-105.063065"><time>2024-08-09T19:32:22.000Z</time><ele>2565.8</ele><extensions><power>177</power><tpx1:TrackPointExtension><tpx1:atemp>20</tpx1:atemp><tpx1:hr>106</tpx1:hr><tpx1:cad>64</tpx1:cad></tpx1:TrackPointExtension></extensions></trkpt><trkpt lat="39.007484" lon="-105.063065"><time>2024-08-09T19:32:23.000Z</time><ele>2565.4</ele><extensions><power>142</power><tpx1:TrackPointExtension><tpx1:atemp>20</tpx1:atemp><tpx1:hr>106</tpx1:hr><tpx1:cad>51</tpx1:cad></tpx1:TrackPointExtension></extensions></trkpt><trkpt lat="39.007557" lon="-105.063065"><time>2024-08-09T19:32:24.000Z</time><ele>2565</ele><extensions><power>103</power><tpx1:TrackPointExtension><tpx1:atemp>20</tpx1:atemp><tpx1:hr>107</tpx1:hr><tpx1:cad>31</tpx1:cad></tpx1:TrackPointExtension></extensions></trkpt><trkpt lat="39.007629" lon="-105.063065"><time>2024-08-09T19:32:25.000Z</time><ele>2564.8</ele><extensions><power>63</power><tpx1:TrackPointExtension><tpx1:atemp>20</tpx1:atemp><tpx1:hr>108</tpx1:hr><tpx1:cad>11</tpx1:cad></tpx1:TrackPointExtension></extensions></trkpt><trkpt lat="39.007706" lon="-105.063072"><time>2024-08-09T19:32:26.000Z</time><ele>2564.4</ele><extensions><power>24</power><tpx1:TrackPointExtension><tpx1:atemp>20</tpx1:atemp><tpx1:hr>107</tpx1:hr><tpx1:cad>76</tpx1:cad></tpx1:TrackPointExtension></extensions></trkpt><trkpt lat="39.007786" lon="-105.063072"><time>2024-08-09T19:32:27.000Z</time><ele>2564.2</ele><extensions><power>80</power><tpx1:TrackPointExtension><tpx1:atemp>20</tpx1:atemp><tpx1:hr>107</tpx1:hr><tpx1:cad>78</tpx1:cad></tpx1:TrackPointExtension></extensions></trkpt><trkpt lat="39.007866" lon="-105.06308"><time>2024-08-09T19:32:28.000Z</time><ele>2563.8</ele><extensions><power>135</power><tpx1:TrackPointExtension><tpx1:atemp>20</tpx1:atemp><tpx1:hr>106</tpx1:hr><tpx1:cad>80</tpx1:cad></tpx1:TrackPointExtension></extensions></trkpt><trkpt lat="39.00795" lon="-105.063087"><time>2024-08-09T19:32:29.000Z</time><ele>2563.4</ele><extensions><power>96</power><tpx1:TrackPointExtension><tpx1:atemp>20</tpx1:atemp><tpx1:hr>104</tpx1:hr><tpx1:cad>60</tpx1:cad></tpx1:TrackPointExtension></extensions></trkpt><trkpt lat="39.008038" lon="-105.063087"><time>2024-08-09T19:32:30.000Z</time><ele>2563.2</ele><extensions><power>64</power><tpx1:TrackPointExtension><tpx1:atemp>20</tpx1:atemp><tpx1:hr>103</tpx1:hr><tpx1:cad>39</tpx1:cad></tpx1:TrackPointExtension></extensions></trkpt><trkpt lat="39.008125" lon="-105.063095"><time>2024-08-09T19:32:31.000Z</time><ele>2562.8</ele><extensions><power>31</power><tpx1:TrackPointExtension><tpx1:atemp>20</tpx1:atemp><tpx1:hr>102</tpx1:hr><tpx1:cad>18</tpx1:cad></tpx1:TrackPointExtension></extensions></trkpt><trkpt lat="39.008213" lon="-105.063103"><time>2024-08-09T19:32:32.000Z</time><ele>2562.4</ele><extensions><power>0</power><tpx1:TrackPointExtension><tpx1:atemp>20</tpx1:atemp><tpx1:hr>102</tpx1:hr><tpx1:cad>0</tpx1:cad></tpx1:TrackPointExtension></extensions></trkpt><trkpt lat="39.008301" lon="-105.063103"><time>2024-08-09T19:32:33.000Z</time><ele>2562</ele><extensions><power>0</power><tpx1:TrackPointExtension><tpx1:atemp>20</tpx1:atemp><tpx1:hr>102</tpx1:hr><tpx1:cad>0</tpx1:cad></tpx1:TrackPointExtension></extensions></trkpt><trkpt lat="39.008392" lon="-105.06311"><time>2024-08-09T19:32:34.000Z</time><ele>2561.8</ele><extensions><power>0</power><tpx1:TrackPointExtension><tpx1:atemp>20</tpx1:atemp><tpx1:hr>102</tpx1:hr><tpx1:cad>0</tpx1:cad></tpx1:TrackPointExtension></extensions></trkpt><trkpt lat="39.008491" lon="-105.063103"><time>2024-08-09T19:32:35.000Z</time><ele>2561.2</ele><extensions><power>0</power><tpx1:TrackPointExtension><tpx1:atemp>20</tpx1:atemp><tpx1:hr>102</tpx1:hr><tpx1:cad>0</tpx1:cad></tpx1:TrackPointExtension></extensions></trkpt><trkpt lat="39.008591" lon="-105.06311"><time>2024-08-09T19:32:36.000Z</time><ele>2560.8</ele><extensions><power>0</power><tpx1:TrackPointExtension><tpx1:atemp>20</tpx1:atemp><tpx1:hr>101</tpx1:hr><tpx1:cad>0</tpx1:cad></tpx1:TrackPointExtension></extensions></trkpt><trkpt lat="39.00869" lon="-105.063118"><time>2024-08-09T19:32:37.000Z</time><ele>2560</ele><extensions><power>23</power><tpx1:TrackPointExtension><tpx1:atemp>20</tpx1:atemp><tpx1:hr>101</tpx1:hr><tpx1:cad>16</tpx1:cad></tpx1:TrackPointExtension></extensions></trkpt><trkpt lat="39.008797" lon="-105.063126"><time>2024-08-09T19:32:38.000Z</time><ele>2559.2</ele><extensions><power>46</power><tpx1:TrackPointExtension><tpx1:atemp>20</tpx1:atemp><tpx1:hr>99</tpx1:hr><tpx1:cad>49</tpx1:cad></tpx1:TrackPointExtension></extensions></trkpt><trkpt lat="39.008911" lon="-105.063141"><time>2024-08-09T19:32:39.000Z</time><ele>2558</ele><extensions><power>70</power><tpx1:TrackPointExtension><tpx1:atemp>20</tpx1:atemp><tpx1:hr>97</tpx1:hr><tpx1:cad>82</tpx1:cad></tpx1:TrackPointExtension></extensions></trkpt><trkpt lat="39.009041" lon="-105.063156"><time>2024-08-09T19:32:40.000Z</time><ele>2557</ele><extensions><power>206</power><tpx1:TrackPointExtension><tpx1:atemp>20</tpx1:atemp><tpx1:hr>93</tpx1:hr><tpx1:cad>85</tpx1:cad></tpx1:TrackPointExtension></extensions></trkpt><trkpt lat="39.009174" lon="-105.063164"><time>2024-08-09T19:32:41.000Z</time><ele>2556</ele><extensions><power>235</power><tpx1:TrackPointExtension><tpx1:atemp>20</tpx1:atemp><tpx1:hr>92</tpx1:hr><tpx1:cad>89</tpx1:cad></tpx1:TrackPointExtension></extensions></trkpt><trkpt lat="39.009308" lon="-105.063179"><time>2024-08-09T19:32:42.000Z</time><ele>2555</ele><extensions><power>219</power><tpx1:TrackPointExtension><tpx1:atemp>20</tpx1:atemp><tpx1:hr>92</tpx1:hr><tpx1:cad>89</tpx1:cad></tpx1:TrackPointExtension></extensions></trkpt><trkpt lat="39.009441" lon="-105.063194"><time>2024-08-09T19:32:43.000Z</time><ele>2554.2</ele><extensions><power>184</power><tpx1:TrackPointExtension><tpx1:atemp>20</tpx1:atemp><tpx1:hr>92</tpx1:hr><tpx1:cad>90</tpx1:cad></tpx1:TrackPointExtension></extensions></trkpt><trkpt lat="39.009575" lon="-105.063202"><time>2024-08-09T19:32:44.000Z</time><ele>2553.4</ele><extensions><power>182</power><tpx1:TrackPointExtension><tpx1:atemp>20</tpx1:atemp><tpx1:hr>92</tpx1:hr><tpx1:cad>92</tpx1:cad></tpx1:TrackPointExtension></extensions></trkpt><trkpt lat="39.009701" lon="-105.063209"><time>2024-08-09T19:32:45.000Z</time><ele>2552.6</ele><extensions><power>184</power><tpx1:TrackPointExtension><tpx1:atemp>20</tpx1:atemp><tpx1:hr>94</tpx1:hr><tpx1:cad>92</tpx1:cad></tpx1:TrackPointExtension></extensions></trkpt><trkpt lat="39.009834" lon="-105.063217"><time>2024-08-09T19:32:46.000Z</time><ele>2552</ele><extensions><power>182</power><tpx1:TrackPointExtension><tpx1:atemp>20</tpx1:atemp><tpx1:hr>96</tpx1:hr><tpx1:cad>84</tpx1:cad></tpx1:TrackPointExtension></extensions></trkpt><trkpt lat="39.00996" lon="-105.063217"><time>2024-08-09T19:32:47.000Z</time><ele>2551.4</ele><extensions><power>161</power><tpx1:TrackPointExtension><tpx1:atemp>20</tpx1:atemp><tpx1:hr>99</tpx1:hr><tpx1:cad>65</tpx1:cad></tpx1:TrackPointExtension></extensions></trkpt><trkpt lat="39.010086" lon="-105.063232"><time>2024-08-09T19:32:48.000Z</time><ele>2551</ele><extensions><power>121</power><tpx1:TrackPointExtension><tpx1:atemp>20</tpx1:atemp><tpx1:hr>102</tpx1:hr><tpx1:cad>69</tpx1:cad></tpx1:TrackPointExtension></extensions></trkpt><trkpt lat="39.010216" lon="-105.06324"><time>2024-08-09T19:32:49.000Z</time><ele>2550.6</ele><extensions><power>96</power><tpx1:TrackPointExtension><tpx1:atemp>20</tpx1:atemp><tpx1:hr>103</tpx1:hr><tpx1:cad>44</tpx1:cad></tpx1:TrackPointExtension></extensions></trkpt><trkpt lat="39.010349" lon="-105.063248"><time>2024-08-09T19:32:50.000Z</time><ele>2550</ele><extensions><power>71</power><tpx1:TrackPointExtension><tpx1:atemp>20</tpx1:atemp><tpx1:hr>103</tpx1:hr><tpx1:cad>19</tpx1:cad></tpx1:TrackPointExtension></extensions></trkpt><trkpt lat="39.010483" lon="-105.063255"><time>2024-08-09T19:32:51.000Z</time><ele>2549.4</ele><extensions><power>0</power><tpx1:TrackPointExtension><tpx1:atemp>20</tpx1:atemp><tpx1:hr>103</tpx1:hr><tpx1:cad>0</tpx1:cad></tpx1:TrackPointExtension></extensions></trkpt><trkpt lat="39.010616" lon="-105.063255"><time>2024-08-09T19:32:52.000Z</time><ele>2549</ele><extensions><power>0</power><tpx1:TrackPointExtension><tpx1:atemp>20</tpx1:atemp><tpx1:hr>104</tpx1:hr><tpx1:cad>0</tpx1:cad></tpx1:TrackPointExtension></extensions></trkpt><trkpt lat="39.010746" lon="-105.063263"><time>2024-08-09T19:32:53.000Z</time><ele>2548.6</ele><extensions><power>0</power><tpx1:TrackPointExtension><tpx1:atemp>20</tpx1:atemp><tpx1:hr>104</tpx1:hr><tpx1:cad>0</tpx1:cad></tpx1:TrackPointExtension></extensions></trkpt><trkpt lat="39.010879" lon="-105.06327"><time>2024-08-09T19:32:54.000Z</time><ele>2548</ele><extensions><power>0</power><tpx1:TrackPointExtension><tpx1:atemp>20</tpx1:atemp><tpx1:hr>104</tpx1:hr><tpx1:cad>0</tpx1:cad></tpx1:TrackPointExtension></extensions></trkpt><trkpt lat="39.011005" lon="-105.063286"><time>2024-08-09T19:32:55.000Z</time><ele>2547.6</ele><extensions><power>0</power><tpx1:TrackPointExtension><tpx1:atemp>20</tpx1:atemp><tpx1:hr>104</tpx1:hr><tpx1:cad>0</tpx1:cad></tpx1:TrackPointExtension></extensions></trkpt><trkpt lat="39.011127" lon="-105.063293"><time>2024-08-09T19:32:56.000Z</time><ele>2547</ele><extensions><power>0</power><tpx1:TrackPointExtension><tpx1:atemp>20</tpx1:atemp><tpx1:hr>103</tpx1:hr><tpx1:cad>0</tpx1:cad></tpx1:TrackPointExtension></extensions></trkpt><trkpt lat="39.011246" lon="-105.063301"><time>2024-08-09T19:32:57.000Z</time><ele>2546.6</ele><extensions><power>0</power><tpx1:TrackPointExtension><tpx1:atemp>20</tpx1:atemp><tpx1:hr>103</tpx1:hr><tpx1:cad>0</tpx1:cad></tpx1:TrackPointExtension></extensions></trkpt><trkpt lat="39.011353" lon="-105.063316"><time>2024-08-09T19:32:58.000Z</time><ele>2546.4</ele><extensions><power>0</power><tpx1:TrackPointExtension><tpx1:atemp>20</tpx1:atemp><tpx1:hr>102</tpx1:hr><tpx1:cad>0</tpx1:cad></tpx1:TrackPointExtension></extensions></trkpt><trkpt lat="39.01144" lon="-105.063332"><time>2024-08-09T19:32:59.000Z</time><ele>2546.2</ele><extensions><power>0</power><tpx1:TrackPointExtension><tpx1:atemp>20</tpx1:atemp><tpx1:hr>101</tpx1:hr><tpx1:cad>0</tpx1:cad></tpx1:TrackPointExtension></extensions></trkpt><trkpt lat="39.011517" lon="-105.063354"><time>2024-08-09T19:33:00.000Z</time><ele>2546.2</ele><extensions><power>0</power><tpx1:TrackPointExtension><tpx1:atemp>20</tpx1:atemp><tpx1:hr>101</tpx1:hr><tpx1:cad>0</tpx1:cad></tpx1:TrackPointExtension></extensions></trkpt><trkpt lat="39.011589" lon="-105.063385"><time>2024-08-09T19:33:01.000Z</time><ele>2546.2</ele><extensions><power>23</power><tpx1:TrackPointExtension><tpx1:atemp>20</tpx1:atemp><tpx1:hr>101</tpx1:hr><tpx1:cad>43</tpx1:cad></tpx1:TrackPointExtension></extensions></trkpt><trkpt lat="39.011662" lon="-105.063423"><time>2024-08-09T19:33:02.000Z</time><ele>2546.2</ele><extensions><power>112</power><tpx1:TrackPointExtension><tpx1:atemp>20</tpx1:atemp><tpx1:hr>101</tpx1:hr><tpx1:cad>67</tpx1:cad></tpx1:TrackPointExtension></extensions></trkpt><trkpt lat="39.011738" lon="-105.063454"><time>2024-08-09T19:33:03.000Z</time><ele>2546.2</ele><extensions><power>202</power><tpx1:TrackPointExtension><tpx1:atemp>20</tpx1:atemp><tpx1:hr>101</tpx1:hr><tpx1:cad>73</tpx1:cad></tpx1:TrackPointExtension></extensions></trkpt><trkpt lat="39.011818" lon="-105.063477"><time>2024-08-09T19:33:04.000Z</time><ele>2546.2</ele><extensions><power>257</power><tpx1:TrackPointExtension><tpx1:atemp>20</tpx1:atemp><tpx1:hr>101</tpx1:hr><tpx1:cad>83</tpx1:cad></tpx1:TrackPointExtension></extensions></trkpt><trkpt lat="39.011898" lon="-105.063492"><time>2024-08-09T19:33:05.000Z</time><ele>2546</ele><extensions><power>309</power><tpx1:TrackPointExtension><tpx1:atemp>20</tpx1:atemp><tpx1:hr>101</tpx1:hr><tpx1:cad>83</tpx1:cad></tpx1:TrackPointExtension></extensions></trkpt><trkpt lat="39.011982" lon="-105.063499"><time>2024-08-09T19:33:06.000Z</time><ele>2546</ele><extensions><power>302</power><tpx1:TrackPointExtension><tpx1:atemp>20</tpx1:atemp><tpx1:hr>102</tpx1:hr><tpx1:cad>86</tpx1:cad></tpx1:TrackPointExtension></extensions></trkpt><trkpt lat="39.012066" lon="-105.063507"><time>2024-08-09T19:33:07.000Z</time><ele>2546</ele><extensions><power>268</power><tpx1:TrackPointExtension><tpx1:atemp>20</tpx1:atemp><tpx1:hr>103</tpx1:hr><tpx1:cad>88</tpx1:cad></tpx1:TrackPointExtension></extensions></trkpt><trkpt lat="39.012154" lon="-105.063515"><time>2024-08-09T19:33:08.000Z</time><ele>2545.8</ele><extensions><power>220</power><tpx1:TrackPointExtension><tpx1:atemp>20</tpx1:atemp><tpx1:hr>104</tpx1:hr><tpx1:cad>88</tpx1:cad></tpx1:TrackPointExtension></extensions></trkpt><trkpt lat="39.012241" lon="-105.063522"><time>2024-08-09T19:33:09.000Z</time><ele>2545.8</ele><extensions><power>217</power><tpx1:TrackPointExtension><tpx1:atemp>20</tpx1:atemp><tpx1:hr>106</tpx1:hr><tpx1:cad>89</tpx1:cad></tpx1:TrackPointExtension></extensions></trkpt><trkpt lat="39.012329" lon="-105.06353"><time>2024-08-09T19:33:10.000Z</time><ele>2545.8</ele><extensions><power>272</power><tpx1:TrackPointExtension><tpx1:atemp>20</tpx1:atemp><tpx1:hr>107</tpx1:hr><tpx1:cad>91</tpx1:cad></tpx1:TrackPointExtension></extensions></trkpt><trkpt lat="39.012417" lon="-105.06353"><time>2024-08-09T19:33:11.000Z</time><ele>2545.8</ele><extensions><power>285</power><tpx1:TrackPointExtension><tpx1:atemp>20</tpx1:atemp><tpx1:hr>107</tpx1:hr><tpx1:cad>94</tpx1:cad></tpx1:TrackPointExtension></extensions></trkpt><trkpt lat="39.012508" lon="-105.063538"><time>2024-08-09T19:33:12.000Z</time><ele>2545.8</ele><extensions><power>246</power><tpx1:TrackPointExtension><tpx1:atemp>20</tpx1:atemp><tpx1:hr>109</tpx1:hr><tpx1:cad>88</tpx1:cad></tpx1:TrackPointExtension></extensions></trkpt><trkpt lat="39.0126" lon="-105.063545"><time>2024-08-09T19:33:13.000Z</time><ele>2545.6</ele><extensions><power>229</power><tpx1:TrackPointExtension><tpx1:atemp>20</tpx1:atemp><tpx1:hr>109</tpx1:hr><tpx1:cad>83</tpx1:cad></tpx1:TrackPointExtension></extensions></trkpt><trkpt lat="39.012695" lon="-105.063553"><time>2024-08-09T19:33:14.000Z</time><ele>2545.6</ele><extensions><power>296</power><tpx1:TrackPointExtension><tpx1:atemp>20</tpx1:atemp><tpx1:hr>110</tpx1:hr><tpx1:cad>84</tpx1:cad></tpx1:TrackPointExtension></extensions></trkpt><trkpt lat="39.012791" lon="-105.063553"><time>2024-08-09T19:33:15.000Z</time><ele>2545.6</ele><extensions><power>309</power><tpx1:TrackPointExtension><tpx1:atemp>20</tpx1:atemp><tpx1:hr>111</tpx1:hr><tpx1:cad>85</tpx1:cad></tpx1:TrackPointExtension></extensions></trkpt><trkpt lat="39.012886" lon="-105.06356"><time>2024-08-09T19:33:16.000Z</time><ele>2545.6</ele><extensions><power>287</power><tpx1:TrackPointExtension><tpx1:atemp>20</tpx1:atemp><tpx1:hr>111</tpx1:hr><tpx1:cad>86</tpx1:cad></tpx1:TrackPointExtension></extensions></trkpt><trkpt lat="39.012981" lon="-105.063568"><time>2024-08-09T19:33:17.000Z</time><ele>2545.4</ele><extensions><power>261</power><tpx1:TrackPointExtension><tpx1:atemp>20</tpx1:atemp><tpx1:hr>112</tpx1:hr><tpx1:cad>86</tpx1:cad></tpx1:TrackPointExtension></extensions></trkpt><trkpt lat="39.013081" lon="-105.063583"><time>2024-08-09T19:33:18.000Z</time><ele>2545.4</ele><extensions><power>248</power><tpx1:TrackPointExtension><tpx1:atemp>20</tpx1:atemp><tpx1:hr>113</tpx1:hr><tpx1:cad>87</tpx1:cad></tpx1:TrackPointExtension></extensions></trkpt><trkpt lat="39.013176" lon="-105.063591"><time>2024-08-09T19:33:19.000Z</time><ele>2545.4</ele><extensions><power>218</power><tpx1:TrackPointExtension><tpx1:atemp>20</tpx1:atemp><tpx1:hr>115</tpx1:hr><tpx1:cad>86</tpx1:cad></tpx1:TrackPointExtension></extensions></trkpt><trkpt lat="39.013275" lon="-105.063599"><time>2024-08-09T19:33:20.000Z</time><ele>2545.4</ele><extensions><power>232</power><tpx1:TrackPointExtension><tpx1:atemp>20</tpx1:atemp><tpx1:hr>116</tpx1:hr><tpx1:cad>85</tpx1:cad></tpx1:TrackPointExtension></extensions></trkpt><trkpt lat="39.013374" lon="-105.063606"><time>2024-08-09T19:33:21.000Z</time><ele>2545.6</ele><extensions><power>249</power><tpx1:TrackPointExtension><tpx1:atemp>20</tpx1:atemp><tpx1:hr>117</tpx1:hr><tpx1:cad>86</tpx1:cad></tpx1:TrackPointExtension></extensions></trkpt><trkpt lat="39.013474" lon="-105.063614"><time>2024-08-09T19:33:22.000Z</time><ele>2545.6</ele><extensions><power>256</power><tpx1:TrackPointExtension><tpx1:atemp>20</tpx1:atemp><tpx1:hr>119</tpx1:hr><tpx1:cad>85</tpx1:cad></tpx1:TrackPointExtension></extensions></trkpt><trkpt lat="39.013565" lon="-105.063621"><time>2024-08-09T19:33:23.000Z</time><ele>2545.6</ele><extensions><power>304</power><tpx1:TrackPointExtension><tpx1:atemp>20</tpx1:atemp><tpx1:hr>120</tpx1:hr><tpx1:cad>85</tpx1:cad></tpx1:TrackPointExtension></extensions></trkpt><trkpt lat="39.01366" lon="-105.063621"><time>2024-08-09T19:33:24.000Z</time><ele>2545.8</ele><extensions><power>304</power><tpx1:TrackPointExtension><tpx1:atemp>20</tpx1:atemp><tpx1:hr>120</tpx1:hr><tpx1:cad>86</tpx1:cad></tpx1:TrackPointExtension></extensions></trkpt><trkpt lat="39.013756" lon="-105.063629"><time>2024-08-09T19:33:25.000Z</time><ele>2545.8</ele><extensions><power>275</power><tpx1:TrackPointExtension><tpx1:atemp>20</tpx1:atemp><tpx1:hr>121</tpx1:hr><tpx1:cad>85</tpx1:cad></tpx1:TrackPointExtension></extensions></trkpt><trkpt lat="39.013847" lon="-105.063637"><time>2024-08-09T19:33:26.000Z</time><ele>2546</ele><extensions><power>238</power><tpx1:TrackPointExtension><tpx1:atemp>20</tpx1:atemp><tpx1:hr>121</tpx1:hr><tpx1:cad>83</tpx1:cad></tpx1:TrackPointExtension></extensions></trkpt><trkpt lat="39.013935" lon="-105.063644"><time>2024-08-09T19:33:27.000Z</time><ele>2546.2</ele><extensions><power>234</power><tpx1:TrackPointExtension><tpx1:atemp>20</tpx1:atemp><tpx1:hr>122</tpx1:hr><tpx1:cad>85</tpx1:cad></tpx1:TrackPointExtension></extensions></trkpt><trkpt lat="39.014023" lon="-105.063652"><time>2024-08-09T19:33:28.000Z</time><ele>2546.4</ele><extensions><power>223</power><tpx1:TrackPointExtension><tpx1:atemp>20</tpx1:atemp><tpx1:hr>122</tpx1:hr><tpx1:cad>92</tpx1:cad></tpx1:TrackPointExtension></extensions></trkpt><trkpt lat="39.014111" lon="-105.063652"><time>2024-08-09T19:33:29.000Z</time><ele>2546.4</ele><extensions><power>247</power><tpx1:TrackPointExtension><tpx1:atemp>20</tpx1:atemp><tpx1:hr>122</tpx1:hr><tpx1:cad>90</tpx1:cad></tpx1:TrackPointExtension></extensions></trkpt><trkpt lat="39.014194" lon="-105.06366"><time>2024-08-09T19:33:30.000Z</time><ele>2546.6</ele><extensions><power>248</power><tpx1:TrackPointExtension><tpx1:atemp>20</tpx1:atemp><tpx1:hr>122</tpx1:hr><tpx1:cad>89</tpx1:cad></tpx1:TrackPointExtension></extensions></trkpt><trkpt lat="39.014278" lon="-105.063667"><time>2024-08-09T19:33:31.000Z</time><ele>2547</ele><extensions><power>247</power><tpx1:TrackPointExtension><tpx1:atemp>20</tpx1:atemp><tpx1:hr>124</tpx1:hr><tpx1:cad>87</tpx1:cad></tpx1:TrackPointExtension></extensions></trkpt><trkpt lat="39.014362" lon="-105.063675"><time>2024-08-09T19:33:32.000Z</time><ele>2547</ele><extensions><power>265</power><tpx1:TrackPointExtension><tpx1:atemp>20</tpx1:atemp><tpx1:hr>124</tpx1:hr><tpx1:cad>86</tpx1:cad></tpx1:TrackPointExtension></extensions></trkpt><trkpt lat="39.014446" lon="-105.063675"><time>2024-08-09T19:33:33.000Z</time><ele>2547.4</ele><extensions><power>265</power><tpx1:TrackPointExtension><tpx1:atemp>20</tpx1:atemp><tpx1:hr>125</tpx1:hr><tpx1:cad>84</tpx1:cad></tpx1:TrackPointExtension></extensions></trkpt><trkpt lat="39.01453" lon="-105.063683"><time>2024-08-09T19:33:34.000Z</time><ele>2547.6</ele><extensions><power>259</power><tpx1:TrackPointExtension><tpx1:atemp>20</tpx1:atemp><tpx1:hr>126</tpx1:hr><tpx1:cad>83</tpx1:cad></tpx1:TrackPointExtension></extensions></trkpt><trkpt lat="39.01461" lon="-105.06369"><time>2024-08-09T19:33:35.000Z</time><ele>2547.8</ele><extensions><power>255</power><tpx1:TrackPointExtension><tpx1:atemp>20</tpx1:atemp><tpx1:hr>126</tpx1:hr><tpx1:cad>83</tpx1:cad></tpx1:TrackPointExtension></extensions></trkpt><trkpt lat="39.01469" lon="-105.06369"><time>2024-08-09T19:33:36.000Z</time><ele>2548</ele><extensions><power>263</power><tpx1:TrackPointExtension><tpx1:atemp>20</tpx1:atemp><tpx1:hr>127</tpx1:hr><tpx1:cad>91</tpx1:cad></tpx1:TrackPointExtension></extensions></trkpt><trkpt lat="39.014767" lon="-105.063698"><time>2024-08-09T19:33:37.000Z</time><ele>2548.2</ele><extensions><power>255</power><tpx1:TrackPointExtension><tpx1:atemp>20</tpx1:atemp><tpx1:hr>128</tpx1:hr><tpx1:cad>88</tpx1:cad></tpx1:TrackPointExtension></extensions></trkpt><trkpt lat="39.014839" lon="-105.063705"><time>2024-08-09T19:33:38.000Z</time><ele>2548.6</ele><extensions><power>248</power><tpx1:TrackPointExtension><tpx1:atemp>20</tpx1:atemp><tpx1:hr>128</tpx1:hr><tpx1:cad>87</tpx1:cad></tpx1:TrackPointExtension></extensions></trkpt><trkpt lat="39.014912" lon="-105.063705"><time>2024-08-09T19:33:39.000Z</time><ele>2548.8</ele><extensions><power>247</power><tpx1:TrackPointExtension><tpx1:atemp>20</tpx1:atemp><tpx1:hr>128</tpx1:hr><tpx1:cad>87</tpx1:cad></tpx1:TrackPointExtension></extensions></trkpt><trkpt lat="39.014984" lon="-105.063713"><time>2024-08-09T19:33:40.000Z</time><ele>2549</ele><extensions><power>250</power><tpx1:TrackPointExtension><tpx1:atemp>20</tpx1:atemp><tpx1:hr>129</tpx1:hr><tpx1:cad>84</tpx1:cad></tpx1:TrackPointExtension></extensions></trkpt><trkpt lat="39.015057" lon="-105.063713"><time>2024-08-09T19:33:41.000Z</time><ele>2549.4</ele><extensions><power>268</power><tpx1:TrackPointExtension><tpx1:atemp>20</tpx1:atemp><tpx1:hr>129</tpx1:hr><tpx1:cad>82</tpx1:cad></tpx1:TrackPointExtension></extensions></trkpt><trkpt lat="39.015129" lon="-105.063721"><time>2024-08-09T19:33:42.000Z</time><ele>2549.6</ele><extensions><power>279</power><tpx1:TrackPointExtension><tpx1:atemp>20</tpx1:atemp><tpx1:hr>130</tpx1:hr><tpx1:cad>89</tpx1:cad></tpx1:TrackPointExtension></extensions></trkpt><trkpt lat="39.015198" lon="-105.063728"><time>2024-08-09T19:33:43.000Z</time><ele>2550</ele><extensions><power>267</power><tpx1:TrackPointExtension><tpx1:atemp>20</tpx1:atemp><tpx1:hr>130</tpx1:hr><tpx1:cad>90</tpx1:cad></tpx1:TrackPointExtension></extensions></trkpt><trkpt lat="39.015266" lon="-105.063728"><time>2024-08-09T19:33:44.000Z</time><ele>2550.2</ele><extensions><power>261</power><tpx1:TrackPointExtension><tpx1:atemp>19</tpx1:atemp><tpx1:hr>131</tpx1:hr><tpx1:cad>89</tpx1:cad></tpx1:TrackPointExtension></extensions></trkpt><trkpt lat="39.015331" lon="-105.063736"><time>2024-08-09T19:33:45.000Z</time><ele>2550.4</ele><extensions><power>258</power><tpx1:TrackPointExtension><tpx1:atemp>19</tpx1:atemp><tpx1:hr>132</tpx1:hr><tpx1:cad>88</tpx1:cad></tpx1:TrackPointExtension></extensions></trkpt><trkpt lat="39.015396" lon="-105.063744"><time>2024-08-09T19:33:46.000Z</time><ele>2550.8</ele><extensions><power>246</power><tpx1:TrackPointExtension><tpx1:atemp>19</tpx1:atemp><tpx1:hr>132</tpx1:hr><tpx1:cad>86</tpx1:cad></tpx1:TrackPointExtension></extensions></trkpt><trkpt lat="39.015465" lon="-105.063744"><time>2024-08-09T19:33:47.000Z</time><ele>2551</ele><extensions><power>236</power><tpx1:TrackPointExtension><tpx1:atemp>19</tpx1:atemp><tpx1:hr>132</tpx1:hr><tpx1:cad>85</tpx1:cad></tpx1:TrackPointExtension></extensions></trkpt><trkpt lat="39.01553" lon="-105.063744"><time>2024-08-09T19:33:48.000Z</time><ele>2551.2</ele><extensions><power>231</power><tpx1:TrackPointExtension><tpx1:atemp>19</tpx1:atemp><tpx1:hr>133</tpx1:hr><tpx1:cad>84</tpx1:cad></tpx1:TrackPointExtension></extensions></trkpt><trkpt lat="39.015594" lon="-105.063744"><time>2024-08-09T19:33:49.000Z</time><ele>2551.2</ele><extensions><power>233</power><tpx1:TrackPointExtension><tpx1:atemp>19</tpx1:atemp><tpx1:hr>133</tpx1:hr><tpx1:cad>84</tpx1:cad></tpx1:TrackPointExtension></extensions></trkpt><trkpt lat="39.015659" lon="-105.063751"><time>2024-08-09T19:33:50.000Z</time><ele>2551.4</ele><extensions><power>265</power><tpx1:TrackPointExtension><tpx1:atemp>19</tpx1:atemp><tpx1:hr>134</tpx1:hr><tpx1:cad>83</tpx1:cad></tpx1:TrackPointExtension></extensions></trkpt><trkpt lat="39.01572" lon="-105.063751"><time>2024-08-09T19:33:51.000Z</time><ele>2551.6</ele><extensions><power>275</power><tpx1:TrackPointExtension><tpx1:atemp>19</tpx1:atemp><tpx1:hr>134</tpx1:hr><tpx1:cad>82</tpx1:cad></tpx1:TrackPointExtension></extensions></trkpt><trkpt lat="39.015785" lon="-105.063759"><time>2024-08-09T19:33:52.000Z</time><ele>2551.8</ele><extensions><power>265</power><tpx1:TrackPointExtension><tpx1:atemp>19</tpx1:atemp><tpx1:hr>135</tpx1:hr><tpx1:cad>82</tpx1:cad></tpx1:TrackPointExtension></extensions></trkpt><trkpt lat="39.01585" lon="-105.063766"><time>2024-08-09T19:33:53.000Z</time><ele>2551.8</ele><extensions><power>220</power><tpx1:TrackPointExtension><tpx1:atemp>19</tpx1:atemp><tpx1:hr>135</tpx1:hr><tpx1:cad>81</tpx1:cad></tpx1:TrackPointExtension></extensions></trkpt><trkpt lat="39.015911" lon="-105.063774"><time>2024-08-09T19:33:54.000Z</time><ele>2552</ele><extensions><power>204</power><tpx1:TrackPointExtension><tpx1:atemp>19</tpx1:atemp><tpx1:hr>135</tpx1:hr><tpx1:cad>81</tpx1:cad></tpx1:TrackPointExtension></extensions></trkpt><trkpt lat="39.015972" lon="-105.063782"><time>2024-08-09T19:33:55.000Z</time><ele>2552</ele><extensions><power>206</power><tpx1:TrackPointExtension><tpx1:atemp>19</tpx1:atemp><tpx1:hr>136</tpx1:hr><tpx1:cad>79</tpx1:cad></tpx1:TrackPointExtension></extensions></trkpt><trkpt lat="39.016033" lon="-105.063789"><time>2024-08-09T19:33:56.000Z</time><ele>2552.2</ele><extensions><power>220</power><tpx1:TrackPointExtension><tpx1:atemp>19</tpx1:atemp><tpx1:hr>136</tpx1:hr><tpx1:cad>80</tpx1:cad></tpx1:TrackPointExtension></extensions></trkpt><trkpt lat="39.016094" lon="-105.063805"><time>2024-08-09T19:33:57.000Z</time><ele>2552.2</ele><extensions><power>235</power><tpx1:TrackPointExtension><tpx1:atemp>19</tpx1:atemp><tpx1:hr>135</tpx1:hr><tpx1:cad>81</tpx1:cad></tpx1:TrackPointExtension></extensions></trkpt><trkpt lat="39.016159" lon="-105.063812"><time>2024-08-09T19:33:58.000Z</time><ele>2552.2</ele><extensions><power>244</power><tpx1:TrackPointExtension><tpx1:atemp>19</tpx1:atemp><tpx1:hr>135</tpx1:hr><tpx1:cad>81</tpx1:cad></tpx1:TrackPointExtension></extensions></trkpt><trkpt lat="39.016224" lon="-105.063827"><time>2024-08-09T19:33:59.000Z</time><ele>2552.2</ele><extensions><power>264</power><tpx1:TrackPointExtension><tpx1:atemp>19</tpx1:atemp><tpx1:hr>135</tpx1:hr><tpx1:cad>83</tpx1:cad></tpx1:TrackPointExtension></extensions></trkpt><trkpt lat="39.016289" lon="-105.063843"><time>2024-08-09T19:34:00.000Z</time><ele>2552.2</ele><extensions><power>268</power><tpx1:TrackPointExtension><tpx1:atemp>19</tpx1:atemp><tpx1:hr>135</tpx1:hr><tpx1:cad>85</tpx1:cad></tpx1:TrackPointExtension></extensions></trkpt><trkpt lat="39.016357" lon="-105.063858"><time>2024-08-09T19:34:01.000Z</time><ele>2552.2</ele><extensions><power>270</power><tpx1:TrackPointExtension><tpx1:atemp>19</tpx1:atemp><tpx1:hr>136</tpx1:hr><tpx1:cad>86</tpx1:cad></tpx1:TrackPointExtension></extensions></trkpt><trkpt lat="39.016426" lon="-105.063881"><time>2024-08-09T19:34:02.000Z</time><ele>2552.2</ele><extensions><power>241</power><tpx1:TrackPointExtension><tpx1:atemp>19</tpx1:atemp><tpx1:hr>136</tpx1:hr><tpx1:cad>88</tpx1:cad></tpx1:TrackPointExtension></extensions></trkpt><trkpt lat="39.016491" lon="-105.063896"><time>2024-08-09T19:34:03.000Z</time><ele>2552.2</ele><extensions><power>221</power><tpx1:TrackPointExtension><tpx1:atemp>19</tpx1:atemp><tpx1:hr>136</tpx1:hr><tpx1:cad>90</tpx1:cad></tpx1:TrackPointExtension></extensions></trkpt><trkpt lat="39.016563" lon="-105.063911"><time>2024-08-09T19:34:04.000Z</time><ele>2552.2</ele><extensions><power>201</power><tpx1:TrackPointExtension><tpx1:atemp>19</tpx1:atemp><tpx1:hr>135</tpx1:hr><tpx1:cad>86</tpx1:cad></tpx1:TrackPointExtension></extensions></trkpt><trkpt lat="39.016636" lon="-105.063934"><time>2024-08-09T19:34:05.000Z</time><ele>2552.2</ele><extensions><power>189</power><tpx1:TrackPointExtension><tpx1:atemp>19</tpx1:atemp><tpx1:hr>135</tpx1:hr><tpx1:cad>82</tpx1:cad></tpx1:TrackPointExtension></extensions></trkpt><trkpt lat="39.016708" lon="-105.063957"><time>2024-08-09T19:34:06.000Z</time><ele>2552.2</ele><extensions><power>187</power><tpx1:TrackPointExtension><tpx1:atemp>19</tpx1:atemp><tpx1:hr>135</tpx1:hr><tpx1:cad>87</tpx1:cad></tpx1:TrackPointExtension></extensions></trkpt><trkpt lat="39.016785" lon="-105.06398"><time>2024-08-09T19:34:07.000Z</time><ele>2552.2</ele><extensions><power>182</power><tpx1:TrackPointExtension><tpx1:atemp>19</tpx1:atemp><tpx1:hr>135</tpx1:hr><tpx1:cad>87</tpx1:cad></tpx1:TrackPointExtension></extensions></trkpt><trkpt lat="39.016861" lon="-105.064003"><time>2024-08-09T19:34:08.000Z</time><ele>2552.2</ele><extensions><power>174</power><tpx1:TrackPointExtension><tpx1:atemp>19</tpx1:atemp><tpx1:hr>135</tpx1:hr><tpx1:cad>89</tpx1:cad></tpx1:TrackPointExtension></extensions></trkpt><trkpt lat="39.016941" lon="-105.064026"><time>2024-08-09T19:34:09.000Z</time><ele>2552</ele><extensions><power>172</power><tpx1:TrackPointExtension><tpx1:atemp>19</tpx1:atemp><tpx1:hr>135</tpx1:hr><tpx1:cad>86</tpx1:cad></tpx1:TrackPointExtension></extensions></trkpt><trkpt lat="39.017021" lon="-105.064056"><time>2024-08-09T19:34:10.000Z</time><ele>2551.8</ele><extensions><power>170</power><tpx1:TrackPointExtension><tpx1:atemp>19</tpx1:atemp><tpx1:hr>136</tpx1:hr><tpx1:cad>83</tpx1:cad></tpx1:TrackPointExtension></extensions></trkpt><trkpt lat="39.017101" lon="-105.064087"><time>2024-08-09T19:34:11.000Z</time><ele>2551.6</ele><extensions><power>183</power><tpx1:TrackPointExtension><tpx1:atemp>19</tpx1:atemp><tpx1:hr>136</tpx1:hr><tpx1:cad>84</tpx1:cad></tpx1:TrackPointExtension></extensions></trkpt><trkpt lat="39.017185" lon="-105.064125"><time>2024-08-09T19:34:12.000Z</time><ele>2551.2</ele><extensions><power>177</power><tpx1:TrackPointExtension><tpx1:atemp>19</tpx1:atemp><tpx1:hr>136</tpx1:hr><tpx1:cad>88</tpx1:cad></tpx1:TrackPointExtension></extensions></trkpt><trkpt lat="39.017269" lon="-105.064163"><time>2024-08-09T19:34:13.000Z</time><ele>2551</ele><extensions><power>175</power><tpx1:TrackPointExtension><tpx1:atemp>19</tpx1:atemp><tpx1:hr>136</tpx1:hr><tpx1:cad>90</tpx1:cad></tpx1:TrackPointExtension></extensions></trkpt><trkpt lat="39.017357" lon="-105.064201"><time>2024-08-09T19:34:14.000Z</time><ele>2550.6</ele><extensions><power>174</power><tpx1:TrackPointExtension><tpx1:atemp>19</tpx1:atemp><tpx1:hr>136</tpx1:hr><tpx1:cad>89</tpx1:cad></tpx1:TrackPointExtension></extensions></trkpt><trkpt lat="39.017445" lon="-105.064247"><time>2024-08-09T19:34:15.000Z</time><ele>2550.2</ele><extensions><power>174</power><tpx1:TrackPointExtension><tpx1:atemp>19</tpx1:atemp><tpx1:hr>135</tpx1:hr><tpx1:cad>86</tpx1:cad></tpx1:TrackPointExtension></extensions></trkpt><trkpt lat="39.017536" lon="-105.0643"><time>2024-08-09T19:34:16.000Z</time><ele>2549.6</ele><extensions><power>172</power><tpx1:TrackPointExtension><tpx1:atemp>19</tpx1:atemp><tpx1:hr>135</tpx1:hr><tpx1:cad>86</tpx1:cad></tpx1:TrackPointExtension></extensions></trkpt><trkpt lat="39.017632" lon="-105.064346"><time>2024-08-09T19:34:17.000Z</time><ele>2549</ele><extensions><power>164</power><tpx1:TrackPointExtension><tpx1:atemp>19</tpx1:atemp><tpx1:hr>134</tpx1:hr><tpx1:cad>88</tpx1:cad></tpx1:TrackPointExtension></extensions></trkpt><trkpt lat="39.017723" lon="-105.0644"><time>2024-08-09T19:34:18.000Z</time><ele>2548.6</ele><extensions><power>155</power><tpx1:TrackPointExtension><tpx1:atemp>19</tpx1:atemp><tpx1:hr>133</tpx1:hr><tpx1:cad>91</tpx1:cad></tpx1:TrackPointExtension></extensions></trkpt><trkpt lat="39.017822" lon="-105.064453"><time>2024-08-09T19:34:19.000Z</time><ele>2548.2</ele><extensions><power>152</power><tpx1:TrackPointExtension><tpx1:atemp>19</tpx1:atemp><tpx1:hr>133</tpx1:hr><tpx1:cad>92</tpx1:cad></tpx1:TrackPointExtension></extensions></trkpt><trkpt lat="39.017918" lon="-105.064506"><time>2024-08-09T19:34:20.000Z</time><ele>2547.6</ele><extensions><power>152</power><tpx1:TrackPointExtension><tpx1:atemp>19</tpx1:atemp><tpx1:hr>133</tpx1:hr><tpx1:cad>94</tpx1:cad></tpx1:TrackPointExtension></extensions></trkpt><trkpt lat="39.018013" lon="-105.064568"><time>2024-08-09T19:34:21.000Z</time><ele>2547.2</ele><extensions><power>163</power><tpx1:TrackPointExtension><tpx1:atemp>19</tpx1:atemp><tpx1:hr>132</tpx1:hr><tpx1:cad>90</tpx1:cad></tpx1:TrackPointExtension></extensions></trkpt><trkpt lat="39.018112" lon="-105.064629"><time>2024-08-09T19:34:22.000Z</time><ele>2547</ele><extensions><power>163</power><tpx1:TrackPointExtension><tpx1:atemp>19</tpx1:atemp><tpx1:hr>132</tpx1:hr><tpx1:cad>88</tpx1:cad></tpx1:TrackPointExtension></extensions></trkpt><trkpt lat="39.018211" lon="-105.064697"><time>2024-08-09T19:34:23.000Z</time><ele>2546.6</ele><extensions><power>159</power><tpx1:TrackPointExtension><tpx1:atemp>19</tpx1:atemp><tpx1:hr>132</tpx1:hr><tpx1:cad>86</tpx1:cad></tpx1:TrackPointExtension></extensions></trkpt><trkpt lat="39.018314" lon="-105.064774"><time>2024-08-09T19:34:24.000Z</time><ele>2546.4</ele><extensions><power>155</power><tpx1:TrackPointExtension><tpx1:atemp>19</tpx1:atemp><tpx1:hr>131</tpx1:hr><tpx1:cad>87</tpx1:cad></tpx1:TrackPointExtension></extensions></trkpt><trkpt lat="39.018414" lon="-105.06485"><time>2024-08-09T19:34:25.000Z</time><ele>2546</ele><extensions><power>154</power><tpx1:TrackPointExtension><tpx1:atemp>19</tpx1:atemp><tpx1:hr>131</tpx1:hr><tpx1:cad>88</tpx1:cad></tpx1:TrackPointExtension></extensions></trkpt><trkpt lat="39.018513" lon="-105.064926"><time>2024-08-09T19:34:26.000Z</time><ele>2545.4</ele><extensions><power>154</power><tpx1:TrackPointExtension><tpx1:atemp>19</tpx1:atemp><tpx1:hr>130</tpx1:hr><tpx1:cad>90</tpx1:cad></tpx1:TrackPointExtension></extensions></trkpt><trkpt lat="39.018612" lon="-105.06501"><time>2024-08-09T19:34:27.000Z</time><ele>2545</ele><extensions><power>156</power><tpx1:TrackPointExtension><tpx1:atemp>19</tpx1:atemp><tpx1:hr>130</tpx1:hr><tpx1:cad>91</tpx1:cad></tpx1:TrackPointExtension></extensions></trkpt><trkpt lat="39.018711" lon="-105.065094"><time>2024-08-09T19:34:28.000Z</time><ele>2544.4</ele><extensions><power>163</power><tpx1:TrackPointExtension><tpx1:atemp>19</tpx1:atemp><tpx1:hr>129</tpx1:hr><tpx1:cad>91</tpx1:cad></tpx1:TrackPointExtension></extensions></trkpt><trkpt lat="39.01881" lon="-105.065186"><time>2024-08-09T19:34:29.000Z</time><ele>2543.8</ele><extensions><power>173</power><tpx1:TrackPointExtension><tpx1:atemp>19</tpx1:atemp><tpx1:hr>129</tpx1:hr><tpx1:cad>92</tpx1:cad></tpx1:TrackPointExtension></extensions></trkpt><trkpt lat="39.018909" lon="-105.065285"><time>2024-08-09T19:34:30.000Z</time><ele>2543.2</ele><extensions><power>186</power><tpx1:TrackPointExtension><tpx1:atemp>19</tpx1:atemp><tpx1:hr>128</tpx1:hr><tpx1:cad>93</tpx1:cad></tpx1:TrackPointExtension></extensions></trkpt><trkpt lat="39.019009" lon="-105.065376"><time>2024-08-09T19:34:31.000Z</time><ele>2542.8</ele><extensions><power>183</power><tpx1:TrackPointExtension><tpx1:atemp>19</tpx1:atemp><tpx1:hr>127</tpx1:hr><tpx1:cad>93</tpx1:cad></tpx1:TrackPointExtension></extensions></trkpt><trkpt lat="39.019104" lon="-105.065475"><time>2024-08-09T19:34:32.000Z</time><ele>2542.4</ele><extensions><power>185</power><tpx1:TrackPointExtension><tpx1:atemp>19</tpx1:atemp><tpx1:hr>126</tpx1:hr><tpx1:cad>94</tpx1:cad></tpx1:TrackPointExtension></extensions></trkpt><trkpt lat="39.019203" lon="-105.065575"><time>2024-08-09T19:34:33.000Z</time><ele>2542</ele><extensions><power>190</power><tpx1:TrackPointExtension><tpx1:atemp>19</tpx1:atemp><tpx1:hr>124</tpx1:hr><tpx1:cad>94</tpx1:cad></tpx1:TrackPointExtension></extensions></trkpt><trkpt lat="39.019302" lon="-105.065681"><time>2024-08-09T19:34:34.000Z</time><ele>2541.6</ele><extensions><power>190</power><tpx1:TrackPointExtension><tpx1:atemp>19</tpx1:atemp><tpx1:hr>124</tpx1:hr><tpx1:cad>94</tpx1:cad></tpx1:TrackPointExtension></extensions></trkpt><trkpt lat="39.019394" lon="-105.065788"><time>2024-08-09T19:34:35.000Z</time><ele>2541.2</ele><extensions><power>191</power><tpx1:TrackPointExtension><tpx1:atemp>19</tpx1:atemp><tpx1:hr>124</tpx1:hr><tpx1:cad>96</tpx1:cad></tpx1:TrackPointExtension></extensions></trkpt><trkpt lat="39.019482" lon="-105.065895"><time>2024-08-09T19:34:36.000Z</time><ele>2540.8</ele><extensions><power>190</power><tpx1:TrackPointExtension><tpx1:atemp>19</tpx1:atemp><tpx1:hr>124</tpx1:hr><tpx1:cad>95</tpx1:cad></tpx1:TrackPointExtension></extensions></trkpt><trkpt lat="39.019566" lon="-105.066009"><time>2024-08-09T19:34:37.000Z</time><ele>2540.4</ele><extensions><power>188</power><tpx1:TrackPointExtension><tpx1:atemp>19</tpx1:atemp><tpx1:hr>123</tpx1:hr><tpx1:cad>95</tpx1:cad></tpx1:TrackPointExtension></extensions></trkpt><trkpt lat="39.019646" lon="-105.066132"><time>2024-08-09T19:34:38.000Z</time><ele>2540</ele><extensions><power>186</power><tpx1:TrackPointExtension><tpx1:atemp>19</tpx1:atemp><tpx1:hr>123</tpx1:hr><tpx1:cad>96</tpx1:cad></tpx1:TrackPointExtension></extensions></trkpt><trkpt lat="39.019726" lon="-105.066261"><time>2024-08-09T19:34:39.000Z</time><ele>2539.6</ele><extensions><power>185</power><tpx1:TrackPointExtension><tpx1:atemp>19</tpx1:atemp><tpx1:hr>123</tpx1:hr><tpx1:cad>97</tpx1:cad></tpx1:TrackPointExtension></extensions></trkpt><trkpt lat="39.019806" lon="-105.066391"><time>2024-08-09T19:34:40.000Z</time><ele>2539.2</ele><extensions><power>187</power><tpx1:TrackPointExtension><tpx1:atemp>19</tpx1:atemp><tpx1:hr>122</tpx1:hr><tpx1:cad>96</tpx1:cad></tpx1:TrackPointExtension></extensions></trkpt><trkpt lat="39.01989" lon="-105.066513"><time>2024-08-09T19:34:41.000Z</time><ele>2538.6</ele><extensions><power>193</power><tpx1:TrackPointExtension><tpx1:atemp>19</tpx1:atemp><tpx1:hr>121</tpx1:hr><tpx1:cad>98</tpx1:cad></tpx1:TrackPointExtension></extensions></trkpt><trkpt lat="39.01997" lon="-105.066643"><time>2024-08-09T19:34:42.000Z</time><ele>2538.2</ele><extensions><power>203</power><tpx1:TrackPointExtension><tpx1:atemp>19</tpx1:atemp><tpx1:hr>120</tpx1:hr><tpx1:cad>98</tpx1:cad></tpx1:TrackPointExtension></extensions></trkpt><trkpt lat="39.020054" lon="-105.066772"><time>2024-08-09T19:34:43.000Z</time><ele>2537.6</ele><extensions><power>197</power><tpx1:TrackPointExtension><tpx1:atemp>19</tpx1:atemp><tpx1:hr>120</tpx1:hr><tpx1:cad>92</tpx1:cad></tpx1:TrackPointExtension></extensions></trkpt><trkpt lat="39.020138" lon="-105.066902"><time>2024-08-09T19:34:44.000Z</time><ele>2537</ele><extensions><power>214</power><tpx1:TrackPointExtension><tpx1:atemp>19</tpx1:atemp><tpx1:hr>119</tpx1:hr><tpx1:cad>92</tpx1:cad></tpx1:TrackPointExtension></extensions></trkpt><trkpt lat="39.020222" lon="-105.067032"><time>2024-08-09T19:34:45.000Z</time><ele>2536.6</ele><extensions><power>216</power><tpx1:TrackPointExtension><tpx1:atemp>19</tpx1:atemp><tpx1:hr>118</tpx1:hr><tpx1:cad>91</tpx1:cad></tpx1:TrackPointExtension></extensions></trkpt><trkpt lat="39.020306" lon="-105.067169"><time>2024-08-09T19:34:46.000Z</time><ele>2536</ele><extensions><power>198</power><tpx1:TrackPointExtension><tpx1:atemp>19</tpx1:atemp><tpx1:hr>118</tpx1:hr><tpx1:cad>92</tpx1:cad></tpx1:TrackPointExtension></extensions></trkpt><trkpt lat="39.02039" lon="-105.067306"><time>2024-08-09T19:34:47.000Z</time><ele>2535.4</ele><extensions><power>184</power><tpx1:TrackPointExtension><tpx1:atemp>19</tpx1:atemp><tpx1:hr>118</tpx1:hr><tpx1:cad>94</tpx1:cad></tpx1:TrackPointExtension></extensions></trkpt><trkpt lat="39.020477" lon="-105.067444"><time>2024-08-09T19:34:48.000Z</time><ele>2534.8</ele><extensions><power>210</power><tpx1:TrackPointExtension><tpx1:atemp>19</tpx1:atemp><tpx1:hr>119</tpx1:hr><tpx1:cad>91</tpx1:cad></tpx1:TrackPointExtension></extensions></trkpt><trkpt lat="39.020565" lon="-105.067574"><time>2024-08-09T19:34:49.000Z</time><ele>2534.2</ele><extensions><power>245</power><tpx1:TrackPointExtension><tpx1:atemp>19</tpx1:atemp><tpx1:hr>119</tpx1:hr><tpx1:cad>92</tpx1:cad></tpx1:TrackPointExtension></extensions></trkpt><trkpt lat="39.020649" lon="-105.067703"><time>2024-08-09T19:34:50.000Z</time><ele>2533.6</ele><extensions><power>257</power><tpx1:TrackPointExtension><tpx1:atemp>19</tpx1:atemp><tpx1:hr>120</tpx1:hr><tpx1:cad>96</tpx1:cad></tpx1:TrackPointExtension></extensions></trkpt><trkpt lat="39.020733" lon="-105.067841"><time>2024-08-09T19:34:51.000Z</time><ele>2533</ele><extensions><power>214</power><tpx1:TrackPointExtension><tpx1:atemp>19</tpx1:atemp><tpx1:hr>121</tpx1:hr><tpx1:cad>95</tpx1:cad></tpx1:TrackPointExtension></extensions></trkpt><trkpt lat="39.020821" lon="-105.067978"><time>2024-08-09T19:34:52.000Z</time><ele>2532.2</ele><extensions><power>186</power><tpx1:TrackPointExtension><tpx1:atemp>19</tpx1:atemp><tpx1:hr>121</tpx1:hr><tpx1:cad>96</tpx1:cad></tpx1:TrackPointExtension></extensions></trkpt><trkpt lat="39.020908" lon="-105.068115"><time>2024-08-09T19:34:53.000Z</time><ele>2531.4</ele><extensions><power>187</power><tpx1:TrackPointExtension><tpx1:atemp>19</tpx1:atemp><tpx1:hr>121</tpx1:hr><tpx1:cad>95</tpx1:cad></tpx1:TrackPointExtension></extensions></trkpt><trkpt lat="39.020992" lon="-105.068253"><time>2024-08-09T19:34:54.000Z</time><ele>2530.8</ele><extensions><power>193</power><tpx1:TrackPointExtension><tpx1:atemp>19</tpx1:atemp><tpx1:hr>121</tpx1:hr><tpx1:cad>96</tpx1:cad></tpx1:TrackPointExtension></extensions></trkpt><trkpt lat="39.021076" lon="-105.06839"><time>2024-08-09T19:34:55.000Z</time><ele>2530.2</ele><extensions><power>210</power><tpx1:TrackPointExtension><tpx1:atemp>19</tpx1:atemp><tpx1:hr>121</tpx1:hr><tpx1:cad>96</tpx1:cad></tpx1:TrackPointExtension></extensions></trkpt><trkpt lat="39.021164" lon="-105.068527"><time>2024-08-09T19:34:56.000Z</time><ele>2529.6</ele><extensions><power>211</power><tpx1:TrackPointExtension><tpx1:atemp>19</tpx1:atemp><tpx1:hr>122</tpx1:hr><tpx1:cad>97</tpx1:cad></tpx1:TrackPointExtension></extensions></trkpt><trkpt lat="39.021252" lon="-105.068664"><time>2024-08-09T19:34:57.000Z</time><ele>2529</ele><extensions><power>239</power><tpx1:TrackPointExtension><tpx1:atemp>19</tpx1:atemp><tpx1:hr>122</tpx1:hr><tpx1:cad>95</tpx1:cad></tpx1:TrackPointExtension></extensions></trkpt><trkpt lat="39.021339" lon="-105.06881"><time>2024-08-09T19:34:58.000Z</time><ele>2528.4</ele><extensions><power>227</power><tpx1:TrackPointExtension><tpx1:atemp>19</tpx1:atemp><tpx1:hr>122</tpx1:hr><tpx1:cad>98</tpx1:cad></tpx1:TrackPointExtension></extensions></trkpt><trkpt lat="39.021427" lon="-105.068954"><time>2024-08-09T19:34:59.000Z</time><ele>2528</ele><extensions><power>216</power><tpx1:TrackPointExtension><tpx1:atemp>19</tpx1:atemp><tpx1:hr>122</tpx1:hr><tpx1:cad>96</tpx1:cad></tpx1:TrackPointExtension></extensions></trkpt><trkpt lat="39.021511" lon="-105.069099"><time>2024-08-09T19:35:00.000Z</time><ele>2527.4</ele><extensions><power>210</power><tpx1:TrackPointExtension><tpx1:atemp>19</tpx1:atemp><tpx1:hr>123</tpx1:hr><tpx1:cad>97</tpx1:cad></tpx1:TrackPointExtension></extensions></trkpt><trkpt lat="39.021603" lon="-105.069244"><time>2024-08-09T19:35:01.000Z</time><ele>2527</ele><extensions><power>195</power><tpx1:TrackPointExtension><tpx1:atemp>19</tpx1:atemp><tpx1:hr>124</tpx1:hr><tpx1:cad>99</tpx1:cad></tpx1:TrackPointExtension></extensions></trkpt><trkpt lat="39.021694" lon="-105.069382"><time>2024-08-09T19:35:02.000Z</time><ele>2526.4</ele><extensions><power>203</power><tpx1:TrackPointExtension><tpx1:atemp>19</tpx1:atemp><tpx1:hr>124</tpx1:hr><tpx1:cad>99</tpx1:cad></tpx1:TrackPointExtension></extensions></trkpt><trkpt lat="39.021786" lon="-105.069511"><time>2024-08-09T19:35:03.000Z</time><ele>2526</ele><extensions><power>238</power><tpx1:TrackPointExtension><tpx1:atemp>19</tpx1:atemp><tpx1:hr>125</tpx1:hr><tpx1:cad>99</tpx1:cad></tpx1:TrackPointExtension></extensions></trkpt><trkpt lat="39.021873" lon="-105.069649"><time>2024-08-09T19:35:04.000Z</time><ele>2525.6</ele><extensions><power>237</power><tpx1:TrackPointExtension><tpx1:atemp>19</tpx1:atemp><tpx1:hr>125</tpx1:hr><tpx1:cad>98</tpx1:cad></tpx1:TrackPointExtension></extensions></trkpt><trkpt lat="39.021957" lon="-105.069794"><time>2024-08-09T19:35:05.000Z</time><ele>2525.2</ele><extensions><power>232</power><tpx1:TrackPointExtension><tpx1:atemp>19</tpx1:atemp><tpx1:hr>125</tpx1:hr><tpx1:cad>100</tpx1:cad></tpx1:TrackPointExtension></extensions></trkpt><trkpt lat="39.022041" lon="-105.069923"><time>2024-08-09T19:35:06.000Z</time><ele>2524.8</ele><extensions><power>238</power><tpx1:TrackPointExtension><tpx1:atemp>19</tpx1:atemp><tpx1:hr>125</tpx1:hr><tpx1:cad>98</tpx1:cad></tpx1:TrackPointExtension></extensions></trkpt><trkpt lat="39.022129" lon="-105.070061"><time>2024-08-09T19:35:07.000Z</time><ele>2524.6</ele><extensions><power>250</power><tpx1:TrackPointExtension><tpx1:atemp>19</tpx1:atemp><tpx1:hr>125</tpx1:hr><tpx1:cad>99</tpx1:cad></tpx1:TrackPointExtension></extensions></trkpt><trkpt lat="39.022217" lon="-105.070198"><time>2024-08-09T19:35:08.000Z</time><ele>2524.4</ele><extensions><power>254</power><tpx1:TrackPointExtension><tpx1:atemp>19</tpx1:atemp><tpx1:hr>125</tpx1:hr><tpx1:cad>98</tpx1:cad></tpx1:TrackPointExtension></extensions></trkpt><trkpt lat="39.022301" lon="-105.070343"><time>2024-08-09T19:35:09.000Z</time><ele>2524.4</ele><extensions><power>249</power><tpx1:TrackPointExtension><tpx1:atemp>19</tpx1:atemp><tpx1:hr>126</tpx1:hr><tpx1:cad>98</tpx1:cad></tpx1:TrackPointExtension></extensions></trkpt><trkpt lat="39.022381" lon="-105.070488"><time>2024-08-09T19:35:10.000Z</time><ele>2524.4</ele><extensions><power>254</power><tpx1:TrackPointExtension><tpx1:atemp>19</tpx1:atemp><tpx1:hr>128</tpx1:hr><tpx1:cad>97</tpx1:cad></tpx1:TrackPointExtension></extensions></trkpt><trkpt lat="39.022476" lon="-105.070633"><time>2024-08-09T19:35:11.000Z</time><ele>2524.2</ele><extensions><power>272</power><tpx1:TrackPointExtension><tpx1:atemp>19</tpx1:atemp><tpx1:hr>128</tpx1:hr><tpx1:cad>98</tpx1:cad></tpx1:TrackPointExtension></extensions></trkpt><trkpt lat="39.022568" lon="-105.070778"><time>2024-08-09T19:35:12.000Z</time><ele>2524</ele><extensions><power>268</power><tpx1:TrackPointExtension><tpx1:atemp>19</tpx1:atemp><tpx1:hr>128</tpx1:hr><tpx1:cad>99</tpx1:cad></tpx1:TrackPointExtension></extensions></trkpt><trkpt lat="39.022655" lon="-105.070908"><time>2024-08-09T19:35:13.000Z</time><ele>2523.8</ele><extensions><power>242</power><tpx1:TrackPointExtension><tpx1:atemp>19</tpx1:atemp><tpx1:hr>128</tpx1:hr><tpx1:cad>99</tpx1:cad></tpx1:TrackPointExtension></extensions></trkpt><trkpt lat="39.022751" lon="-105.071052"><time>2024-08-09T19:35:14.000Z</time><ele>2523.4</ele><extensions><power>235</power><tpx1:TrackPointExtension><tpx1:atemp>19</tpx1:atemp><tpx1:hr>128</tpx1:hr><tpx1:cad>98</tpx1:cad></tpx1:TrackPointExtension></extensions></trkpt><trkpt lat="39.022846" lon="-105.07119"><time>2024-08-09T19:35:15.000Z</time><ele>2523</ele><extensions><power>235</power><tpx1:TrackPointExtension><tpx1:atemp>19</tpx1:atemp><tpx1:hr>129</tpx1:hr><tpx1:cad>99</tpx1:cad></tpx1:TrackPointExtension></extensions></trkpt><trkpt lat="39.022934" lon="-105.071327"><time>2024-08-09T19:35:16.000Z</time><ele>2522.8</ele><extensions><power>231</power><tpx1:TrackPointExtension><tpx1:atemp>19</tpx1:atemp><tpx1:hr>129</tpx1:hr><tpx1:cad>99</tpx1:cad></tpx1:TrackPointExtension></extensions></trkpt><trkpt lat="39.023022" lon="-105.071457"><time>2024-08-09T19:35:17.000Z</time><ele>2522.6</ele><extensions><power>227</power><tpx1:TrackPointExtension><tpx1:atemp>19</tpx1:atemp><tpx1:hr>129</tpx1:hr><tpx1:cad>98</tpx1:cad></tpx1:TrackPointExtension></extensions></trkpt><trkpt lat="39.023113" lon="-105.071594"><time>2024-08-09T19:35:18.000Z</time><ele>2522.4</ele><extensions><power>284</power><tpx1:TrackPointExtension><tpx1:atemp>19</tpx1:atemp><tpx1:hr>129</tpx1:hr><tpx1:cad>99</tpx1:cad></tpx1:TrackPointExtension></extensions></trkpt><trkpt lat="39.023205" lon="-105.071732"><time>2024-08-09T19:35:19.000Z</time><ele>2522.2</ele><extensions><power>272</power><tpx1:TrackPointExtension><tpx1:atemp>19</tpx1:atemp><tpx1:hr>129</tpx1:hr><tpx1:cad>100</tpx1:cad></tpx1:TrackPointExtension></extensions></trkpt><trkpt lat="39.023296" lon="-105.071861"><time>2024-08-09T19:35:20.000Z</time><ele>2522</ele><extensions><power>266</power><tpx1:TrackPointExtension><tpx1:atemp>19</tpx1:atemp><tpx1:hr>130</tpx1:hr><tpx1:cad>98</tpx1:cad></tpx1:TrackPointExtension></extensions></trkpt><trkpt lat="39.023384" lon="-105.072006"><time>2024-08-09T19:35:21.000Z</time><ele>2521.8</ele><extensions><power>261</power><tpx1:TrackPointExtension><tpx1:atemp>19</tpx1:atemp><tpx1:hr>130</tpx1:hr><tpx1:cad>100</tpx1:cad></tpx1:TrackPointExtension></extensions></trkpt><trkpt lat="39.023479" lon="-105.072136"><time>2024-08-09T19:35:22.000Z</time><ele>2521.6</ele><extensions><power>265</power><tpx1:TrackPointExtension><tpx1:atemp>19</tpx1:atemp><tpx1:hr>130</tpx1:hr><tpx1:cad>99</tpx1:cad></tpx1:TrackPointExtension></extensions></trkpt><trkpt lat="39.023571" lon="-105.072266"><time>2024-08-09T19:35:23.000Z</time><ele>2521.4</ele><extensions><power>265</power><tpx1:TrackPointExtension><tpx1:atemp>19</tpx1:atemp><tpx1:hr>130</tpx1:hr><tpx1:cad>98</tpx1:cad></tpx1:TrackPointExtension></extensions></trkpt><trkpt lat="39.023666" lon="-105.072395"><time>2024-08-09T19:35:24.000Z</time><ele>2521.4</ele><extensions><power>265</power><tpx1:TrackPointExtension><tpx1:atemp>19</tpx1:atemp><tpx1:hr>131</tpx1:hr><tpx1:cad>99</tpx1:cad></tpx1:TrackPointExtension></extensions></trkpt><trkpt lat="39.023754" lon="-105.072533"><time>2024-08-09T19:35:25.000Z</time><ele>2521.4</ele><extensions><power>271</power><tpx1:TrackPointExtension><tpx1:atemp>19</tpx1:atemp><tpx1:hr>132</tpx1:hr><tpx1:cad>99</tpx1:cad></tpx1:TrackPointExtension></extensions></trkpt><trkpt lat="39.023846" lon="-105.072662"><time>2024-08-09T19:35:26.000Z</time><ele>2521.4</ele><extensions><power>314</power><tpx1:TrackPointExtension><tpx1:atemp>19</tpx1:atemp><tpx1:hr>134</tpx1:hr><tpx1:cad>98</tpx1:cad></tpx1:TrackPointExtension></extensions></trkpt><trkpt lat="39.023952" lon="-105.0728"><time>2024-08-09T19:35:27.000Z</time><ele>2521.4</ele><extensions><power>326</power><tpx1:TrackPointExtension><tpx1:atemp>19</tpx1:atemp><tpx1:hr>134</tpx1:hr><tpx1:cad>99</tpx1:cad></tpx1:TrackPointExtension></extensions></trkpt><trkpt lat="39.024048" lon="-105.072937"><time>2024-08-09T19:35:28.000Z</time><ele>2521.2</ele><extensions><power>316</power><tpx1:TrackPointExtension><tpx1:atemp>19</tpx1:atemp><tpx1:hr>134</tpx1:hr><tpx1:cad>98</tpx1:cad></tpx1:TrackPointExtension></extensions></trkpt><trkpt lat="39.024143" lon="-105.073059"><time>2024-08-09T19:35:29.000Z</time><ele>2521</ele><extensions><power>300</power><tpx1:TrackPointExtension><tpx1:atemp>19</tpx1:atemp><tpx1:hr>134</tpx1:hr><tpx1:cad>98</tpx1:cad></tpx1:TrackPointExtension></extensions></trkpt><trkpt lat="39.024235" lon="-105.073181"><time>2024-08-09T19:35:30.000Z</time><ele>2521</ele><extensions><power>302</power><tpx1:TrackPointExtension><tpx1:atemp>19</tpx1:atemp><tpx1:hr>135</tpx1:hr><tpx1:cad>97</tpx1:cad></tpx1:TrackPointExtension></extensions></trkpt><trkpt lat="39.024334" lon="-105.073311"><time>2024-08-09T19:35:31.000Z</time><ele>2520.8</ele><extensions><power>307</power><tpx1:TrackPointExtension><tpx1:atemp>19</tpx1:atemp><tpx1:hr>135</tpx1:hr><tpx1:cad>98</tpx1:cad></tpx1:TrackPointExtension></extensions></trkpt><trkpt lat="39.024433" lon="-105.073433"><time>2024-08-09T19:35:32.000Z</time><ele>2521</ele><extensions><power>306</power><tpx1:TrackPointExtension><tpx1:atemp>19</tpx1:atemp><tpx1:hr>136</tpx1:hr><tpx1:cad>98</tpx1:cad></tpx1:TrackPointExtension></extensions></trkpt><trkpt lat="39.02454" lon="-105.073555"><time>2024-08-09T19:35:33.000Z</time><ele>2520.8</ele><extensions><power>320</power><tpx1:TrackPointExtension><tpx1:atemp>19</tpx1:atemp><tpx1:hr>136</tpx1:hr><tpx1:cad>98</tpx1:cad></tpx1:TrackPointExtension></extensions></trkpt><trkpt lat="39.024639" lon="-105.073685"><time>2024-08-09T19:35:34.000Z</time><ele>2520.6</ele><extensions><power>316</power><tpx1:TrackPointExtension><tpx1:atemp>19</tpx1:atemp><tpx1:hr>137</tpx1:hr><tpx1:cad>100</tpx1:cad></tpx1:TrackPointExtension></extensions></trkpt><trkpt lat="39.024742" lon="-105.073814"><time>2024-08-09T19:35:35.000Z</time><ele>2520.4</ele><extensions><power>276</power><tpx1:TrackPointExtension><tpx1:atemp>19</tpx1:atemp><tpx1:hr>137</tpx1:hr><tpx1:cad>99</tpx1:cad></tpx1:TrackPointExtension></extensions></trkpt><trkpt lat="39.024841" lon="-105.073936"><time>2024-08-09T19:35:36.000Z</time><ele>2520</ele><extensions><power>242</power><tpx1:TrackPointExtension><tpx1:atemp>19</tpx1:atemp><tpx1:hr>138</tpx1:hr><tpx1:cad>100</tpx1:cad></tpx1:TrackPointExtension></extensions></trkpt><trkpt lat="39.024944" lon="-105.074059"><time>2024-08-09T19:35:37.000Z</time><ele>2519.8</ele><extensions><power>230</power><tpx1:TrackPointExtension><tpx1:atemp>19</tpx1:atemp><tpx1:hr>138</tpx1:hr><tpx1:cad>100</tpx1:cad></tpx1:TrackPointExtension></extensions></trkpt><trkpt lat="39.025059" lon="-105.074173"><time>2024-08-09T19:35:38.000Z</time><ele>2519.4</ele><extensions><power>243</power><tpx1:TrackPointExtension><tpx1:atemp>19</tpx1:atemp><tpx1:hr>138</tpx1:hr><tpx1:cad>101</tpx1:cad></tpx1:TrackPointExtension></extensions></trkpt><trkpt lat="39.025173" lon="-105.07428"><time>2024-08-09T19:35:39.000Z</time><ele>2519.2</ele><extensions><power>301</power><tpx1:TrackPointExtension><tpx1:atemp>19</tpx1:atemp><tpx1:hr>139</tpx1:hr><tpx1:cad>100</tpx1:cad></tpx1:TrackPointExtension></extensions></trkpt><trkpt lat="39.025284" lon="-105.074402"><time>2024-08-09T19:35:40.000Z</time><ele>2518.8</ele><extensions><power>325</power><tpx1:TrackPointExtension><tpx1:atemp>19</tpx1:atemp><tpx1:hr>139</tpx1:hr><tpx1:cad>102</tpx1:cad></tpx1:TrackPointExtension></extensions></trkpt><trkpt lat="39.025398" lon="-105.074524"><time>2024-08-09T19:35:41.000Z</time><ele>2518.2</ele><extensions><power>329</power><tpx1:TrackPointExtension><tpx1:atemp>19</tpx1:atemp><tpx1:hr>140</tpx1:hr><tpx1:cad>103</tpx1:cad></tpx1:TrackPointExtension></extensions></trkpt><trkpt lat="39.025516" lon="-105.074654"><time>2024-08-09T19:35:42.000Z</time><ele>2517.8</ele><extensions><power>289</power><tpx1:TrackPointExtension><tpx1:atemp>19</tpx1:atemp><tpx1:hr>140</tpx1:hr><tpx1:cad>105</tpx1:cad></tpx1:TrackPointExtension></extensions></trkpt><trkpt lat="39.025635" lon="-105.074776"><time>2024-08-09T19:35:43.000Z</time><ele>2517.2</ele><extensions><power>274</power><tpx1:TrackPointExtension><tpx1:atemp>19</tpx1:atemp><tpx1:hr>140</tpx1:hr><tpx1:cad>105</tpx1:cad></tpx1:TrackPointExtension></extensions></trkpt><trkpt lat="39.025745" lon="-105.074905"><time>2024-08-09T19:35:44.000Z</time><ele>2516.6</ele><extensions><power>272</power><tpx1:TrackPointExtension><tpx1:atemp>19</tpx1:atemp><tpx1:hr>141</tpx1:hr><tpx1:cad>105</tpx1:cad></tpx1:TrackPointExtension></extensions></trkpt><trkpt lat="39.025864" lon="-105.075043"><time>2024-08-09T19:35:45.000Z</time><ele>2516</ele><extensions><power>274</power><tpx1:TrackPointExtension><tpx1:atemp>19</tpx1:atemp><tpx1:hr>141</tpx1:hr><tpx1:cad>106</tpx1:cad></tpx1:TrackPointExtension></extensions></trkpt><trkpt lat="39.025986" lon="-105.075172"><time>2024-08-09T19:35:46.000Z</time><ele>2515.2</ele><extensions><power>276</power><tpx1:TrackPointExtension><tpx1:atemp>19</tpx1:atemp><tpx1:hr>142</tpx1:hr><tpx1:cad>107</tpx1:cad></tpx1:TrackPointExtension></extensions></trkpt><trkpt lat="39.026112" lon="-105.075294"><time>2024-08-09T19:35:47.000Z</time><ele>2514.6</ele><extensions><power>275</power><tpx1:TrackPointExtension><tpx1:atemp>19</tpx1:atemp><tpx1:hr>142</tpx1:hr><tpx1:cad>109</tpx1:cad></tpx1:TrackPointExtension></extensions></trkpt><trkpt lat="39.026241" lon="-105.075424"><time>2024-08-09T19:35:48.000Z</time><ele>2514.2</ele><extensions><power>264</power><tpx1:TrackPointExtension><tpx1:atemp>19</tpx1:atemp><tpx1:hr>142</tpx1:hr><tpx1:cad>111</tpx1:cad></tpx1:TrackPointExtension></extensions></trkpt><trkpt lat="39.026371" lon="-105.075539"><time>2024-08-09T19:35:49.000Z</time><ele>2513.4</ele><extensions><power>269</power><tpx1:TrackPointExtension><tpx1:atemp>19</tpx1:atemp><tpx1:hr>142</tpx1:hr><tpx1:cad>112</tpx1:cad></tpx1:TrackPointExtension></extensions></trkpt><trkpt lat="39.026501" lon="-105.075653"><time>2024-08-09T19:35:50.000Z</time><ele>2512.8</ele><extensions><power>299</power><tpx1:TrackPointExtension><tpx1:atemp>19</tpx1:atemp><tpx1:hr>141</tpx1:hr><tpx1:cad>113</tpx1:cad></tpx1:TrackPointExtension></extensions></trkpt><trkpt lat="39.026634" lon="-105.075767"><time>2024-08-09T19:35:51.000Z</time><ele>2512.2</ele><extensions><power>365</power><tpx1:TrackPointExtension><tpx1:atemp>19</tpx1:atemp><tpx1:hr>141</tpx1:hr><tpx1:cad>114</tpx1:cad></tpx1:TrackPointExtension></extensions></trkpt><trkpt lat="39.026775" lon="-105.075882"><time>2024-08-09T19:35:52.000Z</time><ele>2511.6</ele><extensions><power>455</power><tpx1:TrackPointExtension><tpx1:atemp>19</tpx1:atemp><tpx1:hr>141</tpx1:hr><tpx1:cad>116</tpx1:cad></tpx1:TrackPointExtension></extensions></trkpt><trkpt lat="39.02692" lon="-105.075989"><time>2024-08-09T19:35:53.000Z</time><ele>2510.8</ele><extensions><power>502</power><tpx1:TrackPointExtension><tpx1:atemp>19</tpx1:atemp><tpx1:hr>141</tpx1:hr><tpx1:cad>115</tpx1:cad></tpx1:TrackPointExtension></extensions></trkpt><trkpt lat="39.027061" lon="-105.076103"><time>2024-08-09T19:35:54.000Z</time><ele>2510</ele><extensions><power>543</power><tpx1:TrackPointExtension><tpx1:atemp>19</tpx1:atemp><tpx1:hr>142</tpx1:hr><tpx1:cad>116</tpx1:cad></tpx1:TrackPointExtension></extensions></trkpt><trkpt lat="39.027199" lon="-105.076218"><time>2024-08-09T19:35:55.000Z</time><ele>2509.4</ele><extensions><power>566</power><tpx1:TrackPointExtension><tpx1:atemp>19</tpx1:atemp><tpx1:hr>142</tpx1:hr><tpx1:cad>119</tpx1:cad></tpx1:TrackPointExtension></extensions></trkpt><trkpt lat="39.027348" lon="-105.076332"><time>2024-08-09T19:35:56.000Z</time><ele>2509</ele><extensions><power>590</power><tpx1:TrackPointExtension><tpx1:atemp>19</tpx1:atemp><tpx1:hr>143</tpx1:hr><tpx1:cad>123</tpx1:cad></tpx1:TrackPointExtension></extensions></trkpt><trkpt lat="39.027489" lon="-105.076439"><time>2024-08-09T19:35:57.000Z</time><ele>2508.6</ele><extensions><power>650</power><tpx1:TrackPointExtension><tpx1:atemp>19</tpx1:atemp><tpx1:hr>144</tpx1:hr><tpx1:cad>116</tpx1:cad></tpx1:TrackPointExtension></extensions></trkpt><trkpt lat="39.027626" lon="-105.076546"><time>2024-08-09T19:35:58.000Z</time><ele>2508.4</ele><extensions><power>510</power><tpx1:TrackPointExtension><tpx1:atemp>19</tpx1:atemp><tpx1:hr>144</tpx1:hr><tpx1:cad>105</tpx1:cad></tpx1:TrackPointExtension></extensions></trkpt><trkpt lat="39.027763" lon="-105.076637"><time>2024-08-09T19:35:59.000Z</time><ele>2508.4</ele><extensions><power>391</power><tpx1:TrackPointExtension><tpx1:atemp>19</tpx1:atemp><tpx1:hr>145</tpx1:hr><tpx1:cad>70</tpx1:cad></tpx1:TrackPointExtension></extensions></trkpt><trkpt lat="39.027908" lon="-105.076736"><time>2024-08-09T19:36:00.000Z</time><ele>2508.2</ele><extensions><power>273</power><tpx1:TrackPointExtension><tpx1:atemp>19</tpx1:atemp><tpx1:hr>145</tpx1:hr><tpx1:cad>35</tpx1:cad></tpx1:TrackPointExtension></extensions></trkpt><trkpt lat="39.028053" lon="-105.076836"><time>2024-08-09T19:36:01.000Z</time><ele>2508.2</ele><extensions><power>0</power><tpx1:TrackPointExtension><tpx1:atemp>19</tpx1:atemp><tpx1:hr>145</tpx1:hr><tpx1:cad>1</tpx1:cad></tpx1:TrackPointExtension></extensions></trkpt><trkpt lat="39.028194" lon="-105.076912"><time>2024-08-09T19:36:02.000Z</time><ele>2508.2</ele><extensions><power>7</power><tpx1:TrackPointExtension><tpx1:atemp>19</tpx1:atemp><tpx1:hr>146</tpx1:hr><tpx1:cad>13</tpx1:cad></tpx1:TrackPointExtension></extensions></trkpt><trkpt lat="39.028332" lon="-105.076996"><time>2024-08-09T19:36:03.000Z</time><ele>2508</ele><extensions><power>16</power><tpx1:TrackPointExtension><tpx1:atemp>19</tpx1:atemp><tpx1:hr>146</tpx1:hr><tpx1:cad>76</tpx1:cad></tpx1:TrackPointExtension></extensions></trkpt><trkpt lat="39.028465" lon="-105.07708"><time>2024-08-09T19:36:04.000Z</time><ele>2507.8</ele><extensions><power>123</power><tpx1:TrackPointExtension><tpx1:atemp>18</tpx1:atemp><tpx1:hr>146</tpx1:hr><tpx1:cad>106</tpx1:cad></tpx1:TrackPointExtension></extensions></trkpt><trkpt lat="39.028595" lon="-105.077171"><time>2024-08-09T19:36:05.000Z</time><ele>2507.8</ele><extensions><power>189</power><tpx1:TrackPointExtension><tpx1:atemp>18</tpx1:atemp><tpx1:hr>146</tpx1:hr><tpx1:cad>105</tpx1:cad></tpx1:TrackPointExtension></extensions></trkpt><trkpt lat="39.028721" lon="-105.077248"><time>2024-08-09T19:36:06.000Z</time><ele>2507.8</ele><extensions><power>230</power><tpx1:TrackPointExtension><tpx1:atemp>18</tpx1:atemp><tpx1:hr>145</tpx1:hr><tpx1:cad>103</tpx1:cad></tpx1:TrackPointExtension></extensions></trkpt><trkpt lat="39.028851" lon="-105.077331"><time>2024-08-09T19:36:07.000Z</time><ele>2507.6</ele><extensions><power>213</power><tpx1:TrackPointExtension><tpx1:atemp>18</tpx1:atemp><tpx1:hr>145</tpx1:hr><tpx1:cad>101</tpx1:cad></tpx1:TrackPointExtension></extensions></trkpt><trkpt lat="39.028984" lon="-105.077408"><time>2024-08-09T19:36:08.000Z</time><ele>2507.6</ele><extensions><power>193</power><tpx1:TrackPointExtension><tpx1:atemp>18</tpx1:atemp><tpx1:hr>145</tpx1:hr><tpx1:cad>102</tpx1:cad></tpx1:TrackPointExtension></extensions></trkpt><trkpt lat="39.02911" lon="-105.077476"><time>2024-08-09T19:36:09.000Z</time><ele>2507.4</ele><extensions><power>187</power><tpx1:TrackPointExtension><tpx1:atemp>18</tpx1:atemp><tpx1:hr>144</tpx1:hr><tpx1:cad>99</tpx1:cad></tpx1:TrackPointExtension></extensions></trkpt><trkpt lat="39.02924" lon="-105.077545"><time>2024-08-09T19:36:10.000Z</time><ele>2507.2</ele><extensions><power>191</power><tpx1:TrackPointExtension><tpx1:atemp>18</tpx1:atemp><tpx1:hr>143</tpx1:hr><tpx1:cad>99</tpx1:cad></tpx1:TrackPointExtension></extensions></trkpt><trkpt lat="39.029362" lon="-105.077621"><time>2024-08-09T19:36:11.000Z</time><ele>2507</ele><extensions><power>191</power><tpx1:TrackPointExtension><tpx1:atemp>18</tpx1:atemp><tpx1:hr>142</tpx1:hr><tpx1:cad>97</tpx1:cad></tpx1:TrackPointExtension></extensions></trkpt><trkpt lat="39.029484" lon="-105.07769"><time>2024-08-09T19:36:12.000Z</time><ele>2507</ele><extensions><power>187</power><tpx1:TrackPointExtension><tpx1:atemp>18</tpx1:atemp><tpx1:hr>141</tpx1:hr><tpx1:cad>95</tpx1:cad></tpx1:TrackPointExtension></extensions></trkpt><trkpt lat="39.02961" lon="-105.077751"><time>2024-08-09T19:36:13.000Z</time><ele>2506.8</ele><extensions><power>182</power><tpx1:TrackPointExtension><tpx1:atemp>18</tpx1:atemp><tpx1:hr>140</tpx1:hr><tpx1:cad>94</tpx1:cad></tpx1:TrackPointExtension></extensions></trkpt><trkpt lat="39.029732" lon="-105.07782"><time>2024-08-09T19:36:14.000Z</time><ele>2506.8</ele><extensions><power>197</power><tpx1:TrackPointExtension><tpx1:atemp>18</tpx1:atemp><tpx1:hr>140</tpx1:hr><tpx1:cad>92</tpx1:cad></tpx1:TrackPointExtension></extensions></trkpt><trkpt lat="39.029854" lon="-105.077873"><time>2024-08-09T19:36:15.000Z</time><ele>2506.8</ele><extensions><power>195</power><tpx1:TrackPointExtension><tpx1:atemp>18</tpx1:atemp><tpx1:hr>139</tpx1:hr><tpx1:cad>92</tpx1:cad></tpx1:TrackPointExtension></extensions></trkpt><trkpt lat="39.029972" lon="-105.077927"><time>2024-08-09T19:36:16.000Z</time><ele>2506.8</ele><extensions><power>188</power><tpx1:TrackPointExtension><tpx1:atemp>18</tpx1:atemp><tpx1:hr>139</tpx1:hr><tpx1:cad>90</tpx1:cad></tpx1:TrackPointExtension></extensions></trkpt><trkpt lat="39.030087" lon="-105.07798"><time>2024-08-09T19:36:17.000Z</time><ele>2506.8</ele><extensions><power>191</power><tpx1:TrackPointExtension><tpx1:atemp>18</tpx1:atemp><tpx1:hr>139</tpx1:hr><tpx1:cad>89</tpx1:cad></tpx1:TrackPointExtension></extensions></trkpt><trkpt lat="39.030209" lon="-105.078049"><time>2024-08-09T19:36:18.000Z</time><ele>2507</ele><extensions><power>213</power><tpx1:TrackPointExtension><tpx1:atemp>18</tpx1:atemp><tpx1:hr>139</tpx1:hr><tpx1:cad>89</tpx1:cad></tpx1:TrackPointExtension></extensions></trkpt><trkpt lat="39.030327" lon="-105.07811"><time>2024-08-09T19:36:19.000Z</time><ele>2507</ele><extensions><power>213</power><tpx1:TrackPointExtension><tpx1:atemp>18</tpx1:atemp><tpx1:hr>139</tpx1:hr><tpx1:cad>88</tpx1:cad></tpx1:TrackPointExtension></extensions></trkpt><trkpt lat="39.030445" lon="-105.078163"><time>2024-08-09T19:36:20.000Z</time><ele>2507</ele><extensions><power>201</power><tpx1:TrackPointExtension><tpx1:atemp>18</tpx1:atemp><tpx1:hr>138</tpx1:hr><tpx1:cad>88</tpx1:cad></tpx1:TrackPointExtension></extensions></trkpt><trkpt lat="39.03056" lon="-105.078209"><time>2024-08-09T19:36:21.000Z</time><ele>2507</ele><extensions><power>194</power><tpx1:TrackPointExtension><tpx1:atemp>18</tpx1:atemp><tpx1:hr>137</tpx1:hr><tpx1:cad>85</tpx1:cad></tpx1:TrackPointExtension></extensions></trkpt><trkpt lat="39.030678" lon="-105.078247"><time>2024-08-09T19:36:22.000Z</time><ele>2507.2</ele><extensions><power>199</power><tpx1:TrackPointExtension><tpx1:atemp>18</tpx1:atemp><tpx1:hr>136</tpx1:hr><tpx1:cad>86</tpx1:cad></tpx1:TrackPointExtension></extensions></trkpt><trkpt lat="39.030788" lon="-105.078293"><time>2024-08-09T19:36:23.000Z</time><ele>2507.2</ele><extensions><power>203</power><tpx1:TrackPointExtension><tpx1:atemp>18</tpx1:atemp><tpx1:hr>135</tpx1:hr><tpx1:cad>85</tpx1:cad></tpx1:TrackPointExtension></extensions></trkpt><trkpt lat="39.030914" lon="-105.078331"><time>2024-08-09T19:36:24.000Z</time><ele>2507.2</ele><extensions><power>196</power><tpx1:TrackPointExtension><tpx1:atemp>18</tpx1:atemp><tpx1:hr>134</tpx1:hr><tpx1:cad>85</tpx1:cad></tpx1:TrackPointExtension></extensions></trkpt><trkpt lat="39.03104" lon="-105.078369"><time>2024-08-09T19:36:25.000Z</time><ele>2507</ele><extensions><power>193</power><tpx1:TrackPointExtension><tpx1:atemp>18</tpx1:atemp><tpx1:hr>133</tpx1:hr><tpx1:cad>85</tpx1:cad></tpx1:TrackPointExtension></extensions></trkpt><trkpt lat="39.031143" lon="-105.078407"><time>2024-08-09T19:36:26.000Z</time><ele>2507</ele><extensions><power>195</power><tpx1:TrackPointExtension><tpx1:atemp>18</tpx1:atemp><tpx1:hr>133</tpx1:hr><tpx1:cad>83</tpx1:cad></tpx1:TrackPointExtension></extensions></trkpt><trkpt lat="39.031254" lon="-105.078453"><time>2024-08-09T19:36:27.000Z</time><ele>2507</ele><extensions><power>208</power><tpx1:TrackPointExtension><tpx1:atemp>18</tpx1:atemp><tpx1:hr>133</tpx1:hr><tpx1:cad>85</tpx1:cad></tpx1:TrackPointExtension></extensions></trkpt><trkpt lat="39.031368" lon="-105.078484"><time>2024-08-09T19:36:28.000Z</time><ele>2507</ele><extensions><power>215</power><tpx1:TrackPointExtension><tpx1:atemp>18</tpx1:atemp><tpx1:hr>133</tpx1:hr><tpx1:cad>91</tpx1:cad></tpx1:TrackPointExtension></extensions></trkpt><trkpt lat="39.031475" lon="-105.078522"><time>2024-08-09T19:36:29.000Z</time><ele>2507</ele><extensions><power>220</power><tpx1:TrackPointExtension><tpx1:atemp>18</tpx1:atemp><tpx1:hr>132</tpx1:hr><tpx1:cad>95</tpx1:cad></tpx1:TrackPointExtension></extensions></trkpt><trkpt lat="39.031586" lon="-105.07856"><time>2024-08-09T19:36:30.000Z</time><ele>2507</ele><extensions><power>237</power><tpx1:TrackPointExtension><tpx1:atemp>18</tpx1:atemp><tpx1:hr>132</tpx1:hr><tpx1:cad>92</tpx1:cad></tpx1:TrackPointExtension></extensions></trkpt><trkpt lat="39.031696" lon="-105.078598"><time>2024-08-09T19:36:31.000Z</time><ele>2507</ele><extensions><power>261</power><tpx1:TrackPointExtension><tpx1:atemp>18</tpx1:atemp><tpx1:hr>132</tpx1:hr><tpx1:cad>90</tpx1:cad></tpx1:TrackPointExtension></extensions></trkpt><trkpt lat="39.031803" lon="-105.078628"><time>2024-08-09T19:36:32.000Z</time><ele>2507</ele><extensions><power>251</power><tpx1:TrackPointExtension><tpx1:atemp>18</tpx1:atemp><tpx1:hr>131</tpx1:hr><tpx1:cad>88</tpx1:cad></tpx1:TrackPointExtension></extensions></trkpt><trkpt lat="39.03191" lon="-105.078667"><time>2024-08-09T19:36:33.000Z</time><ele>2507.2</ele><extensions><power>220</power><tpx1:TrackPointExtension><tpx1:atemp>18</tpx1:atemp><tpx1:hr>131</tpx1:hr><tpx1:cad>87</tpx1:cad></tpx1:TrackPointExtension></extensions></trkpt><trkpt lat="39.032021" lon="-105.078697"><time>2024-08-09T19:36:34.000Z</time><ele>2507.2</ele><extensions><power>190</power><tpx1:TrackPointExtension><tpx1:atemp>18</tpx1:atemp><tpx1:hr>131</tpx1:hr><tpx1:cad>87</tpx1:cad></tpx1:TrackPointExtension></extensions></trkpt><trkpt lat="39.032131" lon="-105.078728"><time>2024-08-09T19:36:35.000Z</time><ele>2507.2</ele><extensions><power>186</power><tpx1:TrackPointExtension><tpx1:atemp>18</tpx1:atemp><tpx1:hr>131</tpx1:hr><tpx1:cad>87</tpx1:cad></tpx1:TrackPointExtension></extensions></trkpt><trkpt lat="39.032242" lon="-105.078751"><time>2024-08-09T19:36:36.000Z</time><ele>2507</ele><extensions><power>191</power><tpx1:TrackPointExtension><tpx1:atemp>18</tpx1:atemp><tpx1:hr>130</tpx1:hr><tpx1:cad>87</tpx1:cad></tpx1:TrackPointExtension></extensions></trkpt><trkpt lat="39.032352" lon="-105.078773"><time>2024-08-09T19:36:37.000Z</time><ele>2507</ele><extensions><power>204</power><tpx1:TrackPointExtension><tpx1:atemp>18</tpx1:atemp><tpx1:hr>130</tpx1:hr><tpx1:cad>87</tpx1:cad></tpx1:TrackPointExtension></extensions></trkpt><trkpt lat="39.032463" lon="-105.078804"><time>2024-08-09T19:36:38.000Z</time><ele>2507</ele><extensions><power>252</power><tpx1:TrackPointExtension><tpx1:atemp>18</tpx1:atemp><tpx1:hr>129</tpx1:hr><tpx1:cad>85</tpx1:cad></tpx1:TrackPointExtension></extensions></trkpt><trkpt lat="39.03257" lon="-105.078827"><time>2024-08-09T19:36:39.000Z</time><ele>2507</ele><extensions><power>246</power><tpx1:TrackPointExtension><tpx1:atemp>18</tpx1:atemp><tpx1:hr>129</tpx1:hr><tpx1:cad>85</tpx1:cad></tpx1:TrackPointExtension></extensions></trkpt><trkpt lat="39.032677" lon="-105.07885"><time>2024-08-09T19:36:40.000Z</time><ele>2507</ele><extensions><power>212</power><tpx1:TrackPointExtension><tpx1:atemp>18</tpx1:atemp><tpx1:hr>128</tpx1:hr><tpx1:cad>83</tpx1:cad></tpx1:TrackPointExtension></extensions></trkpt><trkpt lat="39.032787" lon="-105.078873"><time>2024-08-09T19:36:41.000Z</time><ele>2507</ele><extensions><power>196</power><tpx1:TrackPointExtension><tpx1:atemp>18</tpx1:atemp><tpx1:hr>128</tpx1:hr><tpx1:cad>85</tpx1:cad></tpx1:TrackPointExtension></extensions></trkpt><trkpt lat="39.032898" lon="-105.078896"><time>2024-08-09T19:36:42.000Z</time><ele>2507</ele><extensions><power>202</power><tpx1:TrackPointExtension><tpx1:atemp>18</tpx1:atemp><tpx1:hr>127</tpx1:hr><tpx1:cad>87</tpx1:cad></tpx1:TrackPointExtension></extensions></trkpt><trkpt lat="39.033001" lon="-105.078918"><time>2024-08-09T19:36:43.000Z</time><ele>2507</ele><extensions><power>211</power><tpx1:TrackPointExtension><tpx1:atemp>18</tpx1:atemp><tpx1:hr>126</tpx1:hr><tpx1:cad>96</tpx1:cad></tpx1:TrackPointExtension></extensions></trkpt><trkpt lat="39.0331" lon="-105.078941"><time>2024-08-09T19:36:44.000Z</time><ele>2507</ele><extensions><power>223</power><tpx1:TrackPointExtension><tpx1:atemp>18</tpx1:atemp><tpx1:hr>126</tpx1:hr><tpx1:cad>95</tpx1:cad></tpx1:TrackPointExtension></extensions></trkpt><trkpt lat="39.033207" lon="-105.078972"><time>2024-08-09T19:36:45.000Z</time><ele>2507</ele><extensions><power>226</power><tpx1:TrackPointExtension><tpx1:atemp>18</tpx1:atemp><tpx1:hr>126</tpx1:hr><tpx1:cad>94</tpx1:cad></tpx1:TrackPointExtension></extensions></trkpt><trkpt lat="39.03331" lon="-105.078995"><time>2024-08-09T19:36:46.000Z</time><ele>2507.2</ele><extensions><power>231</power><tpx1:TrackPointExtension><tpx1:atemp>18</tpx1:atemp><tpx1:hr>126</tpx1:hr><tpx1:cad>91</tpx1:cad></tpx1:TrackPointExtension></extensions></trkpt><trkpt lat="39.033405" lon="-105.079018"><time>2024-08-09T19:36:47.000Z</time><ele>2507.2</ele><extensions><power>243</power><tpx1:TrackPointExtension><tpx1:atemp>18</tpx1:atemp><tpx1:hr>126</tpx1:hr><tpx1:cad>92</tpx1:cad></tpx1:TrackPointExtension></extensions></trkpt><trkpt lat="39.033501" lon="-105.07904"><time>2024-08-09T19:36:48.000Z</time><ele>2507.4</ele><extensions><power>237</power><tpx1:TrackPointExtension><tpx1:atemp>18</tpx1:atemp><tpx1:hr>126</tpx1:hr><tpx1:cad>90</tpx1:cad></tpx1:TrackPointExtension></extensions></trkpt><trkpt lat="39.0336" lon="-105.079056"><time>2024-08-09T19:36:49.000Z</time><ele>2507.6</ele><extensions><power>249</power><tpx1:TrackPointExtension><tpx1:atemp>18</tpx1:atemp><tpx1:hr>127</tpx1:hr><tpx1:cad>88</tpx1:cad></tpx1:TrackPointExtension></extensions></trkpt><trkpt lat="39.033695" lon="-105.079086"><time>2024-08-09T19:36:50.000Z</time><ele>2508</ele><extensions><power>258</power><tpx1:TrackPointExtension><tpx1:atemp>18</tpx1:atemp><tpx1:hr>127</tpx1:hr><tpx1:cad>87</tpx1:cad></tpx1:TrackPointExtension></extensions></trkpt><trkpt lat="39.033779" lon="-105.079101"><time>2024-08-09T19:36:51.000Z</time><ele>2508.2</ele><extensions><power>259</power><tpx1:TrackPointExtension><tpx1:atemp>18</tpx1:atemp><tpx1:hr>127</tpx1:hr><tpx1:cad>85</tpx1:cad></tpx1:TrackPointExtension></extensions></trkpt><trkpt lat="39.033871" lon="-105.079132"><time>2024-08-09T19:36:52.000Z</time><ele>2508.4</ele><extensions><power>270</power><tpx1:TrackPointExtension><tpx1:atemp>18</tpx1:atemp><tpx1:hr>127</tpx1:hr><tpx1:cad>84</tpx1:cad></tpx1:TrackPointExtension></extensions></trkpt><trkpt lat="39.033958" lon="-105.079147"><time>2024-08-09T19:36:53.000Z</time><ele>2508.8</ele><extensions><power>262</power><tpx1:TrackPointExtension><tpx1:atemp>18</tpx1:atemp><tpx1:hr>127</tpx1:hr><tpx1:cad>93</tpx1:cad></tpx1:TrackPointExtension></extensions></trkpt><trkpt lat="39.034046" lon="-105.079163"><time>2024-08-09T19:36:54.000Z</time><ele>2509</ele><extensions><power>258</power><tpx1:TrackPointExtension><tpx1:atemp>18</tpx1:atemp><tpx1:hr>127</tpx1:hr><tpx1:cad>93</tpx1:cad></tpx1:TrackPointExtension></extensions></trkpt><trkpt lat="39.034138" lon="-105.079178"><time>2024-08-09T19:36:55.000Z</time><ele>2509.2</ele><extensions><power>246</power><tpx1:TrackPointExtension><tpx1:atemp>18</tpx1:atemp><tpx1:hr>127</tpx1:hr><tpx1:cad>93</tpx1:cad></tpx1:TrackPointExtension></extensions></trkpt><trkpt lat="39.034225" lon="-105.079193"><time>2024-08-09T19:36:56.000Z</time><ele>2509.4</ele><extensions><power>227</power><tpx1:TrackPointExtension><tpx1:atemp>18</tpx1:atemp><tpx1:hr>127</tpx1:hr><tpx1:cad>91</tpx1:cad></tpx1:TrackPointExtension></extensions></trkpt><trkpt lat="39.034309" lon="-105.079216"><time>2024-08-09T19:36:57.000Z</time><ele>2509.4</ele><extensions><power>225</power><tpx1:TrackPointExtension><tpx1:atemp>18</tpx1:atemp><tpx1:hr>128</tpx1:hr><tpx1:cad>88</tpx1:cad></tpx1:TrackPointExtension></extensions></trkpt><trkpt lat="39.034393" lon="-105.079239"><time>2024-08-09T19:36:58.000Z</time><ele>2509.6</ele><extensions><power>233</power><tpx1:TrackPointExtension><tpx1:atemp>18</tpx1:atemp><tpx1:hr>128</tpx1:hr><tpx1:cad>88</tpx1:cad></tpx1:TrackPointExtension></extensions></trkpt><trkpt lat="39.034477" lon="-105.079254"><time>2024-08-09T19:36:59.000Z</time><ele>2509.8</ele><extensions><power>231</power><tpx1:TrackPointExtension><tpx1:atemp>18</tpx1:atemp><tpx1:hr>128</tpx1:hr><tpx1:cad>88</tpx1:cad></tpx1:TrackPointExtension></extensions></trkpt><trkpt lat="39.034561" lon="-105.079277"><time>2024-08-09T19:37:00.000Z</time><ele>2510</ele><extensions><power>227</power><tpx1:TrackPointExtension><tpx1:atemp>18</tpx1:atemp><tpx1:hr>128</tpx1:hr><tpx1:cad>87</tpx1:cad></tpx1:TrackPointExtension></extensions></trkpt><trkpt lat="39.034645" lon="-105.079292"><time>2024-08-09T19:37:01.000Z</time><ele>2510.2</ele><extensions><power>249</power><tpx1:TrackPointExtension><tpx1:atemp>18</tpx1:atemp><tpx1:hr>128</tpx1:hr><tpx1:cad>86</tpx1:cad></tpx1:TrackPointExtension></extensions></trkpt><trkpt lat="39.034729" lon="-105.079315"><time>2024-08-09T19:37:02.000Z</time><ele>2510.2</ele><extensions><power>255</power><tpx1:TrackPointExtension><tpx1:atemp>18</tpx1:atemp><tpx1:hr>128</tpx1:hr><tpx1:cad>87</tpx1:cad></tpx1:TrackPointExtension></extensions></trkpt><trkpt lat="39.034813" lon="-105.079338"><time>2024-08-09T19:37:03.000Z</time><ele>2510.2</ele><extensions><power>235</power><tpx1:TrackPointExtension><tpx1:atemp>18</tpx1:atemp><tpx1:hr>128</tpx1:hr><tpx1:cad>88</tpx1:cad></tpx1:TrackPointExtension></extensions></trkpt><trkpt lat="39.034897" lon="-105.079353"><time>2024-08-09T19:37:04.000Z</time><ele>2510.2</ele><extensions><power>224</power><tpx1:TrackPointExtension><tpx1:atemp>18</tpx1:atemp><tpx1:hr>128</tpx1:hr><tpx1:cad>87</tpx1:cad></tpx1:TrackPointExtension></extensions></trkpt><trkpt lat="39.034985" lon="-105.079376"><time>2024-08-09T19:37:05.000Z</time><ele>2510.2</ele><extensions><power>225</power><tpx1:TrackPointExtension><tpx1:atemp>18</tpx1:atemp><tpx1:hr>128</tpx1:hr><tpx1:cad>88</tpx1:cad></tpx1:TrackPointExtension></extensions></trkpt><trkpt lat="39.035068" lon="-105.079399"><time>2024-08-09T19:37:06.000Z</time><ele>2510.2</ele><extensions><power>220</power><tpx1:TrackPointExtension><tpx1:atemp>18</tpx1:atemp><tpx1:hr>129</tpx1:hr><tpx1:cad>88</tpx1:cad></tpx1:TrackPointExtension></extensions></trkpt><trkpt lat="39.035156" lon="-105.079414"><time>2024-08-09T19:37:07.000Z</time><ele>2510</ele><extensions><power>215</power><tpx1:TrackPointExtension><tpx1:atemp>18</tpx1:atemp><tpx1:hr>129</tpx1:hr><tpx1:cad>89</tpx1:cad></tpx1:TrackPointExtension></extensions></trkpt><trkpt lat="39.035244" lon="-105.079437"><time>2024-08-09T19:37:08.000Z</time><ele>2510</ele><extensions><power>217</power><tpx1:TrackPointExtension><tpx1:atemp>18</tpx1:atemp><tpx1:hr>129</tpx1:hr><tpx1:cad>90</tpx1:cad></tpx1:TrackPointExtension></extensions></trkpt><trkpt lat="39.035332" lon="-105.079453"><time>2024-08-09T19:37:09.000Z</time><ele>2510</ele><extensions><power>205</power><tpx1:TrackPointExtension><tpx1:atemp>18</tpx1:atemp><tpx1:hr>130</tpx1:hr><tpx1:cad>91</tpx1:cad></tpx1:TrackPointExtension></extensions></trkpt><trkpt lat="39.035419" lon="-105.079475"><time>2024-08-09T19:37:10.000Z</time><ele>2509.8</ele><extensions><power>199</power><tpx1:TrackPointExtension><tpx1:atemp>18</tpx1:atemp><tpx1:hr>130</tpx1:hr><tpx1:cad>92</tpx1:cad></tpx1:TrackPointExtension></extensions></trkpt><trkpt lat="39.035511" lon="-105.079498"><time>2024-08-09T19:37:11.000Z</time><ele>2509.8</ele><extensions><power>196</power><tpx1:TrackPointExtension><tpx1:atemp>18</tpx1:atemp><tpx1:hr>130</tpx1:hr><tpx1:cad>92</tpx1:cad></tpx1:TrackPointExtension></extensions></trkpt><trkpt lat="39.035595" lon="-105.079521"><time>2024-08-09T19:37:12.000Z</time><ele>2509.8</ele><extensions><power>202</power><tpx1:TrackPointExtension><tpx1:atemp>18</tpx1:atemp><tpx1:hr>130</tpx1:hr><tpx1:cad>94</tpx1:cad></tpx1:TrackPointExtension></extensions></trkpt><trkpt lat="39.035679" lon="-105.079536"><time>2024-08-09T19:37:13.000Z</time><ele>2509.6</ele><extensions><power>205</power><tpx1:TrackPointExtension><tpx1:atemp>18</tpx1:atemp><tpx1:hr>130</tpx1:hr><tpx1:cad>95</tpx1:cad></tpx1:TrackPointExtension></extensions></trkpt><trkpt lat="39.03577" lon="-105.079552"><time>2024-08-09T19:37:14.000Z</time><ele>2509.6</ele><extensions><power>213</power><tpx1:TrackPointExtension><tpx1:atemp>18</tpx1:atemp><tpx1:hr>129</tpx1:hr><tpx1:cad>92</tpx1:cad></tpx1:TrackPointExtension></extensions></trkpt><trkpt lat="39.035866" lon="-105.079575"><time>2024-08-09T19:37:15.000Z</time><ele>2509.4</ele><extensions><power>206</power><tpx1:TrackPointExtension><tpx1:atemp>18</tpx1:atemp><tpx1:hr>128</tpx1:hr><tpx1:cad>87</tpx1:cad></tpx1:TrackPointExtension></extensions></trkpt><trkpt lat="39.035969" lon="-105.079597"><time>2024-08-09T19:37:16.000Z</time><ele>2509.2</ele><extensions><power>212</power><tpx1:TrackPointExtension><tpx1:atemp>18</tpx1:atemp><tpx1:hr>127</tpx1:hr><tpx1:cad>86</tpx1:cad></tpx1:TrackPointExtension></extensions></trkpt><trkpt lat="39.036068" lon="-105.079628"><time>2024-08-09T19:37:17.000Z</time><ele>2509.2</ele><extensions><power>216</power><tpx1:TrackPointExtension><tpx1:atemp>18</tpx1:atemp><tpx1:hr>126</tpx1:hr><tpx1:cad>88</tpx1:cad></tpx1:TrackPointExtension></extensions></trkpt><trkpt lat="39.036159" lon="-105.079643"><time>2024-08-09T19:37:18.000Z</time><ele>2509</ele><extensions><power>222</power><tpx1:TrackPointExtension><tpx1:atemp>18</tpx1:atemp><tpx1:hr>125</tpx1:hr><tpx1:cad>86</tpx1:cad></tpx1:TrackPointExtension></extensions></trkpt><trkpt lat="39.036251" lon="-105.079658"><time>2024-08-09T19:37:19.000Z</time><ele>2509.2</ele><extensions><power>244</power><tpx1:TrackPointExtension><tpx1:atemp>18</tpx1:atemp><tpx1:hr>125</tpx1:hr><tpx1:cad>86</tpx1:cad></tpx1:TrackPointExtension></extensions></trkpt><trkpt lat="39.03635" lon="-105.079674"><time>2024-08-09T19:37:20.000Z</time><ele>2509.2</ele><extensions><power>235</power><tpx1:TrackPointExtension><tpx1:atemp>18</tpx1:atemp><tpx1:hr>125</tpx1:hr><tpx1:cad>87</tpx1:cad></tpx1:TrackPointExtension></extensions></trkpt><trkpt lat="39.036449" lon="-105.079697"><time>2024-08-09T19:37:21.000Z</time><ele>2509.4</ele><extensions><power>216</power><tpx1:TrackPointExtension><tpx1:atemp>18</tpx1:atemp><tpx1:hr>127</tpx1:hr><tpx1:cad>86</tpx1:cad></tpx1:TrackPointExtension></extensions></trkpt><trkpt lat="39.036545" lon="-105.079727"><time>2024-08-09T19:37:22.000Z</time><ele>2509.4</ele><extensions><power>210</power><tpx1:TrackPointExtension><tpx1:atemp>18</tpx1:atemp><tpx1:hr>127</tpx1:hr><tpx1:cad>86</tpx1:cad></tpx1:TrackPointExtension></extensions></trkpt><trkpt lat="39.036636" lon="-105.079742"><time>2024-08-09T19:37:23.000Z</time><ele>2509.6</ele><extensions><power>223</power><tpx1:TrackPointExtension><tpx1:atemp>18</tpx1:atemp><tpx1:hr>128</tpx1:hr><tpx1:cad>97</tpx1:cad></tpx1:TrackPointExtension></extensions></trkpt><trkpt lat="39.036728" lon="-105.079758"><time>2024-08-09T19:37:24.000Z</time><ele>2509.8</ele><extensions><power>240</power><tpx1:TrackPointExtension><tpx1:atemp>18</tpx1:atemp><tpx1:hr>128</tpx1:hr><tpx1:cad>94</tpx1:cad></tpx1:TrackPointExtension></extensions></trkpt><trkpt lat="39.036819" lon="-105.07978"><time>2024-08-09T19:37:25.000Z</time><ele>2510</ele><extensions><power>233</power><tpx1:TrackPointExtension><tpx1:atemp>18</tpx1:atemp><tpx1:hr>128</tpx1:hr><tpx1:cad>93</tpx1:cad></tpx1:TrackPointExtension></extensions></trkpt><trkpt lat="39.036911" lon="-105.079811"><time>2024-08-09T19:37:26.000Z</time><ele>2510.2</ele><extensions><power>236</power><tpx1:TrackPointExtension><tpx1:atemp>18</tpx1:atemp><tpx1:hr>128</tpx1:hr><tpx1:cad>91</tpx1:cad></tpx1:TrackPointExtension></extensions></trkpt><trkpt lat="39.036999" lon="-105.079834"><time>2024-08-09T19:37:27.000Z</time><ele>2510.6</ele><extensions><power>243</power><tpx1:TrackPointExtension><tpx1:atemp>18</tpx1:atemp><tpx1:hr>127</tpx1:hr><tpx1:cad>91</tpx1:cad></tpx1:TrackPointExtension></extensions></trkpt><trkpt lat="39.037079" lon="-105.079849"><time>2024-08-09T19:37:28.000Z</time><ele>2510.8</ele><extensions><power>265</power><tpx1:TrackPointExtension><tpx1:atemp>18</tpx1:atemp><tpx1:hr>126</tpx1:hr><tpx1:cad>89</tpx1:cad></tpx1:TrackPointExtension></extensions></trkpt><trkpt lat="39.037163" lon="-105.079864"><time>2024-08-09T19:37:29.000Z</time><ele>2511</ele><extensions><power>262</power><tpx1:TrackPointExtension><tpx1:atemp>18</tpx1:atemp><tpx1:hr>126</tpx1:hr><tpx1:cad>89</tpx1:cad></tpx1:TrackPointExtension></extensions></trkpt><trkpt lat="39.037251" lon="-105.07988"><time>2024-08-09T19:37:30.000Z</time><ele>2511</ele><extensions><power>275</power><tpx1:TrackPointExtension><tpx1:atemp>18</tpx1:atemp><tpx1:hr>126</tpx1:hr><tpx1:cad>88</tpx1:cad></tpx1:TrackPointExtension></extensions></trkpt><trkpt lat="39.037331" lon="-105.079903"><time>2024-08-09T19:37:31.000Z</time><ele>2511.2</ele><extensions><power>292</power><tpx1:TrackPointExtension><tpx1:atemp>18</tpx1:atemp><tpx1:hr>126</tpx1:hr><tpx1:cad>89</tpx1:cad></tpx1:TrackPointExtension></extensions></trkpt><trkpt lat="39.037414" lon="-105.079918"><time>2024-08-09T19:37:32.000Z</time><ele>2511.4</ele><extensions><power>299</power><tpx1:TrackPointExtension><tpx1:atemp>18</tpx1:atemp><tpx1:hr>126</tpx1:hr><tpx1:cad>88</tpx1:cad></tpx1:TrackPointExtension></extensions></trkpt><trkpt lat="39.037498" lon="-105.079941"><time>2024-08-09T19:37:33.000Z</time><ele>2511.6</ele><extensions><power>290</power><tpx1:TrackPointExtension><tpx1:atemp>18</tpx1:atemp><tpx1:hr>127</tpx1:hr><tpx1:cad>86</tpx1:cad></tpx1:TrackPointExtension></extensions></trkpt><trkpt lat="39.037579" lon="-105.079956"><time>2024-08-09T19:37:34.000Z</time><ele>2511.8</ele><extensions><power>273</power><tpx1:TrackPointExtension><tpx1:atemp>18</tpx1:atemp><tpx1:hr>127</tpx1:hr><tpx1:cad>90</tpx1:cad></tpx1:TrackPointExtension></extensions></trkpt><trkpt lat="39.037659" lon="-105.079971"><time>2024-08-09T19:37:35.000Z</time><ele>2512</ele><extensions><power>271</power><tpx1:TrackPointExtension><tpx1:atemp>18</tpx1:atemp><tpx1:hr>127</tpx1:hr><tpx1:cad>94</tpx1:cad></tpx1:TrackPointExtension></extensions></trkpt><trkpt lat="39.037743" lon="-105.079987"><time>2024-08-09T19:37:36.000Z</time><ele>2512.2</ele><extensions><power>274</power><tpx1:TrackPointExtension><tpx1:atemp>18</tpx1:atemp><tpx1:hr>128</tpx1:hr><tpx1:cad>94</tpx1:cad></tpx1:TrackPointExtension></extensions></trkpt><trkpt lat="39.037823" lon="-105.080009"><time>2024-08-09T19:37:37.000Z</time><ele>2512.4</ele><extensions><power>270</power><tpx1:TrackPointExtension><tpx1:atemp>18</tpx1:atemp><tpx1:hr>128</tpx1:hr><tpx1:cad>93</tpx1:cad></tpx1:TrackPointExtension></extensions></trkpt><trkpt lat="39.037903" lon="-105.080025"><time>2024-08-09T19:37:38.000Z</time><ele>2512.6</ele><extensions><power>266</power><tpx1:TrackPointExtension><tpx1:atemp>18</tpx1:atemp><tpx1:hr>128</tpx1:hr><tpx1:cad>91</tpx1:cad></tpx1:TrackPointExtension></extensions></trkpt><trkpt lat="39.037983" lon="-105.08004"><time>2024-08-09T19:37:39.000Z</time><ele>2512.8</ele><extensions><power>266</power><tpx1:TrackPointExtension><tpx1:atemp>18</tpx1:atemp><tpx1:hr>128</tpx1:hr><tpx1:cad>91</tpx1:cad></tpx1:TrackPointExtension></extensions></trkpt><trkpt lat="39.038059" lon="-105.080055"><time>2024-08-09T19:37:40.000Z</time><ele>2513</ele><extensions><power>274</power><tpx1:TrackPointExtension><tpx1:atemp>18</tpx1:atemp><tpx1:hr>128</tpx1:hr><tpx1:cad>91</tpx1:cad></tpx1:TrackPointExtension></extensions></trkpt><trkpt lat="39.038136" lon="-105.08007"><time>2024-08-09T19:37:41.000Z</time><ele>2513</ele><extensions><power>274</power><tpx1:TrackPointExtension><tpx1:atemp>18</tpx1:atemp><tpx1:hr>128</tpx1:hr><tpx1:cad>91</tpx1:cad></tpx1:TrackPointExtension></extensions></trkpt><trkpt lat="39.038216" lon="-105.080086"><time>2024-08-09T19:37:42.000Z</time><ele>2513.2</ele><extensions><power>276</power><tpx1:TrackPointExtension><tpx1:atemp>18</tpx1:atemp><tpx1:hr>129</tpx1:hr><tpx1:cad>91</tpx1:cad></tpx1:TrackPointExtension></extensions></trkpt><trkpt lat="39.038292" lon="-105.080101"><time>2024-08-09T19:37:43.000Z</time><ele>2513.4</ele><extensions><power>290</power><tpx1:TrackPointExtension><tpx1:atemp>18</tpx1:atemp><tpx1:hr>130</tpx1:hr><tpx1:cad>90</tpx1:cad></tpx1:TrackPointExtension></extensions></trkpt><trkpt lat="39.038368" lon="-105.080124"><time>2024-08-09T19:37:44.000Z</time><ele>2513.4</ele><extensions><power>267</power><tpx1:TrackPointExtension><tpx1:atemp>18</tpx1:atemp><tpx1:hr>131</tpx1:hr><tpx1:cad>92</tpx1:cad></tpx1:TrackPointExtension></extensions></trkpt><trkpt lat="39.038444" lon="-105.080139"><time>2024-08-09T19:37:45.000Z</time><ele>2513.6</ele><extensions><power>263</power><tpx1:TrackPointExtension><tpx1:atemp>18</tpx1:atemp><tpx1:hr>131</tpx1:hr><tpx1:cad>91</tpx1:cad></tpx1:TrackPointExtension></extensions></trkpt><trkpt lat="39.038525" lon="-105.080147"><time>2024-08-09T19:37:46.000Z</time><ele>2513.8</ele><extensions><power>260</power><tpx1:TrackPointExtension><tpx1:atemp>18</tpx1:atemp><tpx1:hr>131</tpx1:hr><tpx1:cad>90</tpx1:cad></tpx1:TrackPointExtension></extensions></trkpt><trkpt lat="39.038605" lon="-105.080162"><time>2024-08-09T19:37:47.000Z</time><ele>2513.8</ele><extensions><power>253</power><tpx1:TrackPointExtension><tpx1:atemp>18</tpx1:atemp><tpx1:hr>132</tpx1:hr><tpx1:cad>92</tpx1:cad></tpx1:TrackPointExtension></extensions></trkpt><trkpt lat="39.038685" lon="-105.08017"><time>2024-08-09T19:37:48.000Z</time><ele>2513.8</ele><extensions><power>237</power><tpx1:TrackPointExtension><tpx1:atemp>18</tpx1:atemp><tpx1:hr>132</tpx1:hr><tpx1:cad>95</tpx1:cad></tpx1:TrackPointExtension></extensions></trkpt><trkpt lat="39.038765" lon="-105.080185"><time>2024-08-09T19:37:49.000Z</time><ele>2513.8</ele><extensions><power>211</power><tpx1:TrackPointExtension><tpx1:atemp>18</tpx1:atemp><tpx1:hr>132</tpx1:hr><tpx1:cad>94</tpx1:cad></tpx1:TrackPointExtension></extensions></trkpt><trkpt lat="39.038849" lon="-105.080193"><time>2024-08-09T19:37:50.000Z</time><ele>2514</ele><extensions><power>212</power><tpx1:TrackPointExtension><tpx1:atemp>18</tpx1:atemp><tpx1:hr>132</tpx1:hr><tpx1:cad>96</tpx1:cad></tpx1:TrackPointExtension></extensions></trkpt><trkpt lat="39.038929" lon="-105.080208"><time>2024-08-09T19:37:51.000Z</time><ele>2513.8</ele><extensions><power>213</power><tpx1:TrackPointExtension><tpx1:atemp>18</tpx1:atemp><tpx1:hr>133</tpx1:hr><tpx1:cad>93</tpx1:cad></tpx1:TrackPointExtension></extensions></trkpt><trkpt lat="39.039017" lon="-105.080215"><time>2024-08-09T19:37:52.000Z</time><ele>2513.8</ele><extensions><power>212</power><tpx1:TrackPointExtension><tpx1:atemp>18</tpx1:atemp><tpx1:hr>133</tpx1:hr><tpx1:cad>90</tpx1:cad></tpx1:TrackPointExtension></extensions></trkpt><trkpt lat="39.039104" lon="-105.080223"><time>2024-08-09T19:37:53.000Z</time><ele>2513.6</ele><extensions><power>190</power><tpx1:TrackPointExtension><tpx1:atemp>18</tpx1:atemp><tpx1:hr>133</tpx1:hr><tpx1:cad>92</tpx1:cad></tpx1:TrackPointExtension></extensions></trkpt><trkpt lat="39.0392" lon="-105.080231"><time>2024-08-09T19:37:54.000Z</time><ele>2513.4</ele><extensions><power>188</power><tpx1:TrackPointExtension><tpx1:atemp>18</tpx1:atemp><tpx1:hr>133</tpx1:hr><tpx1:cad>93</tpx1:cad></tpx1:TrackPointExtension></extensions></trkpt><trkpt lat="39.039295" lon="-105.080238"><time>2024-08-09T19:37:55.000Z</time><ele>2513</ele><extensions><power>185</power><tpx1:TrackPointExtension><tpx1:atemp>18</tpx1:atemp><tpx1:hr>133</tpx1:hr><tpx1:cad>96</tpx1:cad></tpx1:TrackPointExtension></extensions></trkpt><trkpt lat="39.039394" lon="-105.080246"><time>2024-08-09T19:37:56.000Z</time><ele>2512.8</ele><extensions><power>183</power><tpx1:TrackPointExtension><tpx1:atemp>18</tpx1:atemp><tpx1:hr>133</tpx1:hr><tpx1:cad>96</tpx1:cad></tpx1:TrackPointExtension></extensions></trkpt><trkpt lat="39.039494" lon="-105.080254"><time>2024-08-09T19:37:57.000Z</time><ele>2512.4</ele><extensions><power>182</power><tpx1:TrackPointExtension><tpx1:atemp>18</tpx1:atemp><tpx1:hr>133</tpx1:hr><tpx1:cad>95</tpx1:cad></tpx1:TrackPointExtension></extensions></trkpt><trkpt lat="39.039597" lon="-105.080261"><time>2024-08-09T19:37:58.000Z</time><ele>2512</ele><extensions><power>181</power><tpx1:TrackPointExtension><tpx1:atemp>18</tpx1:atemp><tpx1:hr>132</tpx1:hr><tpx1:cad>91</tpx1:cad></tpx1:TrackPointExtension></extensions></trkpt><trkpt lat="39.039703" lon="-105.080261"><time>2024-08-09T19:37:59.000Z</time><ele>2511.6</ele><extensions><power>184</power><tpx1:TrackPointExtension><tpx1:atemp>18</tpx1:atemp><tpx1:hr>132</tpx1:hr><tpx1:cad>94</tpx1:cad></tpx1:TrackPointExtension></extensions></trkpt><trkpt lat="39.039814" lon="-105.080269"><time>2024-08-09T19:38:00.000Z</time><ele>2511.2</ele><extensions><power>182</power><tpx1:TrackPointExtension><tpx1:atemp>18</tpx1:atemp><tpx1:hr>132</tpx1:hr><tpx1:cad>96</tpx1:cad></tpx1:TrackPointExtension></extensions></trkpt><trkpt lat="39.039925" lon="-105.080276"><time>2024-08-09T19:38:01.000Z</time><ele>2510.6</ele><extensions><power>170</power><tpx1:TrackPointExtension><tpx1:atemp>18</tpx1:atemp><tpx1:hr>131</tpx1:hr><tpx1:cad>93</tpx1:cad></tpx1:TrackPointExtension></extensions></trkpt><trkpt lat="39.040039" lon="-105.080284"><time>2024-08-09T19:38:02.000Z</time><ele>2510.2</ele><extensions><power>150</power><tpx1:TrackPointExtension><tpx1:atemp>18</tpx1:atemp><tpx1:hr>130</tpx1:hr><tpx1:cad>88</tpx1:cad></tpx1:TrackPointExtension></extensions></trkpt><trkpt lat="39.040153" lon="-105.080284"><time>2024-08-09T19:38:03.000Z</time><ele>2509.6</ele><extensions><power>152</power><tpx1:TrackPointExtension><tpx1:atemp>18</tpx1:atemp><tpx1:hr>130</tpx1:hr><tpx1:cad>89</tpx1:cad></tpx1:TrackPointExtension></extensions></trkpt><trkpt lat="39.040276" lon="-105.080292"><time>2024-08-09T19:38:04.000Z</time><ele>2508.8</ele><extensions><power>157</power><tpx1:TrackPointExtension><tpx1:atemp>18</tpx1:atemp><tpx1:hr>130</tpx1:hr><tpx1:cad>92</tpx1:cad></tpx1:TrackPointExtension></extensions></trkpt><trkpt lat="39.040401" lon="-105.080292"><time>2024-08-09T19:38:05.000Z</time><ele>2508</ele><extensions><power>160</power><tpx1:TrackPointExtension><tpx1:atemp>18</tpx1:atemp><tpx1:hr>130</tpx1:hr><tpx1:cad>94</tpx1:cad></tpx1:TrackPointExtension></extensions></trkpt><trkpt lat="39.040531" lon="-105.080284"><time>2024-08-09T19:38:06.000Z</time><ele>2507.2</ele><extensions><power>157</power><tpx1:TrackPointExtension><tpx1:atemp>18</tpx1:atemp><tpx1:hr>130</tpx1:hr><tpx1:cad>96</tpx1:cad></tpx1:TrackPointExtension></extensions></trkpt><trkpt lat="39.040661" lon="-105.080284"><time>2024-08-09T19:38:07.000Z</time><ele>2506.4</ele><extensions><power>146</power><tpx1:TrackPointExtension><tpx1:atemp>18</tpx1:atemp><tpx1:hr>130</tpx1:hr><tpx1:cad>94</tpx1:cad></tpx1:TrackPointExtension></extensions></trkpt><trkpt lat="39.040798" lon="-105.080276"><time>2024-08-09T19:38:08.000Z</time><ele>2505.4</ele><extensions><power>131</power><tpx1:TrackPointExtension><tpx1:atemp>18</tpx1:atemp><tpx1:hr>130</tpx1:hr><tpx1:cad>83</tpx1:cad></tpx1:TrackPointExtension></extensions></trkpt><trkpt lat="39.040939" lon="-105.080276"><time>2024-08-09T19:38:09.000Z</time><ele>2504.6</ele><extensions><power>119</power><tpx1:TrackPointExtension><tpx1:atemp>18</tpx1:atemp><tpx1:hr>130</tpx1:hr><tpx1:cad>63</tpx1:cad></tpx1:TrackPointExtension></extensions></trkpt><trkpt lat="39.041084" lon="-105.080276"><time>2024-08-09T19:38:10.000Z</time><ele>2503.6</ele><extensions><power>107</power><tpx1:TrackPointExtension><tpx1:atemp>18</tpx1:atemp><tpx1:hr>129</tpx1:hr><tpx1:cad>43</tpx1:cad></tpx1:TrackPointExtension></extensions></trkpt><trkpt lat="39.041225" lon="-105.080276"><time>2024-08-09T19:38:11.000Z</time><ele>2502.6</ele><extensions><power>84</power><tpx1:TrackPointExtension><tpx1:atemp>18</tpx1:atemp><tpx1:hr>128</tpx1:hr><tpx1:cad>97</tpx1:cad></tpx1:TrackPointExtension></extensions></trkpt><trkpt lat="39.041367" lon="-105.080276"><time>2024-08-09T19:38:12.000Z</time><ele>2501.8</ele><extensions><power>121</power><tpx1:TrackPointExtension><tpx1:atemp>18</tpx1:atemp><tpx1:hr>127</tpx1:hr><tpx1:cad>99</tpx1:cad></tpx1:TrackPointExtension></extensions></trkpt><trkpt lat="39.041511" lon="-105.080276"><time>2024-08-09T19:38:13.000Z</time><ele>2500.8</ele><extensions><power>173</power><tpx1:TrackPointExtension><tpx1:atemp>18</tpx1:atemp><tpx1:hr>126</tpx1:hr><tpx1:cad>101</tpx1:cad></tpx1:TrackPointExtension></extensions></trkpt><trkpt lat="39.041656" lon="-105.080269"><time>2024-08-09T19:38:14.000Z</time><ele>2499.8</ele><extensions><power>178</power><tpx1:TrackPointExtension><tpx1:atemp>18</tpx1:atemp><tpx1:hr>126</tpx1:hr><tpx1:cad>103</tpx1:cad></tpx1:TrackPointExtension></extensions></trkpt><trkpt lat="39.041801" lon="-105.080269"><time>2024-08-09T19:38:15.000Z</time><ele>2499</ele><extensions><power>179</power><tpx1:TrackPointExtension><tpx1:atemp>18</tpx1:atemp><tpx1:hr>125</tpx1:hr><tpx1:cad>104</tpx1:cad></tpx1:TrackPointExtension></extensions></trkpt><trkpt lat="39.041943" lon="-105.080269"><time>2024-08-09T19:38:16.000Z</time><ele>2498.2</ele><extensions><power>180</power><tpx1:TrackPointExtension><tpx1:atemp>18</tpx1:atemp><tpx1:hr>124</tpx1:hr><tpx1:cad>104</tpx1:cad></tpx1:TrackPointExtension></extensions></trkpt><trkpt lat="39.042091" lon="-105.080269"><time>2024-08-09T19:38:17.000Z</time><ele>2497.4</ele><extensions><power>187</power><tpx1:TrackPointExtension><tpx1:atemp>18</tpx1:atemp><tpx1:hr>123</tpx1:hr><tpx1:cad>106</tpx1:cad></tpx1:TrackPointExtension></extensions></trkpt><trkpt lat="39.04224" lon="-105.080276"><time>2024-08-09T19:38:18.000Z</time><ele>2496.6</ele><extensions><power>198</power><tpx1:TrackPointExtension><tpx1:atemp>18</tpx1:atemp><tpx1:hr>122</tpx1:hr><tpx1:cad>106</tpx1:cad></tpx1:TrackPointExtension></extensions></trkpt><trkpt lat="39.042393" lon="-105.080284"><time>2024-08-09T19:38:19.000Z</time><ele>2495.8</ele><extensions><power>207</power><tpx1:TrackPointExtension><tpx1:atemp>18</tpx1:atemp><tpx1:hr>120</tpx1:hr><tpx1:cad>106</tpx1:cad></tpx1:TrackPointExtension></extensions></trkpt><trkpt lat="39.042549" lon="-105.080292"><time>2024-08-09T19:38:20.000Z</time><ele>2495</ele><extensions><power>220</power><tpx1:TrackPointExtension><tpx1:atemp>18</tpx1:atemp><tpx1:hr>118</tpx1:hr><tpx1:cad>111</tpx1:cad></tpx1:TrackPointExtension></extensions></trkpt><trkpt lat="39.042705" lon="-105.080307"><time>2024-08-09T19:38:21.000Z</time><ele>2494.4</ele><extensions><power>236</power><tpx1:TrackPointExtension><tpx1:atemp>18</tpx1:atemp><tpx1:hr>117</tpx1:hr><tpx1:cad>108</tpx1:cad></tpx1:TrackPointExtension></extensions></trkpt><trkpt lat="39.042862" lon="-105.080322"><time>2024-08-09T19:38:22.000Z</time><ele>2493.6</ele><extensions><power>240</power><tpx1:TrackPointExtension><tpx1:atemp>18</tpx1:atemp><tpx1:hr>116</tpx1:hr><tpx1:cad>109</tpx1:cad></tpx1:TrackPointExtension></extensions></trkpt><trkpt lat="39.043015" lon="-105.080337"><time>2024-08-09T19:38:23.000Z</time><ele>2493.2</ele><extensions><power>226</power><tpx1:TrackPointExtension><tpx1:atemp>18</tpx1:atemp><tpx1:hr>117</tpx1:hr><tpx1:cad>110</tpx1:cad></tpx1:TrackPointExtension></extensions></trkpt><trkpt lat="39.043171" lon="-105.080353"><time>2024-08-09T19:38:24.000Z</time><ele>2492.4</ele><extensions><power>232</power><tpx1:TrackPointExtension><tpx1:atemp>18</tpx1:atemp><tpx1:hr>118</tpx1:hr><tpx1:cad>107</tpx1:cad></tpx1:TrackPointExtension></extensions></trkpt><trkpt lat="39.043327" lon="-105.080368"><time>2024-08-09T19:38:25.000Z</time><ele>2491.8</ele><extensions><power>231</power><tpx1:TrackPointExtension><tpx1:atemp>18</tpx1:atemp><tpx1:hr>118</tpx1:hr><tpx1:cad>109</tpx1:cad></tpx1:TrackPointExtension></extensions></trkpt><trkpt lat="39.043484" lon="-105.080398"><time>2024-08-09T19:38:26.000Z</time><ele>2491.4</ele><extensions><power>230</power><tpx1:TrackPointExtension><tpx1:atemp>18</tpx1:atemp><tpx1:hr>119</tpx1:hr><tpx1:cad>112</tpx1:cad></tpx1:TrackPointExtension></extensions></trkpt><trkpt lat="39.043636" lon="-105.080429"><time>2024-08-09T19:38:27.000Z</time><ele>2490.8</ele><extensions><power>228</power><tpx1:TrackPointExtension><tpx1:atemp>18</tpx1:atemp><tpx1:hr>119</tpx1:hr><tpx1:cad>114</tpx1:cad></tpx1:TrackPointExtension></extensions></trkpt><trkpt lat="39.043785" lon="-105.08046"><time>2024-08-09T19:38:28.000Z</time><ele>2490.4</ele><extensions><power>219</power><tpx1:TrackPointExtension><tpx1:atemp>18</tpx1:atemp><tpx1:hr>120</tpx1:hr><tpx1:cad>108</tpx1:cad></tpx1:TrackPointExtension></extensions></trkpt><trkpt lat="39.04393" lon="-105.080482"><time>2024-08-09T19:38:29.000Z</time><ele>2490.2</ele><extensions><power>195</power><tpx1:TrackPointExtension><tpx1:atemp>18</tpx1:atemp><tpx1:hr>120</tpx1:hr><tpx1:cad>108</tpx1:cad></tpx1:TrackPointExtension></extensions></trkpt><trkpt lat="39.044079" lon="-105.080513"><time>2024-08-09T19:38:30.000Z</time><ele>2490</ele><extensions><power>202</power><tpx1:TrackPointExtension><tpx1:atemp>18</tpx1:atemp><tpx1:hr>120</tpx1:hr><tpx1:cad>104</tpx1:cad></tpx1:TrackPointExtension></extensions></trkpt><trkpt lat="39.044224" lon="-105.080536"><time>2024-08-09T19:38:31.000Z</time><ele>2489.8</ele><extensions><power>202</power><tpx1:TrackPointExtension><tpx1:atemp>18</tpx1:atemp><tpx1:hr>120</tpx1:hr><tpx1:cad>105</tpx1:cad></tpx1:TrackPointExtension></extensions></trkpt><trkpt lat="39.044369" lon="-105.080559"><time>2024-08-09T19:38:32.000Z</time><ele>2489.6</ele><extensions><power>199</power><tpx1:TrackPointExtension><tpx1:atemp>18</tpx1:atemp><tpx1:hr>120</tpx1:hr><tpx1:cad>105</tpx1:cad></tpx1:TrackPointExtension></extensions></trkpt><trkpt lat="39.044514" lon="-105.080597"><time>2024-08-09T19:38:33.000Z</time><ele>2489.6</ele><extensions><power>189</power><tpx1:TrackPointExtension><tpx1:atemp>18</tpx1:atemp><tpx1:hr>120</tpx1:hr><tpx1:cad>103</tpx1:cad></tpx1:TrackPointExtension></extensions></trkpt><trkpt lat="39.044655" lon="-105.080635"><time>2024-08-09T19:38:34.000Z</time><ele>2489.6</ele><extensions><power>192</power><tpx1:TrackPointExtension><tpx1:atemp>18</tpx1:atemp><tpx1:hr>120</tpx1:hr><tpx1:cad>105</tpx1:cad></tpx1:TrackPointExtension></extensions></trkpt><trkpt lat="39.044804" lon="-105.080681"><time>2024-08-09T19:38:35.000Z</time><ele>2489.2</ele><extensions><power>189</power><tpx1:TrackPointExtension><tpx1:atemp>18</tpx1:atemp><tpx1:hr>121</tpx1:hr><tpx1:cad>103</tpx1:cad></tpx1:TrackPointExtension></extensions></trkpt><trkpt lat="39.044949" lon="-105.080727"><time>2024-08-09T19:38:36.000Z</time><ele>2489.2</ele><extensions><power>182</power><tpx1:TrackPointExtension><tpx1:atemp>18</tpx1:atemp><tpx1:hr>121</tpx1:hr><tpx1:cad>101</tpx1:cad></tpx1:TrackPointExtension></extensions></trkpt><trkpt lat="39.045093" lon="-105.080765"><time>2024-08-09T19:38:37.000Z</time><ele>2489</ele><extensions><power>182</power><tpx1:TrackPointExtension><tpx1:atemp>18</tpx1:atemp><tpx1:hr>121</tpx1:hr><tpx1:cad>100</tpx1:cad></tpx1:TrackPointExtension></extensions></trkpt><trkpt lat="39.045231" lon="-105.080795"><time>2024-08-09T19:38:38.000Z</time><ele>2488.8</ele><extensions><power>184</power><tpx1:TrackPointExtension><tpx1:atemp>18</tpx1:atemp><tpx1:hr>121</tpx1:hr><tpx1:cad>99</tpx1:cad></tpx1:TrackPointExtension></extensions></trkpt><trkpt lat="39.045357" lon="-105.080841"><time>2024-08-09T19:38:39.000Z</time><ele>2488.8</ele><extensions><power>181</power><tpx1:TrackPointExtension><tpx1:atemp>18</tpx1:atemp><tpx1:hr>121</tpx1:hr><tpx1:cad>100</tpx1:cad></tpx1:TrackPointExtension></extensions></trkpt><trkpt lat="39.045486" lon="-105.080887"><time>2024-08-09T19:38:40.000Z</time><ele>2488.6</ele><extensions><power>186</power><tpx1:TrackPointExtension><tpx1:atemp>18</tpx1:atemp><tpx1:hr>121</tpx1:hr><tpx1:cad>98</tpx1:cad></tpx1:TrackPointExtension></extensions></trkpt><trkpt lat="39.04562" lon="-105.080933"><time>2024-08-09T19:38:41.000Z</time><ele>2488.6</ele><extensions><power>220</power><tpx1:TrackPointExtension><tpx1:atemp>18</tpx1:atemp><tpx1:hr>122</tpx1:hr><tpx1:cad>95</tpx1:cad></tpx1:TrackPointExtension></extensions></trkpt><trkpt lat="39.04575" lon="-105.080971"><time>2024-08-09T19:38:42.000Z</time><ele>2488.6</ele><extensions><power>228</power><tpx1:TrackPointExtension><tpx1:atemp>18</tpx1:atemp><tpx1:hr>122</tpx1:hr><tpx1:cad>96</tpx1:cad></tpx1:TrackPointExtension></extensions></trkpt><trkpt lat="39.045883" lon="-105.081016"><time>2024-08-09T19:38:43.000Z</time><ele>2488.4</ele><extensions><power>218</power><tpx1:TrackPointExtension><tpx1:atemp>18</tpx1:atemp><tpx1:hr>123</tpx1:hr><tpx1:cad>94</tpx1:cad></tpx1:TrackPointExtension></extensions></trkpt><trkpt lat="39.046013" lon="-105.081062"><time>2024-08-09T19:38:44.000Z</time><ele>2488.2</ele><extensions><power>207</power><tpx1:TrackPointExtension><tpx1:atemp>18</tpx1:atemp><tpx1:hr>123</tpx1:hr><tpx1:cad>93</tpx1:cad></tpx1:TrackPointExtension></extensions></trkpt><trkpt lat="39.046135" lon="-105.081108"><time>2024-08-09T19:38:45.000Z</time><ele>2488.4</ele><extensions><power>201</power><tpx1:TrackPointExtension><tpx1:atemp>18</tpx1:atemp><tpx1:hr>123</tpx1:hr><tpx1:cad>90</tpx1:cad></tpx1:TrackPointExtension></extensions></trkpt><trkpt lat="39.046261" lon="-105.081146"><time>2024-08-09T19:38:46.000Z</time><ele>2488.6</ele><extensions><power>202</power><tpx1:TrackPointExtension><tpx1:atemp>18</tpx1:atemp><tpx1:hr>123</tpx1:hr><tpx1:cad>90</tpx1:cad></tpx1:TrackPointExtension></extensions></trkpt><trkpt lat="39.046379" lon="-105.081184"><time>2024-08-09T19:38:47.000Z</time><ele>2488.8</ele><extensions><power>249</power><tpx1:TrackPointExtension><tpx1:atemp>18</tpx1:atemp><tpx1:hr>124</tpx1:hr><tpx1:cad>87</tpx1:cad></tpx1:TrackPointExtension></extensions></trkpt><trkpt lat="39.04649" lon="-105.08123"><time>2024-08-09T19:38:48.000Z</time><ele>2489.2</ele><extensions><power>243</power><tpx1:TrackPointExtension><tpx1:atemp>18</tpx1:atemp><tpx1:hr>126</tpx1:hr><tpx1:cad>86</tpx1:cad></tpx1:TrackPointExtension></extensions></trkpt><trkpt lat="39.046593" lon="-105.081261"><time>2024-08-09T19:38:49.000Z</time><ele>2489.6</ele><extensions><power>186</power><tpx1:TrackPointExtension><tpx1:atemp>18</tpx1:atemp><tpx1:hr>127</tpx1:hr><tpx1:cad>91</tpx1:cad></tpx1:TrackPointExtension></extensions></trkpt><trkpt lat="39.046696" lon="-105.081291"><time>2024-08-09T19:38:50.000Z</time><ele>2490</ele><extensions><power>213</power><tpx1:TrackPointExtension><tpx1:atemp>18</tpx1:atemp><tpx1:hr>128</tpx1:hr><tpx1:cad>85</tpx1:cad></tpx1:TrackPointExtension></extensions></trkpt><trkpt lat="39.046799" lon="-105.081322"><time>2024-08-09T19:38:51.000Z</time><ele>2490.4</ele><extensions><power>246</power><tpx1:TrackPointExtension><tpx1:atemp>18</tpx1:atemp><tpx1:hr>129</tpx1:hr><tpx1:cad>83</tpx1:cad></tpx1:TrackPointExtension></extensions></trkpt><trkpt lat="39.046898" lon="-105.081337"><time>2024-08-09T19:38:52.000Z</time><ele>2491</ele><extensions><power>258</power><tpx1:TrackPointExtension><tpx1:atemp>18</tpx1:atemp><tpx1:hr>129</tpx1:hr><tpx1:cad>81</tpx1:cad></tpx1:TrackPointExtension></extensions></trkpt><trkpt lat="39.046993" lon="-105.08136"><time>2024-08-09T19:38:53.000Z</time><ele>2491.4</ele><extensions><power>260</power><tpx1:TrackPointExtension><tpx1:atemp>18</tpx1:atemp><tpx1:hr>129</tpx1:hr><tpx1:cad>78</tpx1:cad></tpx1:TrackPointExtension></extensions></trkpt><trkpt lat="39.047085" lon="-105.08139"><time>2024-08-09T19:38:54.000Z</time><ele>2492</ele><extensions><power>255</power><tpx1:TrackPointExtension><tpx1:atemp>18</tpx1:atemp><tpx1:hr>129</tpx1:hr><tpx1:cad>75</tpx1:cad></tpx1:TrackPointExtension></extensions></trkpt><trkpt lat="39.047169" lon="-105.081428"><time>2024-08-09T19:38:55.000Z</time><ele>2492.4</ele><extensions><power>245</power><tpx1:TrackPointExtension><tpx1:atemp>18</tpx1:atemp><tpx1:hr>129</tpx1:hr><tpx1:cad>70</tpx1:cad></tpx1:TrackPointExtension></extensions></trkpt><trkpt lat="39.047253" lon="-105.081451"><time>2024-08-09T19:38:56.000Z</time><ele>2492.8</ele><extensions><power>262</power><tpx1:TrackPointExtension><tpx1:atemp>18</tpx1:atemp><tpx1:hr>129</tpx1:hr><tpx1:cad>80</tpx1:cad></tpx1:TrackPointExtension></extensions></trkpt><trkpt lat="39.047333" lon="-105.081482"><time>2024-08-09T19:38:57.000Z</time><ele>2493.4</ele><extensions><power>277</power><tpx1:TrackPointExtension><tpx1:atemp>18</tpx1:atemp><tpx1:hr>129</tpx1:hr><tpx1:cad>89</tpx1:cad></tpx1:TrackPointExtension></extensions></trkpt><trkpt lat="39.047409" lon="-105.081512"><time>2024-08-09T19:38:58.000Z</time><ele>2493.8</ele><extensions><power>252</power><tpx1:TrackPointExtension><tpx1:atemp>18</tpx1:atemp><tpx1:hr>129</tpx1:hr><tpx1:cad>85</tpx1:cad></tpx1:TrackPointExtension></extensions></trkpt><trkpt lat="39.047481" lon="-105.081543"><time>2024-08-09T19:38:59.000Z</time><ele>2494.2</ele><extensions><power>233</power><tpx1:TrackPointExtension><tpx1:atemp>18</tpx1:atemp><tpx1:hr>129</tpx1:hr><tpx1:cad>81</tpx1:cad></tpx1:TrackPointExtension></extensions></trkpt><trkpt lat="39.047558" lon="-105.081566"><time>2024-08-09T19:39:00.000Z</time><ele>2494.8</ele><extensions><power>210</power><tpx1:TrackPointExtension><tpx1:atemp>18</tpx1:atemp><tpx1:hr>129</tpx1:hr><tpx1:cad>79</tpx1:cad></tpx1:TrackPointExtension></extensions></trkpt><trkpt lat="39.04763" lon="-105.081589"><time>2024-08-09T19:39:01.000Z</time><ele>2495.2</ele><extensions><power>218</power><tpx1:TrackPointExtension><tpx1:atemp>18</tpx1:atemp><tpx1:hr>130</tpx1:hr><tpx1:cad>86</tpx1:cad></tpx1:TrackPointExtension></extensions></trkpt><trkpt lat="39.047695" lon="-105.081612"><time>2024-08-09T19:39:02.000Z</time><ele>2495.6</ele><extensions><power>241</power><tpx1:TrackPointExtension><tpx1:atemp>18</tpx1:atemp><tpx1:hr>130</tpx1:hr><tpx1:cad>82</tpx1:cad></tpx1:TrackPointExtension></extensions></trkpt><trkpt lat="39.04776" lon="-105.081634"><time>2024-08-09T19:39:03.000Z</time><ele>2496</ele><extensions><power>262</power><tpx1:TrackPointExtension><tpx1:atemp>18</tpx1:atemp><tpx1:hr>131</tpx1:hr><tpx1:cad>83</tpx1:cad></tpx1:TrackPointExtension></extensions></trkpt><trkpt lat="39.047821" lon="-105.081657"><time>2024-08-09T19:39:04.000Z</time><ele>2496.4</ele><extensions><power>269</power><tpx1:TrackPointExtension><tpx1:atemp>18</tpx1:atemp><tpx1:hr>131</tpx1:hr><tpx1:cad>87</tpx1:cad></tpx1:TrackPointExtension></extensions></trkpt><trkpt lat="39.04789" lon="-105.081673"><time>2024-08-09T19:39:05.000Z</time><ele>2496.8</ele><extensions><power>277</power><tpx1:TrackPointExtension><tpx1:atemp>18</tpx1:atemp><tpx1:hr>130</tpx1:hr><tpx1:cad>82</tpx1:cad></tpx1:TrackPointExtension></extensions></trkpt><trkpt lat="39.047955" lon="-105.081696"><time>2024-08-09T19:39:06.000Z</time><ele>2497</ele><extensions><power>278</power><tpx1:TrackPointExtension><tpx1:atemp>18</tpx1:atemp><tpx1:hr>129</tpx1:hr><tpx1:cad>90</tpx1:cad></tpx1:TrackPointExtension></extensions></trkpt><trkpt lat="39.048012" lon="-105.081718"><time>2024-08-09T19:39:07.000Z</time><ele>2497.2</ele><extensions><power>278</power><tpx1:TrackPointExtension><tpx1:atemp>18</tpx1:atemp><tpx1:hr>129</tpx1:hr><tpx1:cad>85</tpx1:cad></tpx1:TrackPointExtension></extensions></trkpt><trkpt lat="39.048073" lon="-105.081741"><time>2024-08-09T19:39:08.000Z</time><ele>2497.6</ele><extensions><power>270</power><tpx1:TrackPointExtension><tpx1:atemp>18</tpx1:atemp><tpx1:hr>128</tpx1:hr><tpx1:cad>85</tpx1:cad></tpx1:TrackPointExtension></extensions></trkpt><trkpt lat="39.048138" lon="-105.081764"><time>2024-08-09T19:39:09.000Z</time><ele>2497.8</ele><extensions><power>264</power><tpx1:TrackPointExtension><tpx1:atemp>18</tpx1:atemp><tpx1:hr>128</tpx1:hr><tpx1:cad>84</tpx1:cad></tpx1:TrackPointExtension></extensions></trkpt><trkpt lat="39.048203" lon="-105.081795"><time>2024-08-09T19:39:10.000Z</time><ele>2497.8</ele><extensions><power>270</power><tpx1:TrackPointExtension><tpx1:atemp>18</tpx1:atemp><tpx1:hr>128</tpx1:hr><tpx1:cad>85</tpx1:cad></tpx1:TrackPointExtension></extensions></trkpt><trkpt lat="39.048267" lon="-105.081818"><time>2024-08-09T19:39:11.000Z</time><ele>2498</ele><extensions><power>271</power><tpx1:TrackPointExtension><tpx1:atemp>18</tpx1:atemp><tpx1:hr>128</tpx1:hr><tpx1:cad>86</tpx1:cad></tpx1:TrackPointExtension></extensions></trkpt><trkpt lat="39.048332" lon="-105.08184"><time>2024-08-09T19:39:12.000Z</time><ele>2498.2</ele><extensions><power>267</power><tpx1:TrackPointExtension><tpx1:atemp>18</tpx1:atemp><tpx1:hr>128</tpx1:hr><tpx1:cad>88</tpx1:cad></tpx1:TrackPointExtension></extensions></trkpt><trkpt lat="39.048397" lon="-105.081863"><time>2024-08-09T19:39:13.000Z</time><ele>2498.2</ele><extensions><power>257</power><tpx1:TrackPointExtension><tpx1:atemp>18</tpx1:atemp><tpx1:hr>128</tpx1:hr><tpx1:cad>89</tpx1:cad></tpx1:TrackPointExtension></extensions></trkpt><trkpt lat="39.048462" lon="-105.081886"><time>2024-08-09T19:39:14.000Z</time><ele>2498.4</ele><extensions><power>196</power><tpx1:TrackPointExtension><tpx1:atemp>18</tpx1:atemp><tpx1:hr>129</tpx1:hr><tpx1:cad>89</tpx1:cad></tpx1:TrackPointExtension></extensions></trkpt><trkpt lat="39.048534" lon="-105.081909"><time>2024-08-09T19:39:15.000Z</time><ele>2498.4</ele><extensions><power>194</power><tpx1:TrackPointExtension><tpx1:atemp>18</tpx1:atemp><tpx1:hr>129</tpx1:hr><tpx1:cad>91</tpx1:cad></tpx1:TrackPointExtension></extensions></trkpt><trkpt lat="39.048599" lon="-105.08194"><time>2024-08-09T19:39:16.000Z</time><ele>2498.4</ele><extensions><power>201</power><tpx1:TrackPointExtension><tpx1:atemp>18</tpx1:atemp><tpx1:hr>129</tpx1:hr><tpx1:cad>92</tpx1:cad></tpx1:TrackPointExtension></extensions></trkpt><trkpt lat="39.048672" lon="-105.08197"><time>2024-08-09T19:39:17.000Z</time><ele>2498.4</ele><extensions><power>199</power><tpx1:TrackPointExtension><tpx1:atemp>18</tpx1:atemp><tpx1:hr>129</tpx1:hr><tpx1:cad>93</tpx1:cad></tpx1:TrackPointExtension></extensions></trkpt><trkpt lat="39.048744" lon="-105.082001"><time>2024-08-09T19:39:18.000Z</time><ele>2498.6</ele><extensions><power>178</power><tpx1:TrackPointExtension><tpx1:atemp>18</tpx1:atemp><tpx1:hr>129</tpx1:hr><tpx1:cad>95</tpx1:cad></tpx1:TrackPointExtension></extensions></trkpt><trkpt lat="39.048817" lon="-105.082024"><time>2024-08-09T19:39:19.000Z</time><ele>2498.4</ele><extensions><power>151</power><tpx1:TrackPointExtension><tpx1:atemp>18</tpx1:atemp><tpx1:hr>129</tpx1:hr><tpx1:cad>81</tpx1:cad></tpx1:TrackPointExtension></extensions></trkpt><trkpt lat="39.048889" lon="-105.082062"><time>2024-08-09T19:39:20.000Z</time><ele>2498.4</ele><extensions><power>142</power><tpx1:TrackPointExtension><tpx1:atemp>18</tpx1:atemp><tpx1:hr>129</tpx1:hr><tpx1:cad>77</tpx1:cad></tpx1:TrackPointExtension></extensions></trkpt><trkpt lat="39.048962" lon="-105.082092"><time>2024-08-09T19:39:21.000Z</time><ele>2498.2</ele><extensions><power>145</power><tpx1:TrackPointExtension><tpx1:atemp>18</tpx1:atemp><tpx1:hr>128</tpx1:hr><tpx1:cad>79</tpx1:cad></tpx1:TrackPointExtension></extensions></trkpt><trkpt lat="39.049038" lon="-105.082123"><time>2024-08-09T19:39:22.000Z</time><ele>2498.2</ele><extensions><power>160</power><tpx1:TrackPointExtension><tpx1:atemp>18</tpx1:atemp><tpx1:hr>127</tpx1:hr><tpx1:cad>80</tpx1:cad></tpx1:TrackPointExtension></extensions></trkpt><trkpt lat="39.04911" lon="-105.082153"><time>2024-08-09T19:39:23.000Z</time><ele>2498</ele><extensions><power>167</power><tpx1:TrackPointExtension><tpx1:atemp>18</tpx1:atemp><tpx1:hr>127</tpx1:hr><tpx1:cad>81</tpx1:cad></tpx1:TrackPointExtension></extensions></trkpt><trkpt lat="39.049183" lon="-105.082191"><time>2024-08-09T19:39:24.000Z</time><ele>2497.8</ele><extensions><power>169</power><tpx1:TrackPointExtension><tpx1:atemp>18</tpx1:atemp><tpx1:hr>126</tpx1:hr><tpx1:cad>82</tpx1:cad></tpx1:TrackPointExtension></extensions></trkpt><trkpt lat="39.049255" lon="-105.082237"><time>2024-08-09T19:39:25.000Z</time><ele>2497.6</ele><extensions><power>152</power><tpx1:TrackPointExtension><tpx1:atemp>18</tpx1:atemp><tpx1:hr>125</tpx1:hr><tpx1:cad>85</tpx1:cad></tpx1:TrackPointExtension></extensions></trkpt><trkpt lat="39.049335" lon="-105.082275"><time>2024-08-09T19:39:26.000Z</time><ele>2497.4</ele><extensions><power>154</power><tpx1:TrackPointExtension><tpx1:atemp>18</tpx1:atemp><tpx1:hr>125</tpx1:hr><tpx1:cad>88</tpx1:cad></tpx1:TrackPointExtension></extensions></trkpt><trkpt lat="39.049416" lon="-105.082321"><time>2024-08-09T19:39:27.000Z</time><ele>2497</ele><extensions><power>161</power><tpx1:TrackPointExtension><tpx1:atemp>18</tpx1:atemp><tpx1:hr>125</tpx1:hr><tpx1:cad>87</tpx1:cad></tpx1:TrackPointExtension></extensions></trkpt><trkpt lat="39.049496" lon="-105.082375"><time>2024-08-09T19:39:28.000Z</time><ele>2496.8</ele><extensions><power>170</power><tpx1:TrackPointExtension><tpx1:atemp>18</tpx1:atemp><tpx1:hr>125</tpx1:hr><tpx1:cad>90</tpx1:cad></tpx1:TrackPointExtension></extensions></trkpt><trkpt lat="39.049576" lon="-105.082428"><time>2024-08-09T19:39:29.000Z</time><ele>2496.4</ele><extensions><power>154</power><tpx1:TrackPointExtension><tpx1:atemp>18</tpx1:atemp><tpx1:hr>125</tpx1:hr><tpx1:cad>84</tpx1:cad></tpx1:TrackPointExtension></extensions></trkpt><trkpt lat="39.049667" lon="-105.082481"><time>2024-08-09T19:39:30.000Z</time><ele>2496</ele><extensions><power>148</power><tpx1:TrackPointExtension><tpx1:atemp>18</tpx1:atemp><tpx1:hr>125</tpx1:hr><tpx1:cad>86</tpx1:cad></tpx1:TrackPointExtension></extensions></trkpt><trkpt lat="39.049763" lon="-105.082535"><time>2024-08-09T19:39:31.000Z</time><ele>2495.6</ele><extensions><power>151</power><tpx1:TrackPointExtension><tpx1:atemp>18</tpx1:atemp><tpx1:hr>125</tpx1:hr><tpx1:cad>88</tpx1:cad></tpx1:TrackPointExtension></extensions></trkpt><trkpt lat="39.049858" lon="-105.082596"><time>2024-08-09T19:39:32.000Z</time><ele>2495</ele><extensions><power>146</power><tpx1:TrackPointExtension><tpx1:atemp>18</tpx1:atemp><tpx1:hr>126</tpx1:hr><tpx1:cad>89</tpx1:cad></tpx1:TrackPointExtension></extensions></trkpt><trkpt lat="39.049953" lon="-105.082657"><time>2024-08-09T19:39:33.000Z</time><ele>2494.4</ele><extensions><power>138</power><tpx1:TrackPointExtension><tpx1:atemp>18</tpx1:atemp><tpx1:hr>126</tpx1:hr><tpx1:cad>84</tpx1:cad></tpx1:TrackPointExtension></extensions></trkpt><trkpt lat="39.050049" lon="-105.082718"><time>2024-08-09T19:39:34.000Z</time><ele>2493.8</ele><extensions><power>135</power><tpx1:TrackPointExtension><tpx1:atemp>18</tpx1:atemp><tpx1:hr>126</tpx1:hr><tpx1:cad>81</tpx1:cad></tpx1:TrackPointExtension></extensions></trkpt><trkpt lat="39.050152" lon="-105.082802"><time>2024-08-09T19:39:35.000Z</time><ele>2493.2</ele><extensions><power>137</power><tpx1:TrackPointExtension><tpx1:atemp>18</tpx1:atemp><tpx1:hr>126</tpx1:hr><tpx1:cad>83</tpx1:cad></tpx1:TrackPointExtension></extensions></trkpt><trkpt lat="39.050251" lon="-105.082878"><time>2024-08-09T19:39:36.000Z</time><ele>2492.6</ele><extensions><power>143</power><tpx1:TrackPointExtension><tpx1:atemp>18</tpx1:atemp><tpx1:hr>125</tpx1:hr><tpx1:cad>85</tpx1:cad></tpx1:TrackPointExtension></extensions></trkpt><trkpt lat="39.050346" lon="-105.082954"><time>2024-08-09T19:39:37.000Z</time><ele>2492</ele><extensions><power>145</power><tpx1:TrackPointExtension><tpx1:atemp>18</tpx1:atemp><tpx1:hr>124</tpx1:hr><tpx1:cad>86</tpx1:cad></tpx1:TrackPointExtension></extensions></trkpt><trkpt lat="39.050442" lon="-105.083031"><time>2024-08-09T19:39:38.000Z</time><ele>2491.4</ele><extensions><power>146</power><tpx1:TrackPointExtension><tpx1:atemp>18</tpx1:atemp><tpx1:hr>123</tpx1:hr><tpx1:cad>88</tpx1:cad></tpx1:TrackPointExtension></extensions></trkpt><trkpt lat="39.050541" lon="-105.083107"><time>2024-08-09T19:39:39.000Z</time><ele>2490.8</ele><extensions><power>147</power><tpx1:TrackPointExtension><tpx1:atemp>18</tpx1:atemp><tpx1:hr>121</tpx1:hr><tpx1:cad>89</tpx1:cad></tpx1:TrackPointExtension></extensions></trkpt><trkpt lat="39.050644" lon="-105.083191"><time>2024-08-09T19:39:40.000Z</time><ele>2490.2</ele><extensions><power>149</power><tpx1:TrackPointExtension><tpx1:atemp>18</tpx1:atemp><tpx1:hr>121</tpx1:hr><tpx1:cad>90</tpx1:cad></tpx1:TrackPointExtension></extensions></trkpt><trkpt lat="39.050751" lon="-105.083275"><time>2024-08-09T19:39:41.000Z</time><ele>2489.4</ele><extensions><power>152</power><tpx1:TrackPointExtension><tpx1:atemp>18</tpx1:atemp><tpx1:hr>120</tpx1:hr><tpx1:cad>93</tpx1:cad></tpx1:TrackPointExtension></extensions></trkpt><trkpt lat="39.050854" lon="-105.083359"><time>2024-08-09T19:39:42.000Z</time><ele>2488.8</ele><extensions><power>156</power><tpx1:TrackPointExtension><tpx1:atemp>18</tpx1:atemp><tpx1:hr>119</tpx1:hr><tpx1:cad>95</tpx1:cad></tpx1:TrackPointExtension></extensions></trkpt><trkpt lat="39.05096" lon="-105.08345"><time>2024-08-09T19:39:43.000Z</time><ele>2488</ele><extensions><power>162</power><tpx1:TrackPointExtension><tpx1:atemp>18</tpx1:atemp><tpx1:hr>119</tpx1:hr><tpx1:cad>95</tpx1:cad></tpx1:TrackPointExtension></extensions></trkpt><trkpt lat="39.051063" lon="-105.083534"><time>2024-08-09T19:39:44.000Z</time><ele>2487.4</ele><extensions><power>165</power><tpx1:TrackPointExtension><tpx1:atemp>18</tpx1:atemp><tpx1:hr>118</tpx1:hr><tpx1:cad>97</tpx1:cad></tpx1:TrackPointExtension></extensions></trkpt><trkpt lat="39.051167" lon="-105.083618"><time>2024-08-09T19:39:45.000Z</time><ele>2486.8</ele><extensions><power>173</power><tpx1:TrackPointExtension><tpx1:atemp>18</tpx1:atemp><tpx1:hr>117</tpx1:hr><tpx1:cad>97</tpx1:cad></tpx1:TrackPointExtension></extensions></trkpt><trkpt lat="39.051273" lon="-105.08371"><time>2024-08-09T19:39:46.000Z</time><ele>2486</ele><extensions><power>179</power><tpx1:TrackPointExtension><tpx1:atemp>18</tpx1:atemp><tpx1:hr>117</tpx1:hr><tpx1:cad>94</tpx1:cad></tpx1:TrackPointExtension></extensions></trkpt><trkpt lat="39.051384" lon="-105.083801"><time>2024-08-09T19:39:47.000Z</time><ele>2485.2</ele><extensions><power>177</power><tpx1:TrackPointExtension><tpx1:atemp>18</tpx1:atemp><tpx1:hr>115</tpx1:hr><tpx1:cad>91</tpx1:cad></tpx1:TrackPointExtension></extensions></trkpt><trkpt lat="39.051491" lon="-105.083893"><time>2024-08-09T19:39:48.000Z</time><ele>2484.6</ele><extensions><power>168</power><tpx1:TrackPointExtension><tpx1:atemp>18</tpx1:atemp><tpx1:hr>115</tpx1:hr><tpx1:cad>92</tpx1:cad></tpx1:TrackPointExtension></extensions></trkpt><trkpt lat="39.051605" lon="-105.083992"><time>2024-08-09T19:39:49.000Z</time><ele>2483.8</ele><extensions><power>169</power><tpx1:TrackPointExtension><tpx1:atemp>18</tpx1:atemp><tpx1:hr>114</tpx1:hr><tpx1:cad>92</tpx1:cad></tpx1:TrackPointExtension></extensions></trkpt><trkpt lat="39.05172" lon="-105.084084"><time>2024-08-09T19:39:50.000Z</time><ele>2483.2</ele><extensions><power>172</power><tpx1:TrackPointExtension><tpx1:atemp>18</tpx1:atemp><tpx1:hr>115</tpx1:hr><tpx1:cad>93</tpx1:cad></tpx1:TrackPointExtension></extensions></trkpt><trkpt lat="39.051834" lon="-105.084175"><time>2024-08-09T19:39:51.000Z</time><ele>2482.4</ele><extensions><power>175</power><tpx1:TrackPointExtension><tpx1:atemp>18</tpx1:atemp><tpx1:hr>115</tpx1:hr><tpx1:cad>95</tpx1:cad></tpx1:TrackPointExtension></extensions></trkpt><trkpt lat="39.051949" lon="-105.084267"><time>2024-08-09T19:39:52.000Z</time><ele>2481.6</ele><extensions><power>178</power><tpx1:TrackPointExtension><tpx1:atemp>18</tpx1:atemp><tpx1:hr>116</tpx1:hr><tpx1:cad>95</tpx1:cad></tpx1:TrackPointExtension></extensions></trkpt><trkpt lat="39.052063" lon="-105.084358"><time>2024-08-09T19:39:53.000Z</time><ele>2480.8</ele><extensions><power>181</power><tpx1:TrackPointExtension><tpx1:atemp>18</tpx1:atemp><tpx1:hr>116</tpx1:hr><tpx1:cad>95</tpx1:cad></tpx1:TrackPointExtension></extensions></trkpt><trkpt lat="39.052181" lon="-105.084442"><time>2024-08-09T19:39:54.000Z</time><ele>2480.2</ele><extensions><power>189</power><tpx1:TrackPointExtension><tpx1:atemp>18</tpx1:atemp><tpx1:hr>116</tpx1:hr><tpx1:cad>96</tpx1:cad></tpx1:TrackPointExtension></extensions></trkpt><trkpt lat="39.052303" lon="-105.084526"><time>2024-08-09T19:39:55.000Z</time><ele>2479.6</ele><extensions><power>188</power><tpx1:TrackPointExtension><tpx1:atemp>18</tpx1:atemp><tpx1:hr>116</tpx1:hr><tpx1:cad>96</tpx1:cad></tpx1:TrackPointExtension></extensions></trkpt><trkpt lat="39.052429" lon="-105.08461"><time>2024-08-09T19:39:56.000Z</time><ele>2478.8</ele><extensions><power>186</power><tpx1:TrackPointExtension><tpx1:atemp>18</tpx1:atemp><tpx1:hr>115</tpx1:hr><tpx1:cad>96</tpx1:cad></tpx1:TrackPointExtension></extensions></trkpt><trkpt lat="39.052555" lon="-105.084694"><time>2024-08-09T19:39:57.000Z</time><ele>2478.2</ele><extensions><power>180</power><tpx1:TrackPointExtension><tpx1:atemp>18</tpx1:atemp><tpx1:hr>115</tpx1:hr><tpx1:cad>97</tpx1:cad></tpx1:TrackPointExtension></extensions></trkpt><trkpt lat="39.052681" lon="-105.08477"><time>2024-08-09T19:39:58.000Z</time><ele>2477.6</ele><extensions><power>178</power><tpx1:TrackPointExtension><tpx1:atemp>18</tpx1:atemp><tpx1:hr>116</tpx1:hr><tpx1:cad>98</tpx1:cad></tpx1:TrackPointExtension></extensions></trkpt><trkpt lat="39.052814" lon="-105.084854"><time>2024-08-09T19:39:59.000Z</time><ele>2477</ele><extensions><power>185</power><tpx1:TrackPointExtension><tpx1:atemp>18</tpx1:atemp><tpx1:hr>116</tpx1:hr><tpx1:cad>97</tpx1:cad></tpx1:TrackPointExtension></extensions></trkpt><trkpt lat="39.05294" lon="-105.08493"><time>2024-08-09T19:40:00.000Z</time><ele>2476.2</ele><extensions><power>192</power><tpx1:TrackPointExtension><tpx1:atemp>18</tpx1:atemp><tpx1:hr>116</tpx1:hr><tpx1:cad>97</tpx1:cad></tpx1:TrackPointExtension></extensions></trkpt><trkpt lat="39.053066" lon="-105.085007"><time>2024-08-09T19:40:01.000Z</time><ele>2475.4</ele><extensions><power>201</power><tpx1:TrackPointExtension><tpx1:atemp>18</tpx1:atemp><tpx1:hr>117</tpx1:hr><tpx1:cad>97</tpx1:cad></tpx1:TrackPointExtension></extensions></trkpt><trkpt lat="39.053192" lon="-105.085075"><time>2024-08-09T19:40:02.000Z</time><ele>2474.8</ele><extensions><power>202</power><tpx1:TrackPointExtension><tpx1:atemp>18</tpx1:atemp><tpx1:hr>116</tpx1:hr><tpx1:cad>97</tpx1:cad></tpx1:TrackPointExtension></extensions></trkpt><trkpt lat="39.053318" lon="-105.085144"><time>2024-08-09T19:40:03.000Z</time><ele>2474.2</ele><extensions><power>199</power><tpx1:TrackPointExtension><tpx1:atemp>18</tpx1:atemp><tpx1:hr>116</tpx1:hr><tpx1:cad>97</tpx1:cad></tpx1:TrackPointExtension></extensions></trkpt><trkpt lat="39.053444" lon="-105.085213"><time>2024-08-09T19:40:04.000Z</time><ele>2473.8</ele><extensions><power>197</power><tpx1:TrackPointExtension><tpx1:atemp>18</tpx1:atemp><tpx1:hr>116</tpx1:hr><tpx1:cad>96</tpx1:cad></tpx1:TrackPointExtension></extensions></trkpt><trkpt lat="39.05357" lon="-105.085281"><time>2024-08-09T19:40:05.000Z</time><ele>2473.2</ele><extensions><power>196</power><tpx1:TrackPointExtension><tpx1:atemp>18</tpx1:atemp><tpx1:hr>116</tpx1:hr><tpx1:cad>97</tpx1:cad></tpx1:TrackPointExtension></extensions></trkpt><trkpt lat="39.053699" lon="-105.08535"><time>2024-08-09T19:40:06.000Z</time><ele>2472.8</ele><extensions><power>201</power><tpx1:TrackPointExtension><tpx1:atemp>18</tpx1:atemp><tpx1:hr>116</tpx1:hr><tpx1:cad>96</tpx1:cad></tpx1:TrackPointExtension></extensions></trkpt><trkpt lat="39.053829" lon="-105.085419"><time>2024-08-09T19:40:07.000Z</time><ele>2472.2</ele><extensions><power>197</power><tpx1:TrackPointExtension><tpx1:atemp>18</tpx1:atemp><tpx1:hr>117</tpx1:hr><tpx1:cad>96</tpx1:cad></tpx1:TrackPointExtension></extensions></trkpt><trkpt lat="39.053959" lon="-105.085487"><time>2024-08-09T19:40:08.000Z</time><ele>2471.8</ele><extensions><power>200</power><tpx1:TrackPointExtension><tpx1:atemp>18</tpx1:atemp><tpx1:hr>118</tpx1:hr><tpx1:cad>96</tpx1:cad></tpx1:TrackPointExtension></extensions></trkpt><trkpt lat="39.054089" lon="-105.085564"><time>2024-08-09T19:40:09.000Z</time><ele>2471.2</ele><extensions><power>205</power><tpx1:TrackPointExtension><tpx1:atemp>18</tpx1:atemp><tpx1:hr>119</tpx1:hr><tpx1:cad>98</tpx1:cad></tpx1:TrackPointExtension></extensions></trkpt><trkpt lat="39.054218" lon="-105.085632"><time>2024-08-09T19:40:10.000Z</time><ele>2470.6</ele><extensions><power>204</power><tpx1:TrackPointExtension><tpx1:atemp>18</tpx1:atemp><tpx1:hr>119</tpx1:hr><tpx1:cad>97</tpx1:cad></tpx1:TrackPointExtension></extensions></trkpt><trkpt lat="39.054348" lon="-105.085701"><time>2024-08-09T19:40:11.000Z</time><ele>2469.8</ele><extensions><power>196</power><tpx1:TrackPointExtension><tpx1:atemp>18</tpx1:atemp><tpx1:hr>119</tpx1:hr><tpx1:cad>99</tpx1:cad></tpx1:TrackPointExtension></extensions></trkpt><trkpt lat="39.054481" lon="-105.085777"><time>2024-08-09T19:40:12.000Z</time><ele>2469.2</ele><extensions><power>193</power><tpx1:TrackPointExtension><tpx1:atemp>18</tpx1:atemp><tpx1:hr>119</tpx1:hr><tpx1:cad>98</tpx1:cad></tpx1:TrackPointExtension></extensions></trkpt><trkpt lat="39.054607" lon="-105.085846"><time>2024-08-09T19:40:13.000Z</time><ele>2468.8</ele><extensions><power>184</power><tpx1:TrackPointExtension><tpx1:atemp>18</tpx1:atemp><tpx1:hr>119</tpx1:hr><tpx1:cad>98</tpx1:cad></tpx1:TrackPointExtension></extensions></trkpt><trkpt lat="39.054729" lon="-105.085922"><time>2024-08-09T19:40:14.000Z</time><ele>2468.4</ele><extensions><power>189</power><tpx1:TrackPointExtension><tpx1:atemp>18</tpx1:atemp><tpx1:hr>118</tpx1:hr><tpx1:cad>97</tpx1:cad></tpx1:TrackPointExtension></extensions></trkpt><trkpt lat="39.054867" lon="-105.085991"><time>2024-08-09T19:40:15.000Z</time><ele>2468</ele><extensions><power>202</power><tpx1:TrackPointExtension><tpx1:atemp>18</tpx1:atemp><tpx1:hr>118</tpx1:hr><tpx1:cad>98</tpx1:cad></tpx1:TrackPointExtension></extensions></trkpt><trkpt lat="39.054993" lon="-105.086044"><time>2024-08-09T19:40:16.000Z</time><ele>2467.6</ele><extensions><power>212</power><tpx1:TrackPointExtension><tpx1:atemp>18</tpx1:atemp><tpx1:hr>118</tpx1:hr><tpx1:cad>98</tpx1:cad></tpx1:TrackPointExtension></extensions></trkpt><trkpt lat="39.055122" lon="-105.086121"><time>2024-08-09T19:40:17.000Z</time><ele>2467</ele><extensions><power>205</power><tpx1:TrackPointExtension><tpx1:atemp>18</tpx1:atemp><tpx1:hr>118</tpx1:hr><tpx1:cad>98</tpx1:cad></tpx1:TrackPointExtension></extensions></trkpt><trkpt lat="39.055244" lon="-105.086197"><time>2024-08-09T19:40:18.000Z</time><ele>2466.4</ele><extensions><power>195</power><tpx1:TrackPointExtension><tpx1:atemp>18</tpx1:atemp><tpx1:hr>118</tpx1:hr><tpx1:cad>98</tpx1:cad></tpx1:TrackPointExtension></extensions></trkpt><trkpt lat="39.055367" lon="-105.086273"><time>2024-08-09T19:40:19.000Z</time><ele>2466</ele><extensions><power>194</power><tpx1:TrackPointExtension><tpx1:atemp>18</tpx1:atemp><tpx1:hr>118</tpx1:hr><tpx1:cad>97</tpx1:cad></tpx1:TrackPointExtension></extensions></trkpt><trkpt lat="39.055489" lon="-105.086357"><time>2024-08-09T19:40:20.000Z</time><ele>2465.2</ele><extensions><power>197</power><tpx1:TrackPointExtension><tpx1:atemp>18</tpx1:atemp><tpx1:hr>118</tpx1:hr><tpx1:cad>98</tpx1:cad></tpx1:TrackPointExtension></extensions></trkpt><trkpt lat="39.055614" lon="-105.086456"><time>2024-08-09T19:40:21.000Z</time><ele>2464.6</ele><extensions><power>199</power><tpx1:TrackPointExtension><tpx1:atemp>18</tpx1:atemp><tpx1:hr>119</tpx1:hr><tpx1:cad>98</tpx1:cad></tpx1:TrackPointExtension></extensions></trkpt><trkpt lat="39.055733" lon="-105.086555"><time>2024-08-09T19:40:22.000Z</time><ele>2464</ele><extensions><power>200</power><tpx1:TrackPointExtension><tpx1:atemp>18</tpx1:atemp><tpx1:hr>119</tpx1:hr><tpx1:cad>97</tpx1:cad></tpx1:TrackPointExtension></extensions></trkpt><trkpt lat="39.055847" lon="-105.086662"><time>2024-08-09T19:40:23.000Z</time><ele>2463.4</ele><extensions><power>200</power><tpx1:TrackPointExtension><tpx1:atemp>18</tpx1:atemp><tpx1:hr>120</tpx1:hr><tpx1:cad>97</tpx1:cad></tpx1:TrackPointExtension></extensions></trkpt><trkpt lat="39.055954" lon="-105.086761"><time>2024-08-09T19:40:24.000Z</time><ele>2462.8</ele><extensions><power>216</power><tpx1:TrackPointExtension><tpx1:atemp>18</tpx1:atemp><tpx1:hr>120</tpx1:hr><tpx1:cad>97</tpx1:cad></tpx1:TrackPointExtension></extensions></trkpt><trkpt lat="39.056061" lon="-105.086868"><time>2024-08-09T19:40:25.000Z</time><ele>2462.2</ele><extensions><power>234</power><tpx1:TrackPointExtension><tpx1:atemp>18</tpx1:atemp><tpx1:hr>120</tpx1:hr><tpx1:cad>96</tpx1:cad></tpx1:TrackPointExtension></extensions></trkpt><trkpt lat="39.05616" lon="-105.08699"><time>2024-08-09T19:40:26.000Z</time><ele>2461.8</ele><extensions><power>242</power><tpx1:TrackPointExtension><tpx1:atemp>18</tpx1:atemp><tpx1:hr>121</tpx1:hr><tpx1:cad>97</tpx1:cad></tpx1:TrackPointExtension></extensions></trkpt><trkpt lat="39.056259" lon="-105.08712"><time>2024-08-09T19:40:27.000Z</time><ele>2461.2</ele><extensions><power>222</power><tpx1:TrackPointExtension><tpx1:atemp>18</tpx1:atemp><tpx1:hr>121</tpx1:hr><tpx1:cad>97</tpx1:cad></tpx1:TrackPointExtension></extensions></trkpt><trkpt lat="39.056351" lon="-105.087242"><time>2024-08-09T19:40:28.000Z</time><ele>2460.6</ele><extensions><power>202</power><tpx1:TrackPointExtension><tpx1:atemp>18</tpx1:atemp><tpx1:hr>122</tpx1:hr><tpx1:cad>96</tpx1:cad></tpx1:TrackPointExtension></extensions></trkpt><trkpt lat="39.056438" lon="-105.087364"><time>2024-08-09T19:40:29.000Z</time><ele>2460.2</ele><extensions><power>207</power><tpx1:TrackPointExtension><tpx1:atemp>18</tpx1:atemp><tpx1:hr>122</tpx1:hr><tpx1:cad>97</tpx1:cad></tpx1:TrackPointExtension></extensions></trkpt><trkpt lat="39.056515" lon="-105.087501"><time>2024-08-09T19:40:30.000Z</time><ele>2459.4</ele><extensions><power>208</power><tpx1:TrackPointExtension><tpx1:atemp>18</tpx1:atemp><tpx1:hr>122</tpx1:hr><tpx1:cad>97</tpx1:cad></tpx1:TrackPointExtension></extensions></trkpt><trkpt lat="39.056599" lon="-105.087639"><time>2024-08-09T19:40:31.000Z</time><ele>2458.8</ele><extensions><power>195</power><tpx1:TrackPointExtension><tpx1:atemp>18</tpx1:atemp><tpx1:hr>122</tpx1:hr><tpx1:cad>97</tpx1:cad></tpx1:TrackPointExtension></extensions></trkpt><trkpt lat="39.056686" lon="-105.087784"><time>2024-08-09T19:40:32.000Z</time><ele>2458</ele><extensions><power>189</power><tpx1:TrackPointExtension><tpx1:atemp>18</tpx1:atemp><tpx1:hr>122</tpx1:hr><tpx1:cad>97</tpx1:cad></tpx1:TrackPointExtension></extensions></trkpt><trkpt lat="39.056763" lon="-105.087929"><time>2024-08-09T19:40:33.000Z</time><ele>2457.8</ele><extensions><power>192</power><tpx1:TrackPointExtension><tpx1:atemp>18</tpx1:atemp><tpx1:hr>122</tpx1:hr><tpx1:cad>95</tpx1:cad></tpx1:TrackPointExtension></extensions></trkpt><trkpt lat="39.056839" lon="-105.088074"><time>2024-08-09T19:40:34.000Z</time><ele>2457.2</ele><extensions><power>200</power><tpx1:TrackPointExtension><tpx1:atemp>18</tpx1:atemp><tpx1:hr>122</tpx1:hr><tpx1:cad>97</tpx1:cad></tpx1:TrackPointExtension></extensions></trkpt><trkpt lat="39.056919" lon="-105.088234"><time>2024-08-09T19:40:35.000Z</time><ele>2456.6</ele><extensions><power>198</power><tpx1:TrackPointExtension><tpx1:atemp>18</tpx1:atemp><tpx1:hr>121</tpx1:hr><tpx1:cad>97</tpx1:cad></tpx1:TrackPointExtension></extensions></trkpt><trkpt lat="39.056992" lon="-105.088402"><time>2024-08-09T19:40:36.000Z</time><ele>2456</ele><extensions><power>199</power><tpx1:TrackPointExtension><tpx1:atemp>18</tpx1:atemp><tpx1:hr>121</tpx1:hr><tpx1:cad>97</tpx1:cad></tpx1:TrackPointExtension></extensions></trkpt><trkpt lat="39.057056" lon="-105.088577"><time>2024-08-09T19:40:37.000Z</time><ele>2455.2</ele><extensions><power>206</power><tpx1:TrackPointExtension><tpx1:atemp>18</tpx1:atemp><tpx1:hr>121</tpx1:hr><tpx1:cad>97</tpx1:cad></tpx1:TrackPointExtension></extensions></trkpt><trkpt lat="39.057117" lon="-105.088745"><time>2024-08-09T19:40:38.000Z</time><ele>2454.6</ele><extensions><power>207</power><tpx1:TrackPointExtension><tpx1:atemp>18</tpx1:atemp><tpx1:hr>121</tpx1:hr><tpx1:cad>99</tpx1:cad></tpx1:TrackPointExtension></extensions></trkpt><trkpt lat="39.057179" lon="-105.088913"><time>2024-08-09T19:40:39.000Z</time><ele>2453.8</ele><extensions><power>198</power><tpx1:TrackPointExtension><tpx1:atemp>18</tpx1:atemp><tpx1:hr>121</tpx1:hr><tpx1:cad>99</tpx1:cad></tpx1:TrackPointExtension></extensions></trkpt><trkpt lat="39.05724" lon="-105.089081"><time>2024-08-09T19:40:40.000Z</time><ele>2453</ele><extensions><power>191</power><tpx1:TrackPointExtension><tpx1:atemp>18</tpx1:atemp><tpx1:hr>122</tpx1:hr><tpx1:cad>100</tpx1:cad></tpx1:TrackPointExtension></extensions></trkpt><trkpt lat="39.057308" lon="-105.089249"><time>2024-08-09T19:40:41.000Z</time><ele>2452.2</ele><extensions><power>288</power><tpx1:TrackPointExtension><tpx1:atemp>18</tpx1:atemp><tpx1:hr>122</tpx1:hr><tpx1:cad>101</tpx1:cad></tpx1:TrackPointExtension></extensions></trkpt><trkpt lat="39.057377" lon="-105.089416"><time>2024-08-09T19:40:42.000Z</time><ele>2451.4</ele><extensions><power>277</power><tpx1:TrackPointExtension><tpx1:atemp>18</tpx1:atemp><tpx1:hr>122</tpx1:hr><tpx1:cad>102</tpx1:cad></tpx1:TrackPointExtension></extensions></trkpt><trkpt lat="39.057438" lon="-105.089584"><time>2024-08-09T19:40:43.000Z</time><ele>2450.4</ele><extensions><power>250</power><tpx1:TrackPointExtension><tpx1:atemp>18</tpx1:atemp><tpx1:hr>123</tpx1:hr><tpx1:cad>102</tpx1:cad></tpx1:TrackPointExtension></extensions></trkpt><trkpt lat="39.057499" lon="-105.08976"><time>2024-08-09T19:40:44.000Z</time><ele>2449.6</ele><extensions><power>188</power><tpx1:TrackPointExtension><tpx1:atemp>18</tpx1:atemp><tpx1:hr>123</tpx1:hr><tpx1:cad>104</tpx1:cad></tpx1:TrackPointExtension></extensions></trkpt><trkpt lat="39.057568" lon="-105.089935"><time>2024-08-09T19:40:45.000Z</time><ele>2448.8</ele><extensions><power>195</power><tpx1:TrackPointExtension><tpx1:atemp>18</tpx1:atemp><tpx1:hr>123</tpx1:hr><tpx1:cad>103</tpx1:cad></tpx1:TrackPointExtension></extensions></trkpt><trkpt lat="39.057632" lon="-105.090111"><time>2024-08-09T19:40:46.000Z</time><ele>2448</ele><extensions><power>197</power><tpx1:TrackPointExtension><tpx1:atemp>18</tpx1:atemp><tpx1:hr>123</tpx1:hr><tpx1:cad>106</tpx1:cad></tpx1:TrackPointExtension></extensions></trkpt><trkpt lat="39.057701" lon="-105.090286"><time>2024-08-09T19:40:47.000Z</time><ele>2447</ele><extensions><power>194</power><tpx1:TrackPointExtension><tpx1:atemp>18</tpx1:atemp><tpx1:hr>123</tpx1:hr><tpx1:cad>105</tpx1:cad></tpx1:TrackPointExtension></extensions></trkpt><trkpt lat="39.05777" lon="-105.090454"><time>2024-08-09T19:40:48.000Z</time><ele>2446.2</ele><extensions><power>195</power><tpx1:TrackPointExtension><tpx1:atemp>18</tpx1:atemp><tpx1:hr>122</tpx1:hr><tpx1:cad>106</tpx1:cad></tpx1:TrackPointExtension></extensions></trkpt><trkpt lat="39.057842" lon="-105.09063"><time>2024-08-09T19:40:49.000Z</time><ele>2445.2</ele><extensions><power>178</power><tpx1:TrackPointExtension><tpx1:atemp>18</tpx1:atemp><tpx1:hr>122</tpx1:hr><tpx1:cad>89</tpx1:cad></tpx1:TrackPointExtension></extensions></trkpt><trkpt lat="39.057926" lon="-105.09079"><time>2024-08-09T19:40:50.000Z</time><ele>2444</ele><extensions><power>149</power><tpx1:TrackPointExtension><tpx1:atemp>18</tpx1:atemp><tpx1:hr>123</tpx1:hr><tpx1:cad>63</tpx1:cad></tpx1:TrackPointExtension></extensions></trkpt><trkpt lat="39.058025" lon="-105.090942"><time>2024-08-09T19:40:51.000Z</time><ele>2442.8</ele><extensions><power>120</power><tpx1:TrackPointExtension><tpx1:atemp>18</tpx1:atemp><tpx1:hr>123</tpx1:hr><tpx1:cad>37</tpx1:cad></tpx1:TrackPointExtension></extensions></trkpt><trkpt lat="39.058128" lon="-105.091095"><time>2024-08-09T19:40:52.000Z</time><ele>2441.8</ele><extensions><power>91</power><tpx1:TrackPointExtension><tpx1:atemp>18</tpx1:atemp><tpx1:hr>123</tpx1:hr><tpx1:cad>10</tpx1:cad></tpx1:TrackPointExtension></extensions></trkpt><trkpt lat="39.058231" lon="-105.09124"><time>2024-08-09T19:40:53.000Z</time><ele>2440.4</ele><extensions><power>0</power><tpx1:TrackPointExtension><tpx1:atemp>18</tpx1:atemp><tpx1:hr>123</tpx1:hr><tpx1:cad>0</tpx1:cad></tpx1:TrackPointExtension></extensions></trkpt><trkpt lat="39.058346" lon="-105.091385"><time>2024-08-09T19:40:54.000Z</time><ele>2439.2</ele><extensions><power>0</power><tpx1:TrackPointExtension><tpx1:atemp>18</tpx1:atemp><tpx1:hr>122</tpx1:hr><tpx1:cad>0</tpx1:cad></tpx1:TrackPointExtension></extensions></trkpt><trkpt lat="39.058479" lon="-105.091522"><time>2024-08-09T19:40:55.000Z</time><ele>2437.8</ele><extensions><power>0</power><tpx1:TrackPointExtension><tpx1:atemp>18</tpx1:atemp><tpx1:hr>122</tpx1:hr><tpx1:cad>0</tpx1:cad></tpx1:TrackPointExtension></extensions></trkpt><trkpt lat="39.058613" lon="-105.091644"><time>2024-08-09T19:40:56.000Z</time><ele>2436.4</ele><extensions><power>0</power><tpx1:TrackPointExtension><tpx1:atemp>18</tpx1:atemp><tpx1:hr>120</tpx1:hr><tpx1:cad>0</tpx1:cad></tpx1:TrackPointExtension></extensions></trkpt><trkpt lat="39.058746" lon="-105.091759"><time>2024-08-09T19:40:57.000Z</time><ele>2435</ele><extensions><power>0</power><tpx1:TrackPointExtension><tpx1:atemp>18</tpx1:atemp><tpx1:hr>118</tpx1:hr><tpx1:cad>0</tpx1:cad></tpx1:TrackPointExtension></extensions></trkpt><trkpt lat="39.058888" lon="-105.09185"><time>2024-08-09T19:40:58.000Z</time><ele>2433.6</ele><extensions><power>0</power><tpx1:TrackPointExtension><tpx1:atemp>18</tpx1:atemp><tpx1:hr>116</tpx1:hr><tpx1:cad>0</tpx1:cad></tpx1:TrackPointExtension></extensions></trkpt><trkpt lat="39.059029" lon="-105.091927"><time>2024-08-09T19:40:59.000Z</time><ele>2432</ele><extensions><power>0</power><tpx1:TrackPointExtension><tpx1:atemp>18</tpx1:atemp><tpx1:hr>113</tpx1:hr><tpx1:cad>0</tpx1:cad></tpx1:TrackPointExtension></extensions></trkpt><trkpt lat="39.059181" lon="-105.092003"><time>2024-08-09T19:41:00.000Z</time><ele>2431.4</ele><extensions><power>0</power><tpx1:TrackPointExtension><tpx1:atemp>18</tpx1:atemp><tpx1:hr>111</tpx1:hr><tpx1:cad>0</tpx1:cad></tpx1:TrackPointExtension></extensions></trkpt><trkpt lat="39.059338" lon="-105.092071"><time>2024-08-09T19:41:01.000Z</time><ele>2430.8</ele><extensions><power>43</power><tpx1:TrackPointExtension><tpx1:atemp>18</tpx1:atemp><tpx1:hr>110</tpx1:hr><tpx1:cad>87</tpx1:cad></tpx1:TrackPointExtension></extensions></trkpt><trkpt lat="39.059502" lon="-105.092132"><time>2024-08-09T19:41:02.000Z</time><ele>2429.8</ele><extensions><power>264</power><tpx1:TrackPointExtension><tpx1:atemp>18</tpx1:atemp><tpx1:hr>109</tpx1:hr><tpx1:cad>111</tpx1:cad></tpx1:TrackPointExtension></extensions></trkpt><trkpt lat="39.059673" lon="-105.092186"><time>2024-08-09T19:41:03.000Z</time><ele>2429</ele><extensions><power>225</power><tpx1:TrackPointExtension><tpx1:atemp>18</tpx1:atemp><tpx1:hr>108</tpx1:hr><tpx1:cad>80</tpx1:cad></tpx1:TrackPointExtension></extensions></trkpt><trkpt lat="39.059837" lon="-105.092216"><time>2024-08-09T19:41:04.000Z</time><ele>2428.4</ele><extensions><power>145</power><tpx1:TrackPointExtension><tpx1:atemp>18</tpx1:atemp><tpx1:hr>108</tpx1:hr><tpx1:cad>46</tpx1:cad></tpx1:TrackPointExtension></extensions></trkpt><trkpt lat="39.060005" lon="-105.092224"><time>2024-08-09T19:41:05.000Z</time><ele>2427.8</ele><extensions><power>64</power><tpx1:TrackPointExtension><tpx1:atemp>18</tpx1:atemp><tpx1:hr>109</tpx1:hr><tpx1:cad>13</tpx1:cad></tpx1:TrackPointExtension></extensions></trkpt><trkpt lat="39.060165" lon="-105.092224"><time>2024-08-09T19:41:06.000Z</time><ele>2427.6</ele><extensions><power>0</power><tpx1:TrackPointExtension><tpx1:atemp>18</tpx1:atemp><tpx1:hr>109</tpx1:hr><tpx1:cad>0</tpx1:cad></tpx1:TrackPointExtension></extensions></trkpt><trkpt lat="39.06031" lon="-105.092224"><time>2024-08-09T19:41:07.000Z</time><ele>2427.6</ele><extensions><power>0</power><tpx1:TrackPointExtension><tpx1:atemp>18</tpx1:atemp><tpx1:hr>109</tpx1:hr><tpx1:cad>0</tpx1:cad></tpx1:TrackPointExtension></extensions></trkpt><trkpt lat="39.060455" lon="-105.092209"><time>2024-08-09T19:41:08.000Z</time><ele>2427.8</ele><extensions><power>23</power><tpx1:TrackPointExtension><tpx1:atemp>18</tpx1:atemp><tpx1:hr>110</tpx1:hr><tpx1:cad>32</tpx1:cad></tpx1:TrackPointExtension></extensions></trkpt><trkpt lat="39.0606" lon="-105.092201"><time>2024-08-09T19:41:09.000Z</time><ele>2428</ele><extensions><power>105</power><tpx1:TrackPointExtension><tpx1:atemp>18</tpx1:atemp><tpx1:hr>110</tpx1:hr><tpx1:cad>107</tpx1:cad></tpx1:TrackPointExtension></extensions></trkpt><trkpt lat="39.060745" lon="-105.092209"><time>2024-08-09T19:41:10.000Z</time><ele>2428.2</ele><extensions><power>174</power><tpx1:TrackPointExtension><tpx1:atemp>18</tpx1:atemp><tpx1:hr>110</tpx1:hr><tpx1:cad>102</tpx1:cad></tpx1:TrackPointExtension></extensions></trkpt><trkpt lat="39.060886" lon="-105.092201"><time>2024-08-09T19:41:11.000Z</time><ele>2428.4</ele><extensions><power>183</power><tpx1:TrackPointExtension><tpx1:atemp>18</tpx1:atemp><tpx1:hr>110</tpx1:hr><tpx1:cad>100</tpx1:cad></tpx1:TrackPointExtension></extensions></trkpt><trkpt lat="39.06102" lon="-105.092194"><time>2024-08-09T19:41:12.000Z</time><ele>2429</ele><extensions><power>182</power><tpx1:TrackPointExtension><tpx1:atemp>18</tpx1:atemp><tpx1:hr>110</tpx1:hr><tpx1:cad>97</tpx1:cad></tpx1:TrackPointExtension></extensions></trkpt><trkpt lat="39.061153" lon="-105.092178"><time>2024-08-09T19:41:13.000Z</time><ele>2429.4</ele><extensions><power>185</power><tpx1:TrackPointExtension><tpx1:atemp>18</tpx1:atemp><tpx1:hr>110</tpx1:hr><tpx1:cad>95</tpx1:cad></tpx1:TrackPointExtension></extensions></trkpt><trkpt lat="39.061275" lon="-105.092171"><time>2024-08-09T19:41:14.000Z</time><ele>2429.8</ele><extensions><power>189</power><tpx1:TrackPointExtension><tpx1:atemp>18</tpx1:atemp><tpx1:hr>111</tpx1:hr><tpx1:cad>93</tpx1:cad></tpx1:TrackPointExtension></extensions></trkpt><trkpt lat="39.061401" lon="-105.092171"><time>2024-08-09T19:41:15.000Z</time><ele>2430.4</ele><extensions><power>232</power><tpx1:TrackPointExtension><tpx1:atemp>18</tpx1:atemp><tpx1:hr>112</tpx1:hr><tpx1:cad>88</tpx1:cad></tpx1:TrackPointExtension></extensions></trkpt><trkpt lat="39.061527" lon="-105.092178"><time>2024-08-09T19:41:16.000Z</time><ele>2430.8</ele><extensions><power>246</power><tpx1:TrackPointExtension><tpx1:atemp>18</tpx1:atemp><tpx1:hr>113</tpx1:hr><tpx1:cad>87</tpx1:cad></tpx1:TrackPointExtension></extensions></trkpt><trkpt lat="39.061642" lon="-105.092171"><time>2024-08-09T19:41:17.000Z</time><ele>2431.4</ele><extensions><power>246</power><tpx1:TrackPointExtension><tpx1:atemp>18</tpx1:atemp><tpx1:hr>115</tpx1:hr><tpx1:cad>90</tpx1:cad></tpx1:TrackPointExtension></extensions></trkpt><trkpt lat="39.061748" lon="-105.092171"><time>2024-08-09T19:41:18.000Z</time><ele>2432</ele><extensions><power>234</power><tpx1:TrackPointExtension><tpx1:atemp>18</tpx1:atemp><tpx1:hr>116</tpx1:hr><tpx1:cad>91</tpx1:cad></tpx1:TrackPointExtension></extensions></trkpt><trkpt lat="39.061859" lon="-105.092171"><time>2024-08-09T19:41:19.000Z</time><ele>2432.4</ele><extensions><power>229</power><tpx1:TrackPointExtension><tpx1:atemp>18</tpx1:atemp><tpx1:hr>117</tpx1:hr><tpx1:cad>97</tpx1:cad></tpx1:TrackPointExtension></extensions></trkpt><trkpt lat="39.06197" lon="-105.092178"><time>2024-08-09T19:41:20.000Z</time><ele>2432.6</ele><extensions><power>206</power><tpx1:TrackPointExtension><tpx1:atemp>18</tpx1:atemp><tpx1:hr>118</tpx1:hr><tpx1:cad>97</tpx1:cad></tpx1:TrackPointExtension></extensions></trkpt><trkpt lat="39.062073" lon="-105.092186"><time>2024-08-09T19:41:21.000Z</time><ele>2432.6</ele><extensions><power>197</power><tpx1:TrackPointExtension><tpx1:atemp>18</tpx1:atemp><tpx1:hr>119</tpx1:hr><tpx1:cad>93</tpx1:cad></tpx1:TrackPointExtension></extensions></trkpt><trkpt lat="39.062172" lon="-105.092178"><time>2024-08-09T19:41:22.000Z</time><ele>2432.8</ele><extensions><power>201</power><tpx1:TrackPointExtension><tpx1:atemp>18</tpx1:atemp><tpx1:hr>119</tpx1:hr><tpx1:cad>91</tpx1:cad></tpx1:TrackPointExtension></extensions></trkpt><trkpt lat="39.062267" lon="-105.092178"><time>2024-08-09T19:41:23.000Z</time><ele>2432.8</ele><extensions><power>209</power><tpx1:TrackPointExtension><tpx1:atemp>18</tpx1:atemp><tpx1:hr>120</tpx1:hr><tpx1:cad>90</tpx1:cad></tpx1:TrackPointExtension></extensions></trkpt><trkpt lat="39.062359" lon="-105.092178"><time>2024-08-09T19:41:24.000Z</time><ele>2433</ele><extensions><power>219</power><tpx1:TrackPointExtension><tpx1:atemp>18</tpx1:atemp><tpx1:hr>120</tpx1:hr><tpx1:cad>88</tpx1:cad></tpx1:TrackPointExtension></extensions></trkpt><trkpt lat="39.062454" lon="-105.092171"><time>2024-08-09T19:41:25.000Z</time><ele>2433.2</ele><extensions><power>228</power><tpx1:TrackPointExtension><tpx1:atemp>18</tpx1:atemp><tpx1:hr>120</tpx1:hr><tpx1:cad>87</tpx1:cad></tpx1:TrackPointExtension></extensions></trkpt><trkpt lat="39.062553" lon="-105.092163"><time>2024-08-09T19:41:26.000Z</time><ele>2433.4</ele><extensions><power>263</power><tpx1:TrackPointExtension><tpx1:atemp>18</tpx1:atemp><tpx1:hr>120</tpx1:hr><tpx1:cad>86</tpx1:cad></tpx1:TrackPointExtension></extensions></trkpt><trkpt lat="39.062649" lon="-105.092155"><time>2024-08-09T19:41:27.000Z</time><ele>2433.4</ele><extensions><power>284</power><tpx1:TrackPointExtension><tpx1:atemp>18</tpx1:atemp><tpx1:hr>120</tpx1:hr><tpx1:cad>85</tpx1:cad></tpx1:TrackPointExtension></extensions></trkpt><trkpt lat="39.06274" lon="-105.092155"><time>2024-08-09T19:41:28.000Z</time><ele>2433.4</ele><extensions><power>260</power><tpx1:TrackPointExtension><tpx1:atemp>18</tpx1:atemp><tpx1:hr>120</tpx1:hr><tpx1:cad>85</tpx1:cad></tpx1:TrackPointExtension></extensions></trkpt><trkpt lat="39.062828" lon="-105.092163"><time>2024-08-09T19:41:29.000Z</time><ele>2433.4</ele><extensions><power>238</power><tpx1:TrackPointExtension><tpx1:atemp>18</tpx1:atemp><tpx1:hr>121</tpx1:hr><tpx1:cad>91</tpx1:cad></tpx1:TrackPointExtension></extensions></trkpt><trkpt lat="39.06292" lon="-105.092163"><time>2024-08-09T19:41:30.000Z</time><ele>2433.4</ele><extensions><power>217</power><tpx1:TrackPointExtension><tpx1:atemp>18</tpx1:atemp><tpx1:hr>121</tpx1:hr><tpx1:cad>96</tpx1:cad></tpx1:TrackPointExtension></extensions></trkpt><trkpt lat="39.063007" lon="-105.092148"><time>2024-08-09T19:41:31.000Z</time><ele>2433.2</ele><extensions><power>201</power><tpx1:TrackPointExtension><tpx1:atemp>18</tpx1:atemp><tpx1:hr>121</tpx1:hr><tpx1:cad>95</tpx1:cad></tpx1:TrackPointExtension></extensions></trkpt><trkpt lat="39.063099" lon="-105.09214"><time>2024-08-09T19:41:32.000Z</time><ele>2433.2</ele><extensions><power>195</power><tpx1:TrackPointExtension><tpx1:atemp>18</tpx1:atemp><tpx1:hr>122</tpx1:hr><tpx1:cad>95</tpx1:cad></tpx1:TrackPointExtension></extensions></trkpt><trkpt lat="39.063187" lon="-105.092132"><time>2024-08-09T19:41:33.000Z</time><ele>2432.8</ele><extensions><power>193</power><tpx1:TrackPointExtension><tpx1:atemp>18</tpx1:atemp><tpx1:hr>122</tpx1:hr><tpx1:cad>93</tpx1:cad></tpx1:TrackPointExtension></extensions></trkpt><trkpt lat="39.063282" lon="-105.092132"><time>2024-08-09T19:41:34.000Z</time><ele>2432.8</ele><extensions><power>187</power><tpx1:TrackPointExtension><tpx1:atemp>18</tpx1:atemp><tpx1:hr>121</tpx1:hr><tpx1:cad>84</tpx1:cad></tpx1:TrackPointExtension></extensions></trkpt><trkpt lat="39.063377" lon="-105.092132"><time>2024-08-09T19:41:35.000Z</time><ele>2432.8</ele><extensions><power>212</power><tpx1:TrackPointExtension><tpx1:atemp>18</tpx1:atemp><tpx1:hr>121</tpx1:hr><tpx1:cad>83</tpx1:cad></tpx1:TrackPointExtension></extensions></trkpt><trkpt lat="39.063465" lon="-105.092132"><time>2024-08-09T19:41:36.000Z</time><ele>2432.6</ele><extensions><power>203</power><tpx1:TrackPointExtension><tpx1:atemp>18</tpx1:atemp><tpx1:hr>121</tpx1:hr><tpx1:cad>84</tpx1:cad></tpx1:TrackPointExtension></extensions></trkpt><trkpt lat="39.063564" lon="-105.092132"><time>2024-08-09T19:41:37.000Z</time><ele>2432.6</ele><extensions><power>200</power><tpx1:TrackPointExtension><tpx1:atemp>18</tpx1:atemp><tpx1:hr>121</tpx1:hr><tpx1:cad>81</tpx1:cad></tpx1:TrackPointExtension></extensions></trkpt><trkpt lat="39.063667" lon="-105.092132"><time>2024-08-09T19:41:38.000Z</time><ele>2432.6</ele><extensions><power>201</power><tpx1:TrackPointExtension><tpx1:atemp>18</tpx1:atemp><tpx1:hr>121</tpx1:hr><tpx1:cad>88</tpx1:cad></tpx1:TrackPointExtension></extensions></trkpt><trkpt lat="39.063759" lon="-105.09214"><time>2024-08-09T19:41:39.000Z</time><ele>2432.4</ele><extensions><power>213</power><tpx1:TrackPointExtension><tpx1:atemp>18</tpx1:atemp><tpx1:hr>122</tpx1:hr><tpx1:cad>85</tpx1:cad></tpx1:TrackPointExtension></extensions></trkpt><trkpt lat="39.063858" lon="-105.09214"><time>2024-08-09T19:41:40.000Z</time><ele>2432</ele><extensions><power>213</power><tpx1:TrackPointExtension><tpx1:atemp>18</tpx1:atemp><tpx1:hr>122</tpx1:hr><tpx1:cad>86</tpx1:cad></tpx1:TrackPointExtension></extensions></trkpt><trkpt lat="39.063957" lon="-105.092148"><time>2024-08-09T19:41:41.000Z</time><ele>2431.8</ele><extensions><power>208</power><tpx1:TrackPointExtension><tpx1:atemp>18</tpx1:atemp><tpx1:hr>122</tpx1:hr><tpx1:cad>86</tpx1:cad></tpx1:TrackPointExtension></extensions></trkpt><trkpt lat="39.064049" lon="-105.092155"><time>2024-08-09T19:41:42.000Z</time><ele>2431.6</ele><extensions><power>200</power><tpx1:TrackPointExtension><tpx1:atemp>18</tpx1:atemp><tpx1:hr>122</tpx1:hr><tpx1:cad>87</tpx1:cad></tpx1:TrackPointExtension></extensions></trkpt><trkpt lat="39.064148" lon="-105.092148"><time>2024-08-09T19:41:43.000Z</time><ele>2431.4</ele><extensions><power>194</power><tpx1:TrackPointExtension><tpx1:atemp>18</tpx1:atemp><tpx1:hr>123</tpx1:hr><tpx1:cad>88</tpx1:cad></tpx1:TrackPointExtension></extensions></trkpt><trkpt lat="39.064243" lon="-105.092148"><time>2024-08-09T19:41:44.000Z</time><ele>2431.2</ele><extensions><power>192</power><tpx1:TrackPointExtension><tpx1:atemp>18</tpx1:atemp><tpx1:hr>123</tpx1:hr><tpx1:cad>86</tpx1:cad></tpx1:TrackPointExtension></extensions></trkpt><trkpt lat="39.064342" lon="-105.092148"><time>2024-08-09T19:41:45.000Z</time><ele>2430.8</ele><extensions><power>195</power><tpx1:TrackPointExtension><tpx1:atemp>18</tpx1:atemp><tpx1:hr>123</tpx1:hr><tpx1:cad>88</tpx1:cad></tpx1:TrackPointExtension></extensions></trkpt><trkpt lat="39.064442" lon="-105.092148"><time>2024-08-09T19:41:46.000Z</time><ele>2430.6</ele><extensions><power>184</power><tpx1:TrackPointExtension><tpx1:atemp>18</tpx1:atemp><tpx1:hr>124</tpx1:hr><tpx1:cad>90</tpx1:cad></tpx1:TrackPointExtension></extensions></trkpt><trkpt lat="39.064545" lon="-105.09214"><time>2024-08-09T19:41:47.000Z</time><ele>2430.6</ele><extensions><power>182</power><tpx1:TrackPointExtension><tpx1:atemp>18</tpx1:atemp><tpx1:hr>124</tpx1:hr><tpx1:cad>88</tpx1:cad></tpx1:TrackPointExtension></extensions></trkpt><trkpt lat="39.06464" lon="-105.092148"><time>2024-08-09T19:41:48.000Z</time><ele>2430.4</ele><extensions><power>176</power><tpx1:TrackPointExtension><tpx1:atemp>18</tpx1:atemp><tpx1:hr>125</tpx1:hr><tpx1:cad>88</tpx1:cad></tpx1:TrackPointExtension></extensions></trkpt><trkpt lat="39.064732" lon="-105.092155"><time>2024-08-09T19:41:49.000Z</time><ele>2430.2</ele><extensions><power>187</power><tpx1:TrackPointExtension><tpx1:atemp>18</tpx1:atemp><tpx1:hr>126</tpx1:hr><tpx1:cad>89</tpx1:cad></tpx1:TrackPointExtension></extensions></trkpt><trkpt lat="39.064827" lon="-105.092155"><time>2024-08-09T19:41:50.000Z</time><ele>2430</ele><extensions><power>212</power><tpx1:TrackPointExtension><tpx1:atemp>18</tpx1:atemp><tpx1:hr>126</tpx1:hr><tpx1:cad>87</tpx1:cad></tpx1:TrackPointExtension></extensions></trkpt><trkpt lat="39.064922" lon="-105.092155"><time>2024-08-09T19:41:51.000Z</time><ele>2429.8</ele><extensions><power>226</power><tpx1:TrackPointExtension><tpx1:atemp>18</tpx1:atemp><tpx1:hr>126</tpx1:hr><tpx1:cad>88</tpx1:cad></tpx1:TrackPointExtension></extensions></trkpt><trkpt lat="39.065021" lon="-105.092155"><time>2024-08-09T19:41:52.000Z</time><ele>2429.8</ele><extensions><power>234</power><tpx1:TrackPointExtension><tpx1:atemp>18</tpx1:atemp><tpx1:hr>125</tpx1:hr><tpx1:cad>88</tpx1:cad></tpx1:TrackPointExtension></extensions></trkpt><trkpt lat="39.065117" lon="-105.092155"><time>2024-08-09T19:41:53.000Z</time><ele>2429.6</ele><extensions><power>263</power><tpx1:TrackPointExtension><tpx1:atemp>18</tpx1:atemp><tpx1:hr>125</tpx1:hr><tpx1:cad>86</tpx1:cad></tpx1:TrackPointExtension></extensions></trkpt><trkpt lat="39.065216" lon="-105.092155"><time>2024-08-09T19:41:54.000Z</time><ele>2429.4</ele><extensions><power>259</power><tpx1:TrackPointExtension><tpx1:atemp>18</tpx1:atemp><tpx1:hr>125</tpx1:hr><tpx1:cad>89</tpx1:cad></tpx1:TrackPointExtension></extensions></trkpt><trkpt lat="39.065315" lon="-105.092155"><time>2024-08-09T19:41:55.000Z</time><ele>2429.2</ele><extensions><power>241</power><tpx1:TrackPointExtension><tpx1:atemp>18</tpx1:atemp><tpx1:hr>125</tpx1:hr><tpx1:cad>86</tpx1:cad></tpx1:TrackPointExtension></extensions></trkpt><trkpt lat="39.065411" lon="-105.092148"><time>2024-08-09T19:41:56.000Z</time><ele>2429.2</ele><extensions><power>230</power><tpx1:TrackPointExtension><tpx1:atemp>18</tpx1:atemp><tpx1:hr>125</tpx1:hr><tpx1:cad>87</tpx1:cad></tpx1:TrackPointExtension></extensions></trkpt><trkpt lat="39.065506" lon="-105.092148"><time>2024-08-09T19:41:57.000Z</time><ele>2429</ele><extensions><power>206</power><tpx1:TrackPointExtension><tpx1:atemp>18</tpx1:atemp><tpx1:hr>125</tpx1:hr><tpx1:cad>85</tpx1:cad></tpx1:TrackPointExtension></extensions></trkpt><trkpt lat="39.065598" lon="-105.09214"><time>2024-08-09T19:41:58.000Z</time><ele>2428.8</ele><extensions><power>191</power><tpx1:TrackPointExtension><tpx1:atemp>18</tpx1:atemp><tpx1:hr>125</tpx1:hr><tpx1:cad>84</tpx1:cad></tpx1:TrackPointExtension></extensions></trkpt><trkpt lat="39.065693" lon="-105.09214"><time>2024-08-09T19:41:59.000Z</time><ele>2428.8</ele><extensions><power>191</power><tpx1:TrackPointExtension><tpx1:atemp>18</tpx1:atemp><tpx1:hr>125</tpx1:hr><tpx1:cad>84</tpx1:cad></tpx1:TrackPointExtension></extensions></trkpt><trkpt lat="39.065788" lon="-105.092132"><time>2024-08-09T19:42:00.000Z</time><ele>2429</ele><extensions><power>201</power><tpx1:TrackPointExtension><tpx1:atemp>18</tpx1:atemp><tpx1:hr>125</tpx1:hr><tpx1:cad>88</tpx1:cad></tpx1:TrackPointExtension></extensions></trkpt><trkpt lat="39.065884" lon="-105.092132"><time>2024-08-09T19:42:01.000Z</time><ele>2428.8</ele><extensions><power>233</power><tpx1:TrackPointExtension><tpx1:atemp>18</tpx1:atemp><tpx1:hr>125</tpx1:hr><tpx1:cad>94</tpx1:cad></tpx1:TrackPointExtension></extensions></trkpt><trkpt lat="39.065979" lon="-105.09214"><time>2024-08-09T19:42:02.000Z</time><ele>2428.8</ele><extensions><power>238</power><tpx1:TrackPointExtension><tpx1:atemp>18</tpx1:atemp><tpx1:hr>125</tpx1:hr><tpx1:cad>93</tpx1:cad></tpx1:TrackPointExtension></extensions></trkpt><trkpt lat="39.066074" lon="-105.092132"><time>2024-08-09T19:42:03.000Z</time><ele>2428.8</ele><extensions><power>220</power><tpx1:TrackPointExtension><tpx1:atemp>18</tpx1:atemp><tpx1:hr>125</tpx1:hr><tpx1:cad>95</tpx1:cad></tpx1:TrackPointExtension></extensions></trkpt><trkpt lat="39.06617" lon="-105.092132"><time>2024-08-09T19:42:04.000Z</time><ele>2428.8</ele><extensions><power>204</power><tpx1:TrackPointExtension><tpx1:atemp>18</tpx1:atemp><tpx1:hr>125</tpx1:hr><tpx1:cad>93</tpx1:cad></tpx1:TrackPointExtension></extensions></trkpt><trkpt lat="39.066261" lon="-105.092125"><time>2024-08-09T19:42:05.000Z</time><ele>2428.8</ele><extensions><power>201</power><tpx1:TrackPointExtension><tpx1:atemp>18</tpx1:atemp><tpx1:hr>125</tpx1:hr><tpx1:cad>93</tpx1:cad></tpx1:TrackPointExtension></extensions></trkpt><trkpt lat="39.066349" lon="-105.092132"><time>2024-08-09T19:42:06.000Z</time><ele>2428.8</ele><extensions><power>196</power><tpx1:TrackPointExtension><tpx1:atemp>18</tpx1:atemp><tpx1:hr>124</tpx1:hr><tpx1:cad>93</tpx1:cad></tpx1:TrackPointExtension></extensions></trkpt><trkpt lat="39.066441" lon="-105.092132"><time>2024-08-09T19:42:07.000Z</time><ele>2428.8</ele><extensions><power>195</power><tpx1:TrackPointExtension><tpx1:atemp>18</tpx1:atemp><tpx1:hr>123</tpx1:hr><tpx1:cad>92</tpx1:cad></tpx1:TrackPointExtension></extensions></trkpt><trkpt lat="39.066528" lon="-105.092125"><time>2024-08-09T19:42:08.000Z</time><ele>2428.8</ele><extensions><power>208</power><tpx1:TrackPointExtension><tpx1:atemp>18</tpx1:atemp><tpx1:hr>122</tpx1:hr><tpx1:cad>93</tpx1:cad></tpx1:TrackPointExtension></extensions></trkpt><trkpt lat="39.06662" lon="-105.092117"><time>2024-08-09T19:42:09.000Z</time><ele>2428.8</ele><extensions><power>214</power><tpx1:TrackPointExtension><tpx1:atemp>18</tpx1:atemp><tpx1:hr>122</tpx1:hr><tpx1:cad>93</tpx1:cad></tpx1:TrackPointExtension></extensions></trkpt><trkpt lat="39.066715" lon="-105.092125"><time>2024-08-09T19:42:10.000Z</time><ele>2428.6</ele><extensions><power>210</power><tpx1:TrackPointExtension><tpx1:atemp>18</tpx1:atemp><tpx1:hr>122</tpx1:hr><tpx1:cad>94</tpx1:cad></tpx1:TrackPointExtension></extensions></trkpt><trkpt lat="39.066807" lon="-105.092125"><time>2024-08-09T19:42:11.000Z</time><ele>2428.4</ele><extensions><power>202</power><tpx1:TrackPointExtension><tpx1:atemp>18</tpx1:atemp><tpx1:hr>122</tpx1:hr><tpx1:cad>93</tpx1:cad></tpx1:TrackPointExtension></extensions></trkpt><trkpt lat="39.066894" lon="-105.092132"><time>2024-08-09T19:42:12.000Z</time><ele>2428.2</ele><extensions><power>201</power><tpx1:TrackPointExtension><tpx1:atemp>18</tpx1:atemp><tpx1:hr>122</tpx1:hr><tpx1:cad>95</tpx1:cad></tpx1:TrackPointExtension></extensions></trkpt><trkpt lat="39.066986" lon="-105.09214"><time>2024-08-09T19:42:13.000Z</time><ele>2428</ele><extensions><power>212</power><tpx1:TrackPointExtension><tpx1:atemp>18</tpx1:atemp><tpx1:hr>122</tpx1:hr><tpx1:cad>93</tpx1:cad></tpx1:TrackPointExtension></extensions></trkpt><trkpt lat="39.067078" lon="-105.092132"><time>2024-08-09T19:42:14.000Z</time><ele>2427.8</ele><extensions><power>224</power><tpx1:TrackPointExtension><tpx1:atemp>18</tpx1:atemp><tpx1:hr>122</tpx1:hr><tpx1:cad>96</tpx1:cad></tpx1:TrackPointExtension></extensions></trkpt><trkpt lat="39.067173" lon="-105.092125"><time>2024-08-09T19:42:15.000Z</time><ele>2427.6</ele><extensions><power>221</power><tpx1:TrackPointExtension><tpx1:atemp>18</tpx1:atemp><tpx1:hr>123</tpx1:hr><tpx1:cad>95</tpx1:cad></tpx1:TrackPointExtension></extensions></trkpt><trkpt lat="39.067268" lon="-105.092125"><time>2024-08-09T19:42:16.000Z</time><ele>2427.4</ele><extensions><power>218</power><tpx1:TrackPointExtension><tpx1:atemp>18</tpx1:atemp><tpx1:hr>123</tpx1:hr><tpx1:cad>88</tpx1:cad></tpx1:TrackPointExtension></extensions></trkpt><trkpt lat="39.067364" lon="-105.092125"><time>2024-08-09T19:42:17.000Z</time><ele>2427.2</ele><extensions><power>222</power><tpx1:TrackPointExtension><tpx1:atemp>18</tpx1:atemp><tpx1:hr>123</tpx1:hr><tpx1:cad>85</tpx1:cad></tpx1:TrackPointExtension></extensions></trkpt><trkpt lat="39.067463" lon="-105.092117"><time>2024-08-09T19:42:18.000Z</time><ele>2427</ele><extensions><power>232</power><tpx1:TrackPointExtension><tpx1:atemp>18</tpx1:atemp><tpx1:hr>123</tpx1:hr><tpx1:cad>85</tpx1:cad></tpx1:TrackPointExtension></extensions></trkpt><trkpt lat="39.067562" lon="-105.092125"><time>2024-08-09T19:42:19.000Z</time><ele>2427</ele><extensions><power>231</power><tpx1:TrackPointExtension><tpx1:atemp>18</tpx1:atemp><tpx1:hr>124</tpx1:hr><tpx1:cad>86</tpx1:cad></tpx1:TrackPointExtension></extensions></trkpt><trkpt lat="39.067661" lon="-105.092117"><time>2024-08-09T19:42:20.000Z</time><ele>2426.6</ele><extensions><power>206</power><tpx1:TrackPointExtension><tpx1:atemp>18</tpx1:atemp><tpx1:hr>123</tpx1:hr><tpx1:cad>87</tpx1:cad></tpx1:TrackPointExtension></extensions></trkpt><trkpt lat="39.06776" lon="-105.092117"><time>2024-08-09T19:42:21.000Z</time><ele>2426.6</ele><extensions><power>204</power><tpx1:TrackPointExtension><tpx1:atemp>18</tpx1:atemp><tpx1:hr>123</tpx1:hr><tpx1:cad>86</tpx1:cad></tpx1:TrackPointExtension></extensions></trkpt><trkpt lat="39.06786" lon="-105.092117"><time>2024-08-09T19:42:22.000Z</time><ele>2426.6</ele><extensions><power>195</power><tpx1:TrackPointExtension><tpx1:atemp>18</tpx1:atemp><tpx1:hr>123</tpx1:hr><tpx1:cad>88</tpx1:cad></tpx1:TrackPointExtension></extensions></trkpt><trkpt lat="39.067959" lon="-105.092117"><time>2024-08-09T19:42:23.000Z</time><ele>2426.2</ele><extensions><power>182</power><tpx1:TrackPointExtension><tpx1:atemp>18</tpx1:atemp><tpx1:hr>123</tpx1:hr><tpx1:cad>89</tpx1:cad></tpx1:TrackPointExtension></extensions></trkpt><trkpt lat="39.068058" lon="-105.092125"><time>2024-08-09T19:42:24.000Z</time><ele>2426.2</ele><extensions><power>179</power><tpx1:TrackPointExtension><tpx1:atemp>18</tpx1:atemp><tpx1:hr>123</tpx1:hr><tpx1:cad>87</tpx1:cad></tpx1:TrackPointExtension></extensions></trkpt><trkpt lat="39.068161" lon="-105.092117"><time>2024-08-09T19:42:25.000Z</time><ele>2426.2</ele><extensions><power>197</power><tpx1:TrackPointExtension><tpx1:atemp>18</tpx1:atemp><tpx1:hr>124</tpx1:hr><tpx1:cad>91</tpx1:cad></tpx1:TrackPointExtension></extensions></trkpt><trkpt lat="39.06826" lon="-105.092117"><time>2024-08-09T19:42:26.000Z</time><ele>2426</ele><extensions><power>220</power><tpx1:TrackPointExtension><tpx1:atemp>18</tpx1:atemp><tpx1:hr>123</tpx1:hr><tpx1:cad>91</tpx1:cad></tpx1:TrackPointExtension></extensions></trkpt><trkpt lat="39.068367" lon="-105.092117"><time>2024-08-09T19:42:27.000Z</time><ele>2425.6</ele><extensions><power>216</power><tpx1:TrackPointExtension><tpx1:atemp>18</tpx1:atemp><tpx1:hr>123</tpx1:hr><tpx1:cad>93</tpx1:cad></tpx1:TrackPointExtension></extensions></trkpt><trkpt lat="39.06847" lon="-105.09211"><time>2024-08-09T19:42:28.000Z</time><ele>2425.2</ele><extensions><power>201</power><tpx1:TrackPointExtension><tpx1:atemp>18</tpx1:atemp><tpx1:hr>123</tpx1:hr><tpx1:cad>93</tpx1:cad></tpx1:TrackPointExtension></extensions></trkpt><trkpt lat="39.068573" lon="-105.09211"><time>2024-08-09T19:42:29.000Z</time><ele>2424.8</ele><extensions><power>190</power><tpx1:TrackPointExtension><tpx1:atemp>18</tpx1:atemp><tpx1:hr>122</tpx1:hr><tpx1:cad>92</tpx1:cad></tpx1:TrackPointExtension></extensions></trkpt><trkpt lat="39.06868" lon="-105.09211"><time>2024-08-09T19:42:30.000Z</time><ele>2424.4</ele><extensions><power>190</power><tpx1:TrackPointExtension><tpx1:atemp>18</tpx1:atemp><tpx1:hr>122</tpx1:hr><tpx1:cad>93</tpx1:cad></tpx1:TrackPointExtension></extensions></trkpt><trkpt lat="39.068779" lon="-105.092117"><time>2024-08-09T19:42:31.000Z</time><ele>2424.2</ele><extensions><power>191</power><tpx1:TrackPointExtension><tpx1:atemp>18</tpx1:atemp><tpx1:hr>121</tpx1:hr><tpx1:cad>93</tpx1:cad></tpx1:TrackPointExtension></extensions></trkpt><trkpt lat="39.068882" lon="-105.09211"><time>2024-08-09T19:42:32.000Z</time><ele>2424</ele><extensions><power>197</power><tpx1:TrackPointExtension><tpx1:atemp>18</tpx1:atemp><tpx1:hr>121</tpx1:hr><tpx1:cad>93</tpx1:cad></tpx1:TrackPointExtension></extensions></trkpt><trkpt lat="39.068989" lon="-105.09211"><time>2024-08-09T19:42:33.000Z</time><ele>2424.2</ele><extensions><power>203</power><tpx1:TrackPointExtension><tpx1:atemp>18</tpx1:atemp><tpx1:hr>120</tpx1:hr><tpx1:cad>93</tpx1:cad></tpx1:TrackPointExtension></extensions></trkpt><trkpt lat="39.069092" lon="-105.092117"><time>2024-08-09T19:42:34.000Z</time><ele>2424.2</ele><extensions><power>195</power><tpx1:TrackPointExtension><tpx1:atemp>18</tpx1:atemp><tpx1:hr>120</tpx1:hr><tpx1:cad>93</tpx1:cad></tpx1:TrackPointExtension></extensions></trkpt><trkpt lat="39.069199" lon="-105.092117"><time>2024-08-09T19:42:35.000Z</time><ele>2424</ele><extensions><power>190</power><tpx1:TrackPointExtension><tpx1:atemp>18</tpx1:atemp><tpx1:hr>120</tpx1:hr><tpx1:cad>94</tpx1:cad></tpx1:TrackPointExtension></extensions></trkpt><trkpt lat="39.069305" lon="-105.092117"><time>2024-08-09T19:42:36.000Z</time><ele>2423.2</ele><extensions><power>185</power><tpx1:TrackPointExtension><tpx1:atemp>18</tpx1:atemp><tpx1:hr>119</tpx1:hr><tpx1:cad>94</tpx1:cad></tpx1:TrackPointExtension></extensions></trkpt><trkpt lat="39.069412" lon="-105.092117"><time>2024-08-09T19:42:37.000Z</time><ele>2422.6</ele><extensions><power>187</power><tpx1:TrackPointExtension><tpx1:atemp>18</tpx1:atemp><tpx1:hr>119</tpx1:hr><tpx1:cad>95</tpx1:cad></tpx1:TrackPointExtension></extensions></trkpt><trkpt lat="39.069511" lon="-105.09211"><time>2024-08-09T19:42:38.000Z</time><ele>2422.2</ele><extensions><power>205</power><tpx1:TrackPointExtension><tpx1:atemp>18</tpx1:atemp><tpx1:hr>119</tpx1:hr><tpx1:cad>93</tpx1:cad></tpx1:TrackPointExtension></extensions></trkpt><trkpt lat="39.069614" lon="-105.09211"><time>2024-08-09T19:42:39.000Z</time><ele>2421.8</ele><extensions><power>236</power><tpx1:TrackPointExtension><tpx1:atemp>18</tpx1:atemp><tpx1:hr>119</tpx1:hr><tpx1:cad>93</tpx1:cad></tpx1:TrackPointExtension></extensions></trkpt><trkpt lat="39.069717" lon="-105.09211"><time>2024-08-09T19:42:40.000Z</time><ele>2421.6</ele><extensions><power>220</power><tpx1:TrackPointExtension><tpx1:atemp>18</tpx1:atemp><tpx1:hr>119</tpx1:hr><tpx1:cad>94</tpx1:cad></tpx1:TrackPointExtension></extensions></trkpt><trkpt lat="39.069824" lon="-105.09211"><time>2024-08-09T19:42:41.000Z</time><ele>2421</ele><extensions><power>199</power><tpx1:TrackPointExtension><tpx1:atemp>18</tpx1:atemp><tpx1:hr>119</tpx1:hr><tpx1:cad>92</tpx1:cad></tpx1:TrackPointExtension></extensions></trkpt><trkpt lat="39.069927" lon="-105.092102"><time>2024-08-09T19:42:42.000Z</time><ele>2420.6</ele><extensions><power>195</power><tpx1:TrackPointExtension><tpx1:atemp>18</tpx1:atemp><tpx1:hr>120</tpx1:hr><tpx1:cad>92</tpx1:cad></tpx1:TrackPointExtension></extensions></trkpt><trkpt lat="39.070026" lon="-105.092094"><time>2024-08-09T19:42:43.000Z</time><ele>2420.6</ele><extensions><power>213</power><tpx1:TrackPointExtension><tpx1:atemp>18</tpx1:atemp><tpx1:hr>121</tpx1:hr><tpx1:cad>90</tpx1:cad></tpx1:TrackPointExtension></extensions></trkpt><trkpt lat="39.070126" lon="-105.092094"><time>2024-08-09T19:42:44.000Z</time><ele>2420.4</ele><extensions><power>220</power><tpx1:TrackPointExtension><tpx1:atemp>18</tpx1:atemp><tpx1:hr>121</tpx1:hr><tpx1:cad>90</tpx1:cad></tpx1:TrackPointExtension></extensions></trkpt><trkpt lat="39.070221" lon="-105.092094"><time>2024-08-09T19:42:45.000Z</time><ele>2420.4</ele><extensions><power>217</power><tpx1:TrackPointExtension><tpx1:atemp>18</tpx1:atemp><tpx1:hr>121</tpx1:hr><tpx1:cad>89</tpx1:cad></tpx1:TrackPointExtension></extensions></trkpt><trkpt lat="39.070316" lon="-105.092102"><time>2024-08-09T19:42:46.000Z</time><ele>2420.2</ele><extensions><power>223</power><tpx1:TrackPointExtension><tpx1:atemp>18</tpx1:atemp><tpx1:hr>121</tpx1:hr><tpx1:cad>87</tpx1:cad></tpx1:TrackPointExtension></extensions></trkpt><trkpt lat="39.070415" lon="-105.092094"><time>2024-08-09T19:42:47.000Z</time><ele>2420.2</ele><extensions><power>231</power><tpx1:TrackPointExtension><tpx1:atemp>18</tpx1:atemp><tpx1:hr>121</tpx1:hr><tpx1:cad>89</tpx1:cad></tpx1:TrackPointExtension></extensions></trkpt><trkpt lat="39.070515" lon="-105.092087"><time>2024-08-09T19:42:48.000Z</time><ele>2420</ele><extensions><power>236</power><tpx1:TrackPointExtension><tpx1:atemp>18</tpx1:atemp><tpx1:hr>122</tpx1:hr><tpx1:cad>92</tpx1:cad></tpx1:TrackPointExtension></extensions></trkpt><trkpt lat="39.070602" lon="-105.092094"><time>2024-08-09T19:42:49.000Z</time><ele>2419.4</ele><extensions><power>235</power><tpx1:TrackPointExtension><tpx1:atemp>18</tpx1:atemp><tpx1:hr>123</tpx1:hr><tpx1:cad>99</tpx1:cad></tpx1:TrackPointExtension></extensions></trkpt><trkpt lat="39.07069" lon="-105.092094"><time>2024-08-09T19:42:50.000Z</time><ele>2419</ele><extensions><power>192</power><tpx1:TrackPointExtension><tpx1:atemp>18</tpx1:atemp><tpx1:hr>123</tpx1:hr><tpx1:cad>81</tpx1:cad></tpx1:TrackPointExtension></extensions></trkpt><trkpt lat="39.070778" lon="-105.092094"><time>2024-08-09T19:42:51.000Z</time><ele>2418.6</ele><extensions><power>154</power><tpx1:TrackPointExtension><tpx1:atemp>18</tpx1:atemp><tpx1:hr>124</tpx1:hr><tpx1:cad>52</tpx1:cad></tpx1:TrackPointExtension></extensions></trkpt><trkpt lat="39.070858" lon="-105.092094"><time>2024-08-09T19:42:52.000Z</time><ele>2418.6</ele><extensions><power>115</power><tpx1:TrackPointExtension><tpx1:atemp>18</tpx1:atemp><tpx1:hr>123</tpx1:hr><tpx1:cad>22</tpx1:cad></tpx1:TrackPointExtension></extensions></trkpt><trkpt lat="39.070923" lon="-105.092094"><time>2024-08-09T19:42:53.000Z</time><ele>2418.8</ele><extensions><power>0</power><tpx1:TrackPointExtension><tpx1:atemp>18</tpx1:atemp><tpx1:hr>123</tpx1:hr><tpx1:cad>0</tpx1:cad></tpx1:TrackPointExtension></extensions></trkpt><trkpt lat="39.070972" lon="-105.092094"><time>2024-08-09T19:42:54.000Z</time><ele>2418.4</ele><extensions><power>0</power><tpx1:TrackPointExtension><tpx1:atemp>18</tpx1:atemp><tpx1:hr>123</tpx1:hr><tpx1:cad>0</tpx1:cad></tpx1:TrackPointExtension></extensions></trkpt><trkpt lat="39.071014" lon="-105.09211"><time>2024-08-09T19:42:55.000Z</time><ele>2417.8</ele><extensions><power>0</power><tpx1:TrackPointExtension><tpx1:atemp>18</tpx1:atemp><tpx1:hr>123</tpx1:hr><tpx1:cad>0</tpx1:cad></tpx1:TrackPointExtension></extensions></trkpt><trkpt lat="39.071033" lon="-105.092125"><time>2024-08-09T19:42:56.000Z</time><ele>2418.2</ele><extensions><power>0</power><tpx1:TrackPointExtension><tpx1:atemp>18</tpx1:atemp><tpx1:hr>122</tpx1:hr><tpx1:cad>0</tpx1:cad></tpx1:TrackPointExtension></extensions></trkpt><trkpt lat="39.071026" lon="-105.092148"><time>2024-08-09T19:42:57.000Z</time><ele>2418.2</ele><extensions><power>0</power><tpx1:TrackPointExtension><tpx1:atemp>18</tpx1:atemp><tpx1:hr>122</tpx1:hr><tpx1:cad>0</tpx1:cad></tpx1:TrackPointExtension></extensions></trkpt><trkpt lat="39.070999" lon="-105.092163"><time>2024-08-09T19:42:58.000Z</time><ele>2418</ele><extensions><power>0</power><tpx1:TrackPointExtension><tpx1:atemp>18</tpx1:atemp><tpx1:hr>120</tpx1:hr><tpx1:cad>0</tpx1:cad></tpx1:TrackPointExtension></extensions></trkpt><trkpt lat="39.070972" lon="-105.092163"><time>2024-08-09T19:42:59.000Z</time><ele>2418</ele><extensions><power>0</power><tpx1:TrackPointExtension><tpx1:atemp>18</tpx1:atemp><tpx1:hr>118</tpx1:hr><tpx1:cad>0</tpx1:cad></tpx1:TrackPointExtension></extensions></trkpt><trkpt lat="39.070942" lon="-105.092163"><time>2024-08-09T19:43:00.000Z</time><ele>2418</ele><extensions><power>7</power><tpx1:TrackPointExtension><tpx1:atemp>18</tpx1:atemp><tpx1:hr>117</tpx1:hr><tpx1:cad>13</tpx1:cad></tpx1:TrackPointExtension></extensions></trkpt><trkpt lat="39.070904" lon="-105.092163"><time>2024-08-09T19:43:01.000Z</time><ele>2418</ele><extensions><power>59</power><tpx1:TrackPointExtension><tpx1:atemp>18</tpx1:atemp><tpx1:hr>114</tpx1:hr><tpx1:cad>56</tpx1:cad></tpx1:TrackPointExtension></extensions></trkpt><trkpt lat="39.070854" lon="-105.092163"><time>2024-08-09T19:43:02.000Z</time><ele>2418</ele><extensions><power>276</power><tpx1:TrackPointExtension><tpx1:atemp>18</tpx1:atemp><tpx1:hr>113</tpx1:hr><tpx1:cad>74</tpx1:cad></tpx1:TrackPointExtension></extensions></trkpt><trkpt lat="39.070805" lon="-105.092171"><time>2024-08-09T19:43:03.000Z</time><ele>2417.8</ele><extensions><power>368</power><tpx1:TrackPointExtension><tpx1:atemp>18</tpx1:atemp><tpx1:hr>112</tpx1:hr><tpx1:cad>84</tpx1:cad></tpx1:TrackPointExtension></extensions></trkpt><trkpt lat="39.070747" lon="-105.092171"><time>2024-08-09T19:43:04.000Z</time><ele>2417.6</ele><extensions><power>385</power><tpx1:TrackPointExtension><tpx1:atemp>18</tpx1:atemp><tpx1:hr>112</tpx1:hr><tpx1:cad>90</tpx1:cad></tpx1:TrackPointExtension></extensions></trkpt><trkpt lat="39.07069" lon="-105.092171"><time>2024-08-09T19:43:05.000Z</time><ele>2417.4</ele><extensions><power>409</power><tpx1:TrackPointExtension><tpx1:atemp>18</tpx1:atemp><tpx1:hr>114</tpx1:hr><tpx1:cad>102</tpx1:cad></tpx1:TrackPointExtension></extensions></trkpt><trkpt lat="39.070633" lon="-105.092171"><time>2024-08-09T19:43:06.000Z</time><ele>2417.4</ele><extensions><power>415</power><tpx1:TrackPointExtension><tpx1:atemp>18</tpx1:atemp><tpx1:hr>116</tpx1:hr><tpx1:cad>97</tpx1:cad></tpx1:TrackPointExtension></extensions></trkpt><trkpt lat="39.070572" lon="-105.092171"><time>2024-08-09T19:43:07.000Z</time><ele>2417.6</ele><extensions><power>330</power><tpx1:TrackPointExtension><tpx1:atemp>18</tpx1:atemp><tpx1:hr>119</tpx1:hr><tpx1:cad>86</tpx1:cad></tpx1:TrackPointExtension></extensions></trkpt><trkpt lat="39.070515" lon="-105.092171"><time>2024-08-09T19:43:08.000Z</time><ele>2418</ele><extensions><power>269</power><tpx1:TrackPointExtension><tpx1:atemp>18</tpx1:atemp><tpx1:hr>120</tpx1:hr><tpx1:cad>83</tpx1:cad></tpx1:TrackPointExtension></extensions></trkpt><trkpt lat="39.07045" lon="-105.092171"><time>2024-08-09T19:43:09.000Z</time><ele>2418.2</ele><extensions><power>377</power><tpx1:TrackPointExtension><tpx1:atemp>18</tpx1:atemp><tpx1:hr>121</tpx1:hr><tpx1:cad>87</tpx1:cad></tpx1:TrackPointExtension></extensions></trkpt><trkpt lat="39.070381" lon="-105.092171"><time>2024-08-09T19:43:10.000Z</time><ele>2418.2</ele><extensions><power>416</power><tpx1:TrackPointExtension><tpx1:atemp>18</tpx1:atemp><tpx1:hr>122</tpx1:hr><tpx1:cad>92</tpx1:cad></tpx1:TrackPointExtension></extensions></trkpt><trkpt lat="39.070309" lon="-105.092171"><time>2024-08-09T19:43:11.000Z</time><ele>2418.8</ele><extensions><power>391</power><tpx1:TrackPointExtension><tpx1:atemp>18</tpx1:atemp><tpx1:hr>123</tpx1:hr><tpx1:cad>99</tpx1:cad></tpx1:TrackPointExtension></extensions></trkpt><trkpt lat="39.070244" lon="-105.092178"><time>2024-08-09T19:43:12.000Z</time><ele>2419</ele><extensions><power>325</power><tpx1:TrackPointExtension><tpx1:atemp>18</tpx1:atemp><tpx1:hr>124</tpx1:hr><tpx1:cad>96</tpx1:cad></tpx1:TrackPointExtension></extensions></trkpt><trkpt lat="39.070171" lon="-105.092178"><time>2024-08-09T19:43:13.000Z</time><ele>2419.2</ele><extensions><power>275</power><tpx1:TrackPointExtension><tpx1:atemp>18</tpx1:atemp><tpx1:hr>125</tpx1:hr><tpx1:cad>98</tpx1:cad></tpx1:TrackPointExtension></extensions></trkpt><trkpt lat="39.070099" lon="-105.092178"><time>2024-08-09T19:43:14.000Z</time><ele>2419.2</ele><extensions><power>260</power><tpx1:TrackPointExtension><tpx1:atemp>18</tpx1:atemp><tpx1:hr>125</tpx1:hr><tpx1:cad>97</tpx1:cad></tpx1:TrackPointExtension></extensions></trkpt><trkpt lat="39.070034" lon="-105.092178"><time>2024-08-09T19:43:15.000Z</time><ele>2419.2</ele><extensions><power>253</power><tpx1:TrackPointExtension><tpx1:atemp>18</tpx1:atemp><tpx1:hr>125</tpx1:hr><tpx1:cad>97</tpx1:cad></tpx1:TrackPointExtension></extensions></trkpt><trkpt lat="39.069962" lon="-105.092178"><time>2024-08-09T19:43:16.000Z</time><ele>2419.2</ele><extensions><power>240</power><tpx1:TrackPointExtension><tpx1:atemp>18</tpx1:atemp><tpx1:hr>126</tpx1:hr><tpx1:cad>96</tpx1:cad></tpx1:TrackPointExtension></extensions></trkpt><trkpt lat="39.069893" lon="-105.092178"><time>2024-08-09T19:43:17.000Z</time><ele>2419.2</ele><extensions><power>223</power><tpx1:TrackPointExtension><tpx1:atemp>18</tpx1:atemp><tpx1:hr>127</tpx1:hr><tpx1:cad>95</tpx1:cad></tpx1:TrackPointExtension></extensions></trkpt><trkpt lat="39.069824" lon="-105.092178"><time>2024-08-09T19:43:18.000Z</time><ele>2419.4</ele><extensions><power>227</power><tpx1:TrackPointExtension><tpx1:atemp>18</tpx1:atemp><tpx1:hr>127</tpx1:hr><tpx1:cad>93</tpx1:cad></tpx1:TrackPointExtension></extensions></trkpt><trkpt lat="39.069759" lon="-105.092178"><time>2024-08-09T19:43:19.000Z</time><ele>2419.4</ele><extensions><power>236</power><tpx1:TrackPointExtension><tpx1:atemp>18</tpx1:atemp><tpx1:hr>128</tpx1:hr><tpx1:cad>94</tpx1:cad></tpx1:TrackPointExtension></extensions></trkpt><trkpt lat="39.069691" lon="-105.092178"><time>2024-08-09T19:43:20.000Z</time><ele>2419.6</ele><extensions><power>248</power><tpx1:TrackPointExtension><tpx1:atemp>18</tpx1:atemp><tpx1:hr>128</tpx1:hr><tpx1:cad>94</tpx1:cad></tpx1:TrackPointExtension></extensions></trkpt><trkpt lat="39.069626" lon="-105.092178"><time>2024-08-09T19:43:21.000Z</time><ele>2419.6</ele><extensions><power>249</power><tpx1:TrackPointExtension><tpx1:atemp>18</tpx1:atemp><tpx1:hr>128</tpx1:hr><tpx1:cad>93</tpx1:cad></tpx1:TrackPointExtension></extensions></trkpt><trkpt lat="39.069561" lon="-105.092178"><time>2024-08-09T19:43:22.000Z</time><ele>2419.8</ele><extensions><power>262</power><tpx1:TrackPointExtension><tpx1:atemp>18</tpx1:atemp><tpx1:hr>128</tpx1:hr><tpx1:cad>89</tpx1:cad></tpx1:TrackPointExtension></extensions></trkpt><trkpt lat="39.069496" lon="-105.092178"><time>2024-08-09T19:43:23.000Z</time><ele>2420</ele><extensions><power>265</power><tpx1:TrackPointExtension><tpx1:atemp>18</tpx1:atemp><tpx1:hr>128</tpx1:hr><tpx1:cad>91</tpx1:cad></tpx1:TrackPointExtension></extensions></trkpt><trkpt lat="39.069431" lon="-105.092178"><time>2024-08-09T19:43:24.000Z</time><ele>2420</ele><extensions><power>246</power><tpx1:TrackPointExtension><tpx1:atemp>18</tpx1:atemp><tpx1:hr>128</tpx1:hr><tpx1:cad>91</tpx1:cad></tpx1:TrackPointExtension></extensions></trkpt><trkpt lat="39.069366" lon="-105.092178"><time>2024-08-09T19:43:25.000Z</time><ele>2420</ele><extensions><power>233</power><tpx1:TrackPointExtension><tpx1:atemp>18</tpx1:atemp><tpx1:hr>128</tpx1:hr><tpx1:cad>91</tpx1:cad></tpx1:TrackPointExtension></extensions></trkpt><trkpt lat="39.069305" lon="-105.092178"><time>2024-08-09T19:43:26.000Z</time><ele>2420.2</ele><extensions><power>226</power><tpx1:TrackPointExtension><tpx1:atemp>18</tpx1:atemp><tpx1:hr>128</tpx1:hr><tpx1:cad>90</tpx1:cad></tpx1:TrackPointExtension></extensions></trkpt><trkpt lat="39.069241" lon="-105.092178"><time>2024-08-09T19:43:27.000Z</time><ele>2420.2</ele><extensions><power>228</power><tpx1:TrackPointExtension><tpx1:atemp>18</tpx1:atemp><tpx1:hr>129</tpx1:hr><tpx1:cad>87</tpx1:cad></tpx1:TrackPointExtension></extensions></trkpt><trkpt lat="39.06918" lon="-105.092186"><time>2024-08-09T19:43:28.000Z</time><ele>2420.2</ele><extensions><power>235</power><tpx1:TrackPointExtension><tpx1:atemp>18</tpx1:atemp><tpx1:hr>129</tpx1:hr><tpx1:cad>86</tpx1:cad></tpx1:TrackPointExtension></extensions></trkpt><trkpt lat="39.069118" lon="-105.092186"><time>2024-08-09T19:43:29.000Z</time><ele>2420.4</ele><extensions><power>275</power><tpx1:TrackPointExtension><tpx1:atemp>18</tpx1:atemp><tpx1:hr>129</tpx1:hr><tpx1:cad>85</tpx1:cad></tpx1:TrackPointExtension></extensions></trkpt><trkpt lat="39.069057" lon="-105.092186"><time>2024-08-09T19:43:30.000Z</time><ele>2420.8</ele><extensions><power>275</power><tpx1:TrackPointExtension><tpx1:atemp>18</tpx1:atemp><tpx1:hr>130</tpx1:hr><tpx1:cad>88</tpx1:cad></tpx1:TrackPointExtension></extensions></trkpt><trkpt lat="39.068996" lon="-105.092186"><time>2024-08-09T19:43:31.000Z</time><ele>2421</ele><extensions><power>265</power><tpx1:TrackPointExtension><tpx1:atemp>18</tpx1:atemp><tpx1:hr>130</tpx1:hr><tpx1:cad>86</tpx1:cad></tpx1:TrackPointExtension></extensions></trkpt><trkpt lat="39.068935" lon="-105.092186"><time>2024-08-09T19:43:32.000Z</time><ele>2421.4</ele><extensions><power>262</power><tpx1:TrackPointExtension><tpx1:atemp>18</tpx1:atemp><tpx1:hr>131</tpx1:hr><tpx1:cad>85</tpx1:cad></tpx1:TrackPointExtension></extensions></trkpt><trkpt lat="39.068871" lon="-105.092186"><time>2024-08-09T19:43:33.000Z</time><ele>2421.6</ele><extensions><power>265</power><tpx1:TrackPointExtension><tpx1:atemp>18</tpx1:atemp><tpx1:hr>131</tpx1:hr><tpx1:cad>88</tpx1:cad></tpx1:TrackPointExtension></extensions></trkpt><trkpt lat="39.068809" lon="-105.092186"><time>2024-08-09T19:43:34.000Z</time><ele>2421.8</ele><extensions><power>250</power><tpx1:TrackPointExtension><tpx1:atemp>18</tpx1:atemp><tpx1:hr>131</tpx1:hr><tpx1:cad>87</tpx1:cad></tpx1:TrackPointExtension></extensions></trkpt><trkpt lat="39.068748" lon="-105.092186"><time>2024-08-09T19:43:35.000Z</time><ele>2421.8</ele><extensions><power>252</power><tpx1:TrackPointExtension><tpx1:atemp>18</tpx1:atemp><tpx1:hr>131</tpx1:hr><tpx1:cad>87</tpx1:cad></tpx1:TrackPointExtension></extensions></trkpt><trkpt lat="39.068684" lon="-105.092186"><time>2024-08-09T19:43:36.000Z</time><ele>2421.6</ele><extensions><power>258</power><tpx1:TrackPointExtension><tpx1:atemp>18</tpx1:atemp><tpx1:hr>132</tpx1:hr><tpx1:cad>87</tpx1:cad></tpx1:TrackPointExtension></extensions></trkpt><trkpt lat="39.068626" lon="-105.092186"><time>2024-08-09T19:43:37.000Z</time><ele>2421.4</ele><extensions><power>262</power><tpx1:TrackPointExtension><tpx1:atemp>18</tpx1:atemp><tpx1:hr>132</tpx1:hr><tpx1:cad>86</tpx1:cad></tpx1:TrackPointExtension></extensions></trkpt><trkpt lat="39.068565" lon="-105.092186"><time>2024-08-09T19:43:38.000Z</time><ele>2421.4</ele><extensions><power>259</power><tpx1:TrackPointExtension><tpx1:atemp>18</tpx1:atemp><tpx1:hr>133</tpx1:hr><tpx1:cad>85</tpx1:cad></tpx1:TrackPointExtension></extensions></trkpt><trkpt lat="39.068504" lon="-105.092186"><time>2024-08-09T19:43:39.000Z</time><ele>2421.2</ele><extensions><power>266</power><tpx1:TrackPointExtension><tpx1:atemp>18</tpx1:atemp><tpx1:hr>133</tpx1:hr><tpx1:cad>84</tpx1:cad></tpx1:TrackPointExtension></extensions></trkpt><trkpt lat="39.068443" lon="-105.092186"><time>2024-08-09T19:43:40.000Z</time><ele>2421.2</ele><extensions><power>289</power><tpx1:TrackPointExtension><tpx1:atemp>18</tpx1:atemp><tpx1:hr>133</tpx1:hr><tpx1:cad>85</tpx1:cad></tpx1:TrackPointExtension></extensions></trkpt><trkpt lat="39.06839" lon="-105.092194"><time>2024-08-09T19:43:41.000Z</time><ele>2421.2</ele><extensions><power>277</power><tpx1:TrackPointExtension><tpx1:atemp>18</tpx1:atemp><tpx1:hr>134</tpx1:hr><tpx1:cad>97</tpx1:cad></tpx1:TrackPointExtension></extensions></trkpt><trkpt lat="39.068333" lon="-105.092194"><time>2024-08-09T19:43:42.000Z</time><ele>2421.2</ele><extensions><power>250</power><tpx1:TrackPointExtension><tpx1:atemp>18</tpx1:atemp><tpx1:hr>134</tpx1:hr><tpx1:cad>94</tpx1:cad></tpx1:TrackPointExtension></extensions></trkpt><trkpt lat="39.068272" lon="-105.092194"><time>2024-08-09T19:43:43.000Z</time><ele>2421.2</ele><extensions><power>228</power><tpx1:TrackPointExtension><tpx1:atemp>18</tpx1:atemp><tpx1:hr>134</tpx1:hr><tpx1:cad>92</tpx1:cad></tpx1:TrackPointExtension></extensions></trkpt><trkpt lat="39.068214" lon="-105.092194"><time>2024-08-09T19:43:44.000Z</time><ele>2421.2</ele><extensions><power>215</power><tpx1:TrackPointExtension><tpx1:atemp>18</tpx1:atemp><tpx1:hr>134</tpx1:hr><tpx1:cad>91</tpx1:cad></tpx1:TrackPointExtension></extensions></trkpt><trkpt lat="39.068161" lon="-105.092194"><time>2024-08-09T19:43:45.000Z</time><ele>2421.4</ele><extensions><power>218</power><tpx1:TrackPointExtension><tpx1:atemp>18</tpx1:atemp><tpx1:hr>134</tpx1:hr><tpx1:cad>88</tpx1:cad></tpx1:TrackPointExtension></extensions></trkpt><trkpt lat="39.068108" lon="-105.092201"><time>2024-08-09T19:43:46.000Z</time><ele>2421.4</ele><extensions><power>228</power><tpx1:TrackPointExtension><tpx1:atemp>18</tpx1:atemp><tpx1:hr>135</tpx1:hr><tpx1:cad>90</tpx1:cad></tpx1:TrackPointExtension></extensions></trkpt><trkpt lat="39.06805" lon="-105.092201"><time>2024-08-09T19:43:47.000Z</time><ele>2421.6</ele><extensions><power>246</power><tpx1:TrackPointExtension><tpx1:atemp>18</tpx1:atemp><tpx1:hr>135</tpx1:hr><tpx1:cad>88</tpx1:cad></tpx1:TrackPointExtension></extensions></trkpt><trkpt lat="39.067993" lon="-105.092201"><time>2024-08-09T19:43:48.000Z</time><ele>2421.6</ele><extensions><power>256</power><tpx1:TrackPointExtension><tpx1:atemp>18</tpx1:atemp><tpx1:hr>135</tpx1:hr><tpx1:cad>89</tpx1:cad></tpx1:TrackPointExtension></extensions></trkpt><trkpt lat="39.06794" lon="-105.092201"><time>2024-08-09T19:43:49.000Z</time><ele>2421.8</ele><extensions><power>256</power><tpx1:TrackPointExtension><tpx1:atemp>18</tpx1:atemp><tpx1:hr>136</tpx1:hr><tpx1:cad>87</tpx1:cad></tpx1:TrackPointExtension></extensions></trkpt><trkpt lat="39.067886" lon="-105.092201"><time>2024-08-09T19:43:50.000Z</time><ele>2421.8</ele><extensions><power>254</power><tpx1:TrackPointExtension><tpx1:atemp>18</tpx1:atemp><tpx1:hr>136</tpx1:hr><tpx1:cad>87</tpx1:cad></tpx1:TrackPointExtension></extensions></trkpt><trkpt lat="39.067829" lon="-105.092194"><time>2024-08-09T19:43:51.000Z</time><ele>2422</ele><extensions><power>241</power><tpx1:TrackPointExtension><tpx1:atemp>18</tpx1:atemp><tpx1:hr>136</tpx1:hr><tpx1:cad>87</tpx1:cad></tpx1:TrackPointExtension></extensions></trkpt><trkpt lat="39.067776" lon="-105.092194"><time>2024-08-09T19:43:52.000Z</time><ele>2422</ele><extensions><power>237</power><tpx1:TrackPointExtension><tpx1:atemp>18</tpx1:atemp><tpx1:hr>136</tpx1:hr><tpx1:cad>85</tpx1:cad></tpx1:TrackPointExtension></extensions></trkpt><trkpt lat="39.067726" lon="-105.092194"><time>2024-08-09T19:43:53.000Z</time><ele>2422</ele><extensions><power>229</power><tpx1:TrackPointExtension><tpx1:atemp>18</tpx1:atemp><tpx1:hr>136</tpx1:hr><tpx1:cad>86</tpx1:cad></tpx1:TrackPointExtension></extensions></trkpt><trkpt lat="39.067673" lon="-105.092194"><time>2024-08-09T19:43:54.000Z</time><ele>2422.2</ele><extensions><power>258</power><tpx1:TrackPointExtension><tpx1:atemp>18</tpx1:atemp><tpx1:hr>135</tpx1:hr><tpx1:cad>86</tpx1:cad></tpx1:TrackPointExtension></extensions></trkpt><trkpt lat="39.067619" lon="-105.092194"><time>2024-08-09T19:43:55.000Z</time><ele>2422.4</ele><extensions><power>294</power><tpx1:TrackPointExtension><tpx1:atemp>18</tpx1:atemp><tpx1:hr>135</tpx1:hr><tpx1:cad>87</tpx1:cad></tpx1:TrackPointExtension></extensions></trkpt><trkpt lat="39.067566" lon="-105.092194"><time>2024-08-09T19:43:56.000Z</time><ele>2422.6</ele><extensions><power>279</power><tpx1:TrackPointExtension><tpx1:atemp>18</tpx1:atemp><tpx1:hr>135</tpx1:hr><tpx1:cad>87</tpx1:cad></tpx1:TrackPointExtension></extensions></trkpt><trkpt lat="39.067512" lon="-105.092194"><time>2024-08-09T19:43:57.000Z</time><ele>2422.8</ele><extensions><power>269</power><tpx1:TrackPointExtension><tpx1:atemp>18</tpx1:atemp><tpx1:hr>135</tpx1:hr><tpx1:cad>86</tpx1:cad></tpx1:TrackPointExtension></extensions></trkpt><trkpt lat="39.067459" lon="-105.092201"><time>2024-08-09T19:43:58.000Z</time><ele>2423</ele><extensions><power>275</power><tpx1:TrackPointExtension><tpx1:atemp>18</tpx1:atemp><tpx1:hr>136</tpx1:hr><tpx1:cad>84</tpx1:cad></tpx1:TrackPointExtension></extensions></trkpt><trkpt lat="39.067406" lon="-105.092201"><time>2024-08-09T19:43:59.000Z</time><ele>2423.2</ele><extensions><power>282</power><tpx1:TrackPointExtension><tpx1:atemp>18</tpx1:atemp><tpx1:hr>136</tpx1:hr><tpx1:cad>85</tpx1:cad></tpx1:TrackPointExtension></extensions></trkpt><trkpt lat="39.067356" lon="-105.092201"><time>2024-08-09T19:44:00.000Z</time><ele>2423.4</ele><extensions><power>280</power><tpx1:TrackPointExtension><tpx1:atemp>18</tpx1:atemp><tpx1:hr>136</tpx1:hr><tpx1:cad>87</tpx1:cad></tpx1:TrackPointExtension></extensions></trkpt><trkpt lat="39.067299" lon="-105.092201"><time>2024-08-09T19:44:01.000Z</time><ele>2423.6</ele><extensions><power>275</power><tpx1:TrackPointExtension><tpx1:atemp>18</tpx1:atemp><tpx1:hr>136</tpx1:hr><tpx1:cad>85</tpx1:cad></tpx1:TrackPointExtension></extensions></trkpt><trkpt lat="39.067249" lon="-105.092201"><time>2024-08-09T19:44:02.000Z</time><ele>2423.6</ele><extensions><power>273</power><tpx1:TrackPointExtension><tpx1:atemp>18</tpx1:atemp><tpx1:hr>136</tpx1:hr><tpx1:cad>85</tpx1:cad></tpx1:TrackPointExtension></extensions></trkpt><trkpt lat="39.067196" lon="-105.092201"><time>2024-08-09T19:44:03.000Z</time><ele>2423.8</ele><extensions><power>279</power><tpx1:TrackPointExtension><tpx1:atemp>18</tpx1:atemp><tpx1:hr>136</tpx1:hr><tpx1:cad>85</tpx1:cad></tpx1:TrackPointExtension></extensions></trkpt><trkpt lat="39.067143" lon="-105.092201"><time>2024-08-09T19:44:04.000Z</time><ele>2423.8</ele><extensions><power>295</power><tpx1:TrackPointExtension><tpx1:atemp>18</tpx1:atemp><tpx1:hr>136</tpx1:hr><tpx1:cad>86</tpx1:cad></tpx1:TrackPointExtension></extensions></trkpt><trkpt lat="39.067089" lon="-105.092201"><time>2024-08-09T19:44:05.000Z</time><ele>2424</ele><extensions><power>292</power><tpx1:TrackPointExtension><tpx1:atemp>18</tpx1:atemp><tpx1:hr>136</tpx1:hr><tpx1:cad>87</tpx1:cad></tpx1:TrackPointExtension></extensions></trkpt><trkpt lat="39.067036" lon="-105.092201"><time>2024-08-09T19:44:06.000Z</time><ele>2424.2</ele><extensions><power>275</power><tpx1:TrackPointExtension><tpx1:atemp>18</tpx1:atemp><tpx1:hr>136</tpx1:hr><tpx1:cad>88</tpx1:cad></tpx1:TrackPointExtension></extensions></trkpt><trkpt lat="39.066978" lon="-105.092201"><time>2024-08-09T19:44:07.000Z</time><ele>2424</ele><extensions><power>266</power><tpx1:TrackPointExtension><tpx1:atemp>18</tpx1:atemp><tpx1:hr>136</tpx1:hr><tpx1:cad>88</tpx1:cad></tpx1:TrackPointExtension></extensions></trkpt><trkpt lat="39.066921" lon="-105.092201"><time>2024-08-09T19:44:08.000Z</time><ele>2424</ele><extensions><power>258</power><tpx1:TrackPointExtension><tpx1:atemp>18</tpx1:atemp><tpx1:hr>136</tpx1:hr><tpx1:cad>88</tpx1:cad></tpx1:TrackPointExtension></extensions></trkpt><trkpt lat="39.066864" lon="-105.092201"><time>2024-08-09T19:44:09.000Z</time><ele>2424</ele><extensions><power>235</power><tpx1:TrackPointExtension><tpx1:atemp>18</tpx1:atemp><tpx1:hr>136</tpx1:hr><tpx1:cad>88</tpx1:cad></tpx1:TrackPointExtension></extensions></trkpt><trkpt lat="39.066811" lon="-105.092201"><time>2024-08-09T19:44:10.000Z</time><ele>2424</ele><extensions><power>246</power><tpx1:TrackPointExtension><tpx1:atemp>18</tpx1:atemp><tpx1:hr>136</tpx1:hr><tpx1:cad>88</tpx1:cad></tpx1:TrackPointExtension></extensions></trkpt><trkpt lat="39.066757" lon="-105.092201"><time>2024-08-09T19:44:11.000Z</time><ele>2424</ele><extensions><power>250</power><tpx1:TrackPointExtension><tpx1:atemp>18</tpx1:atemp><tpx1:hr>136</tpx1:hr><tpx1:cad>88</tpx1:cad></tpx1:TrackPointExtension></extensions></trkpt><trkpt lat="39.0667" lon="-105.092209"><time>2024-08-09T19:44:12.000Z</time><ele>2424.2</ele><extensions><power>247</power><tpx1:TrackPointExtension><tpx1:atemp>18</tpx1:atemp><tpx1:hr>136</tpx1:hr><tpx1:cad>87</tpx1:cad></tpx1:TrackPointExtension></extensions></trkpt><trkpt lat="39.066647" lon="-105.092201"><time>2024-08-09T19:44:13.000Z</time><ele>2424.2</ele><extensions><power>255</power><tpx1:TrackPointExtension><tpx1:atemp>18</tpx1:atemp><tpx1:hr>136</tpx1:hr><tpx1:cad>87</tpx1:cad></tpx1:TrackPointExtension></extensions></trkpt><trkpt lat="39.066589" lon="-105.092209"><time>2024-08-09T19:44:14.000Z</time><ele>2424.4</ele><extensions><power>248</power><tpx1:TrackPointExtension><tpx1:atemp>18</tpx1:atemp><tpx1:hr>136</tpx1:hr><tpx1:cad>88</tpx1:cad></tpx1:TrackPointExtension></extensions></trkpt><trkpt lat="39.066536" lon="-105.092209"><time>2024-08-09T19:44:15.000Z</time><ele>2424.6</ele><extensions><power>239</power><tpx1:TrackPointExtension><tpx1:atemp>18</tpx1:atemp><tpx1:hr>137</tpx1:hr><tpx1:cad>90</tpx1:cad></tpx1:TrackPointExtension></extensions></trkpt><trkpt lat="39.066479" lon="-105.092209"><time>2024-08-09T19:44:16.000Z</time><ele>2424.6</ele><extensions><power>231</power><tpx1:TrackPointExtension><tpx1:atemp>18</tpx1:atemp><tpx1:hr>137</tpx1:hr><tpx1:cad>90</tpx1:cad></tpx1:TrackPointExtension></extensions></trkpt><trkpt lat="39.066421" lon="-105.092209"><time>2024-08-09T19:44:17.000Z</time><ele>2424.6</ele><extensions><power>243</power><tpx1:TrackPointExtension><tpx1:atemp>18</tpx1:atemp><tpx1:hr>137</tpx1:hr><tpx1:cad>92</tpx1:cad></tpx1:TrackPointExtension></extensions></trkpt><trkpt lat="39.066364" lon="-105.092209"><time>2024-08-09T19:44:18.000Z</time><ele>2424.6</ele><extensions><power>245</power><tpx1:TrackPointExtension><tpx1:atemp>18</tpx1:atemp><tpx1:hr>138</tpx1:hr><tpx1:cad>92</tpx1:cad></tpx1:TrackPointExtension></extensions></trkpt><trkpt lat="39.066307" lon="-105.092209"><time>2024-08-09T19:44:19.000Z</time><ele>2424.6</ele><extensions><power>239</power><tpx1:TrackPointExtension><tpx1:atemp>18</tpx1:atemp><tpx1:hr>138</tpx1:hr><tpx1:cad>92</tpx1:cad></tpx1:TrackPointExtension></extensions></trkpt><trkpt lat="39.06625" lon="-105.092216"><time>2024-08-09T19:44:20.000Z</time><ele>2424.6</ele><extensions><power>228</power><tpx1:TrackPointExtension><tpx1:atemp>18</tpx1:atemp><tpx1:hr>138</tpx1:hr><tpx1:cad>93</tpx1:cad></tpx1:TrackPointExtension></extensions></trkpt><trkpt lat="39.066193" lon="-105.092216"><time>2024-08-09T19:44:21.000Z</time><ele>2424.6</ele><extensions><power>216</power><tpx1:TrackPointExtension><tpx1:atemp>18</tpx1:atemp><tpx1:hr>138</tpx1:hr><tpx1:cad>93</tpx1:cad></tpx1:TrackPointExtension></extensions></trkpt><trkpt lat="39.066135" lon="-105.092216"><time>2024-08-09T19:44:22.000Z</time><ele>2424.8</ele><extensions><power>195</power><tpx1:TrackPointExtension><tpx1:atemp>18</tpx1:atemp><tpx1:hr>138</tpx1:hr><tpx1:cad>93</tpx1:cad></tpx1:TrackPointExtension></extensions></trkpt><trkpt lat="39.066074" lon="-105.092216"><time>2024-08-09T19:44:23.000Z</time><ele>2425</ele><extensions><power>198</power><tpx1:TrackPointExtension><tpx1:atemp>18</tpx1:atemp><tpx1:hr>138</tpx1:hr><tpx1:cad>93</tpx1:cad></tpx1:TrackPointExtension></extensions></trkpt><trkpt lat="39.066013" lon="-105.092216"><time>2024-08-09T19:44:24.000Z</time><ele>2425</ele><extensions><power>206</power><tpx1:TrackPointExtension><tpx1:atemp>18</tpx1:atemp><tpx1:hr>138</tpx1:hr><tpx1:cad>95</tpx1:cad></tpx1:TrackPointExtension></extensions></trkpt><trkpt lat="39.065952" lon="-105.092216"><time>2024-08-09T19:44:25.000Z</time><ele>2424.8</ele><extensions><power>235</power><tpx1:TrackPointExtension><tpx1:atemp>18</tpx1:atemp><tpx1:hr>138</tpx1:hr><tpx1:cad>97</tpx1:cad></tpx1:TrackPointExtension></extensions></trkpt><trkpt lat="39.065891" lon="-105.092216"><time>2024-08-09T19:44:26.000Z</time><ele>2424.8</ele><extensions><power>240</power><tpx1:TrackPointExtension><tpx1:atemp>18</tpx1:atemp><tpx1:hr>138</tpx1:hr><tpx1:cad>98</tpx1:cad></tpx1:TrackPointExtension></extensions></trkpt><trkpt lat="39.06583" lon="-105.092216"><time>2024-08-09T19:44:27.000Z</time><ele>2424.8</ele><extensions><power>242</power><tpx1:TrackPointExtension><tpx1:atemp>18</tpx1:atemp><tpx1:hr>138</tpx1:hr><tpx1:cad>97</tpx1:cad></tpx1:TrackPointExtension></extensions></trkpt><trkpt lat="39.065769" lon="-105.092216"><time>2024-08-09T19:44:28.000Z</time><ele>2424.8</ele><extensions><power>218</power><tpx1:TrackPointExtension><tpx1:atemp>18</tpx1:atemp><tpx1:hr>139</tpx1:hr><tpx1:cad>99</tpx1:cad></tpx1:TrackPointExtension></extensions></trkpt><trkpt lat="39.065708" lon="-105.092216"><time>2024-08-09T19:44:29.000Z</time><ele>2424.8</ele><extensions><power>198</power><tpx1:TrackPointExtension><tpx1:atemp>18</tpx1:atemp><tpx1:hr>138</tpx1:hr><tpx1:cad>98</tpx1:cad></tpx1:TrackPointExtension></extensions></trkpt><trkpt lat="39.065651" lon="-105.092216"><time>2024-08-09T19:44:30.000Z</time><ele>2425</ele><extensions><power>195</power><tpx1:TrackPointExtension><tpx1:atemp>18</tpx1:atemp><tpx1:hr>138</tpx1:hr><tpx1:cad>98</tpx1:cad></tpx1:TrackPointExtension></extensions></trkpt><trkpt lat="39.065594" lon="-105.092216"><time>2024-08-09T19:44:31.000Z</time><ele>2425</ele><extensions><power>194</power><tpx1:TrackPointExtension><tpx1:atemp>18</tpx1:atemp><tpx1:hr>138</tpx1:hr><tpx1:cad>98</tpx1:cad></tpx1:TrackPointExtension></extensions></trkpt><trkpt lat="39.065536" lon="-105.092224"><time>2024-08-09T19:44:32.000Z</time><ele>2425.2</ele><extensions><power>194</power><tpx1:TrackPointExtension><tpx1:atemp>18</tpx1:atemp><tpx1:hr>138</tpx1:hr><tpx1:cad>98</tpx1:cad></tpx1:TrackPointExtension></extensions></trkpt><trkpt lat="39.065475" lon="-105.092224"><time>2024-08-09T19:44:33.000Z</time><ele>2425.4</ele><extensions><power>193</power><tpx1:TrackPointExtension><tpx1:atemp>18</tpx1:atemp><tpx1:hr>137</tpx1:hr><tpx1:cad>98</tpx1:cad></tpx1:TrackPointExtension></extensions></trkpt><trkpt lat="39.065411" lon="-105.092224"><time>2024-08-09T19:44:34.000Z</time><ele>2425.6</ele><extensions><power>193</power><tpx1:TrackPointExtension><tpx1:atemp>18</tpx1:atemp><tpx1:hr>137</tpx1:hr><tpx1:cad>100</tpx1:cad></tpx1:TrackPointExtension></extensions></trkpt><trkpt lat="39.06535" lon="-105.092224"><time>2024-08-09T19:44:35.000Z</time><ele>2425.6</ele><extensions><power>205</power><tpx1:TrackPointExtension><tpx1:atemp>18</tpx1:atemp><tpx1:hr>136</tpx1:hr><tpx1:cad>99</tpx1:cad></tpx1:TrackPointExtension></extensions></trkpt><trkpt lat="39.065289" lon="-105.092224"><time>2024-08-09T19:44:36.000Z</time><ele>2425.8</ele><extensions><power>196</power><tpx1:TrackPointExtension><tpx1:atemp>18</tpx1:atemp><tpx1:hr>136</tpx1:hr><tpx1:cad>91</tpx1:cad></tpx1:TrackPointExtension></extensions></trkpt><trkpt lat="39.065227" lon="-105.092224"><time>2024-08-09T19:44:37.000Z</time><ele>2425.8</ele><extensions><power>189</power><tpx1:TrackPointExtension><tpx1:atemp>18</tpx1:atemp><tpx1:hr>135</tpx1:hr><tpx1:cad>84</tpx1:cad></tpx1:TrackPointExtension></extensions></trkpt><trkpt lat="39.065166" lon="-105.092232"><time>2024-08-09T19:44:38.000Z</time><ele>2425.8</ele><extensions><power>199</power><tpx1:TrackPointExtension><tpx1:atemp>18</tpx1:atemp><tpx1:hr>135</tpx1:hr><tpx1:cad>82</tpx1:cad></tpx1:TrackPointExtension></extensions></trkpt><trkpt lat="39.065105" lon="-105.092232"><time>2024-08-09T19:44:39.000Z</time><ele>2426</ele><extensions><power>215</power><tpx1:TrackPointExtension><tpx1:atemp>18</tpx1:atemp><tpx1:hr>135</tpx1:hr><tpx1:cad>84</tpx1:cad></tpx1:TrackPointExtension></extensions></trkpt><trkpt lat="39.065041" lon="-105.092232"><time>2024-08-09T19:44:40.000Z</time><ele>2426</ele><extensions><power>240</power><tpx1:TrackPointExtension><tpx1:atemp>18</tpx1:atemp><tpx1:hr>134</tpx1:hr><tpx1:cad>84</tpx1:cad></tpx1:TrackPointExtension></extensions></trkpt><trkpt lat="39.064972" lon="-105.092232"><time>2024-08-09T19:44:41.000Z</time><ele>2426.2</ele><extensions><power>257</power><tpx1:TrackPointExtension><tpx1:atemp>18</tpx1:atemp><tpx1:hr>133</tpx1:hr><tpx1:cad>84</tpx1:cad></tpx1:TrackPointExtension></extensions></trkpt><trkpt lat="39.064903" lon="-105.092232"><time>2024-08-09T19:44:42.000Z</time><ele>2426.2</ele><extensions><power>261</power><tpx1:TrackPointExtension><tpx1:atemp>18</tpx1:atemp><tpx1:hr>133</tpx1:hr><tpx1:cad>83</tpx1:cad></tpx1:TrackPointExtension></extensions></trkpt><trkpt lat="39.064835" lon="-105.092232"><time>2024-08-09T19:44:43.000Z</time><ele>2426.2</ele><extensions><power>242</power><tpx1:TrackPointExtension><tpx1:atemp>18</tpx1:atemp><tpx1:hr>133</tpx1:hr><tpx1:cad>86</tpx1:cad></tpx1:TrackPointExtension></extensions></trkpt><trkpt lat="39.06477" lon="-105.092232"><time>2024-08-09T19:44:44.000Z</time><ele>2426.2</ele><extensions><power>204</power><tpx1:TrackPointExtension><tpx1:atemp>18</tpx1:atemp><tpx1:hr>133</tpx1:hr><tpx1:cad>85</tpx1:cad></tpx1:TrackPointExtension></extensions></trkpt><trkpt lat="39.064705" lon="-105.092232"><time>2024-08-09T19:44:45.000Z</time><ele>2426.2</ele><extensions><power>197</power><tpx1:TrackPointExtension><tpx1:atemp>18</tpx1:atemp><tpx1:hr>133</tpx1:hr><tpx1:cad>82</tpx1:cad></tpx1:TrackPointExtension></extensions></trkpt><trkpt lat="39.064644" lon="-105.092232"><time>2024-08-09T19:44:46.000Z</time><ele>2426.2</ele><extensions><power>196</power><tpx1:TrackPointExtension><tpx1:atemp>18</tpx1:atemp><tpx1:hr>133</tpx1:hr><tpx1:cad>82</tpx1:cad></tpx1:TrackPointExtension></extensions></trkpt><trkpt lat="39.064579" lon="-105.092232"><time>2024-08-09T19:44:47.000Z</time><ele>2426.2</ele><extensions><power>202</power><tpx1:TrackPointExtension><tpx1:atemp>18</tpx1:atemp><tpx1:hr>133</tpx1:hr><tpx1:cad>81</tpx1:cad></tpx1:TrackPointExtension></extensions></trkpt><trkpt lat="39.064514" lon="-105.092232"><time>2024-08-09T19:44:48.000Z</time><ele>2426.2</ele><extensions><power>218</power><tpx1:TrackPointExtension><tpx1:atemp>18</tpx1:atemp><tpx1:hr>134</tpx1:hr><tpx1:cad>81</tpx1:cad></tpx1:TrackPointExtension></extensions></trkpt><trkpt lat="39.064449" lon="-105.092232"><time>2024-08-09T19:44:49.000Z</time><ele>2426.4</ele><extensions><power>228</power><tpx1:TrackPointExtension><tpx1:atemp>18</tpx1:atemp><tpx1:hr>133</tpx1:hr><tpx1:cad>80</tpx1:cad></tpx1:TrackPointExtension></extensions></trkpt><trkpt lat="39.064388" lon="-105.092232"><time>2024-08-09T19:44:50.000Z</time><ele>2426.4</ele><extensions><power>237</power><tpx1:TrackPointExtension><tpx1:atemp>18</tpx1:atemp><tpx1:hr>133</tpx1:hr><tpx1:cad>80</tpx1:cad></tpx1:TrackPointExtension></extensions></trkpt><trkpt lat="39.064331" lon="-105.092232"><time>2024-08-09T19:44:51.000Z</time><ele>2426.6</ele><extensions><power>253</power><tpx1:TrackPointExtension><tpx1:atemp>18</tpx1:atemp><tpx1:hr>133</tpx1:hr><tpx1:cad>80</tpx1:cad></tpx1:TrackPointExtension></extensions></trkpt><trkpt lat="39.064274" lon="-105.092232"><time>2024-08-09T19:44:52.000Z</time><ele>2426.6</ele><extensions><power>254</power><tpx1:TrackPointExtension><tpx1:atemp>18</tpx1:atemp><tpx1:hr>133</tpx1:hr><tpx1:cad>81</tpx1:cad></tpx1:TrackPointExtension></extensions></trkpt><trkpt lat="39.064213" lon="-105.092232"><time>2024-08-09T19:44:53.000Z</time><ele>2426.8</ele><extensions><power>253</power><tpx1:TrackPointExtension><tpx1:atemp>18</tpx1:atemp><tpx1:hr>132</tpx1:hr><tpx1:cad>82</tpx1:cad></tpx1:TrackPointExtension></extensions></trkpt><trkpt lat="39.064152" lon="-105.092232"><time>2024-08-09T19:44:54.000Z</time><ele>2426.8</ele><extensions><power>254</power><tpx1:TrackPointExtension><tpx1:atemp>18</tpx1:atemp><tpx1:hr>131</tpx1:hr><tpx1:cad>80</tpx1:cad></tpx1:TrackPointExtension></extensions></trkpt><trkpt lat="39.064083" lon="-105.092232"><time>2024-08-09T19:44:55.000Z</time><ele>2427</ele><extensions><power>259</power><tpx1:TrackPointExtension><tpx1:atemp>18</tpx1:atemp><tpx1:hr>130</tpx1:hr><tpx1:cad>81</tpx1:cad></tpx1:TrackPointExtension></extensions></trkpt><trkpt lat="39.064018" lon="-105.092232"><time>2024-08-09T19:44:56.000Z</time><ele>2427.2</ele><extensions><power>261</power><tpx1:TrackPointExtension><tpx1:atemp>18</tpx1:atemp><tpx1:hr>129</tpx1:hr><tpx1:cad>81</tpx1:cad></tpx1:TrackPointExtension></extensions></trkpt><trkpt lat="39.063953" lon="-105.092232"><time>2024-08-09T19:44:57.000Z</time><ele>2427.4</ele><extensions><power>254</power><tpx1:TrackPointExtension><tpx1:atemp>18</tpx1:atemp><tpx1:hr>129</tpx1:hr><tpx1:cad>81</tpx1:cad></tpx1:TrackPointExtension></extensions></trkpt><trkpt lat="39.063889" lon="-105.092239"><time>2024-08-09T19:44:58.000Z</time><ele>2427.4</ele><extensions><power>249</power><tpx1:TrackPointExtension><tpx1:atemp>17</tpx1:atemp><tpx1:hr>128</tpx1:hr><tpx1:cad>80</tpx1:cad></tpx1:TrackPointExtension></extensions></trkpt><trkpt lat="39.063824" lon="-105.092239"><time>2024-08-09T19:44:59.000Z</time><ele>2427.6</ele><extensions><power>264</power><tpx1:TrackPointExtension><tpx1:atemp>17</tpx1:atemp><tpx1:hr>128</tpx1:hr><tpx1:cad>79</tpx1:cad></tpx1:TrackPointExtension></extensions></trkpt><trkpt lat="39.063763" lon="-105.092247"><time>2024-08-09T19:45:00.000Z</time><ele>2427.6</ele><extensions><power>296</power><tpx1:TrackPointExtension><tpx1:atemp>17</tpx1:atemp><tpx1:hr>128</tpx1:hr><tpx1:cad>81</tpx1:cad></tpx1:TrackPointExtension></extensions></trkpt><trkpt lat="39.063698" lon="-105.092247"><time>2024-08-09T19:45:01.000Z</time><ele>2427.6</ele><extensions><power>280</power><tpx1:TrackPointExtension><tpx1:atemp>17</tpx1:atemp><tpx1:hr>129</tpx1:hr><tpx1:cad>80</tpx1:cad></tpx1:TrackPointExtension></extensions></trkpt><trkpt lat="39.063637" lon="-105.092247"><time>2024-08-09T19:45:02.000Z</time><ele>2427.8</ele><extensions><power>261</power><tpx1:TrackPointExtension><tpx1:atemp>17</tpx1:atemp><tpx1:hr>129</tpx1:hr><tpx1:cad>81</tpx1:cad></tpx1:TrackPointExtension></extensions></trkpt><trkpt lat="39.063572" lon="-105.092247"><time>2024-08-09T19:45:03.000Z</time><ele>2428</ele><extensions><power>256</power><tpx1:TrackPointExtension><tpx1:atemp>17</tpx1:atemp><tpx1:hr>129</tpx1:hr><tpx1:cad>80</tpx1:cad></tpx1:TrackPointExtension></extensions></trkpt><trkpt lat="39.063511" lon="-105.092247"><time>2024-08-09T19:45:04.000Z</time><ele>2428</ele><extensions><power>254</power><tpx1:TrackPointExtension><tpx1:atemp>17</tpx1:atemp><tpx1:hr>129</tpx1:hr><tpx1:cad>79</tpx1:cad></tpx1:TrackPointExtension></extensions></trkpt><trkpt lat="39.063446" lon="-105.092247"><time>2024-08-09T19:45:05.000Z</time><ele>2428</ele><extensions><power>262</power><tpx1:TrackPointExtension><tpx1:atemp>17</tpx1:atemp><tpx1:hr>129</tpx1:hr><tpx1:cad>79</tpx1:cad></tpx1:TrackPointExtension></extensions></trkpt><trkpt lat="39.063389" lon="-105.092247"><time>2024-08-09T19:45:06.000Z</time><ele>2428.2</ele><extensions><power>289</power><tpx1:TrackPointExtension><tpx1:atemp>17</tpx1:atemp><tpx1:hr>129</tpx1:hr><tpx1:cad>80</tpx1:cad></tpx1:TrackPointExtension></extensions></trkpt><trkpt lat="39.063328" lon="-105.092255"><time>2024-08-09T19:45:07.000Z</time><ele>2428.2</ele><extensions><power>288</power><tpx1:TrackPointExtension><tpx1:atemp>17</tpx1:atemp><tpx1:hr>129</tpx1:hr><tpx1:cad>80</tpx1:cad></tpx1:TrackPointExtension></extensions></trkpt><trkpt lat="39.063267" lon="-105.092255"><time>2024-08-09T19:45:08.000Z</time><ele>2428.2</ele><extensions><power>254</power><tpx1:TrackPointExtension><tpx1:atemp>17</tpx1:atemp><tpx1:hr>129</tpx1:hr><tpx1:cad>81</tpx1:cad></tpx1:TrackPointExtension></extensions></trkpt><trkpt lat="39.063206" lon="-105.092255"><time>2024-08-09T19:45:09.000Z</time><ele>2428.4</ele><extensions><power>243</power><tpx1:TrackPointExtension><tpx1:atemp>17</tpx1:atemp><tpx1:hr>129</tpx1:hr><tpx1:cad>80</tpx1:cad></tpx1:TrackPointExtension></extensions></trkpt><trkpt lat="39.063145" lon="-105.092255"><time>2024-08-09T19:45:10.000Z</time><ele>2428.6</ele><extensions><power>255</power><tpx1:TrackPointExtension><tpx1:atemp>17</tpx1:atemp><tpx1:hr>130</tpx1:hr><tpx1:cad>81</tpx1:cad></tpx1:TrackPointExtension></extensions></trkpt><trkpt lat="39.063084" lon="-105.092255"><time>2024-08-09T19:45:11.000Z</time><ele>2428.8</ele><extensions><power>260</power><tpx1:TrackPointExtension><tpx1:atemp>17</tpx1:atemp><tpx1:hr>130</tpx1:hr><tpx1:cad>82</tpx1:cad></tpx1:TrackPointExtension></extensions></trkpt><trkpt lat="39.063023" lon="-105.092255"><time>2024-08-09T19:45:12.000Z</time><ele>2428.8</ele><extensions><power>249</power><tpx1:TrackPointExtension><tpx1:atemp>17</tpx1:atemp><tpx1:hr>130</tpx1:hr><tpx1:cad>84</tpx1:cad></tpx1:TrackPointExtension></extensions></trkpt><trkpt lat="39.062962" lon="-105.092255"><time>2024-08-09T19:45:13.000Z</time><ele>2429</ele><extensions><power>218</power><tpx1:TrackPointExtension><tpx1:atemp>17</tpx1:atemp><tpx1:hr>131</tpx1:hr><tpx1:cad>83</tpx1:cad></tpx1:TrackPointExtension></extensions></trkpt><trkpt lat="39.062897" lon="-105.092255"><time>2024-08-09T19:45:14.000Z</time><ele>2429</ele><extensions><power>203</power><tpx1:TrackPointExtension><tpx1:atemp>17</tpx1:atemp><tpx1:hr>131</tpx1:hr><tpx1:cad>83</tpx1:cad></tpx1:TrackPointExtension></extensions></trkpt><trkpt lat="39.062832" lon="-105.092255"><time>2024-08-09T19:45:15.000Z</time><ele>2429.2</ele><extensions><power>190</power><tpx1:TrackPointExtension><tpx1:atemp>17</tpx1:atemp><tpx1:hr>131</tpx1:hr><tpx1:cad>84</tpx1:cad></tpx1:TrackPointExtension></extensions></trkpt><trkpt lat="39.062763" lon="-105.092262"><time>2024-08-09T19:45:16.000Z</time><ele>2429.2</ele><extensions><power>187</power><tpx1:TrackPointExtension><tpx1:atemp>17</tpx1:atemp><tpx1:hr>131</tpx1:hr><tpx1:cad>83</tpx1:cad></tpx1:TrackPointExtension></extensions></trkpt><trkpt lat="39.062695" lon="-105.092262"><time>2024-08-09T19:45:17.000Z</time><ele>2429.4</ele><extensions><power>183</power><tpx1:TrackPointExtension><tpx1:atemp>17</tpx1:atemp><tpx1:hr>132</tpx1:hr><tpx1:cad>85</tpx1:cad></tpx1:TrackPointExtension></extensions></trkpt><trkpt lat="39.062626" lon="-105.092262"><time>2024-08-09T19:45:18.000Z</time><ele>2429.4</ele><extensions><power>179</power><tpx1:TrackPointExtension><tpx1:atemp>17</tpx1:atemp><tpx1:hr>132</tpx1:hr><tpx1:cad>86</tpx1:cad></tpx1:TrackPointExtension></extensions></trkpt><trkpt lat="39.062557" lon="-105.092262"><time>2024-08-09T19:45:19.000Z</time><ele>2429.4</ele><extensions><power>179</power><tpx1:TrackPointExtension><tpx1:atemp>17</tpx1:atemp><tpx1:hr>132</tpx1:hr><tpx1:cad>86</tpx1:cad></tpx1:TrackPointExtension></extensions></trkpt><trkpt lat="39.062489" lon="-105.092262"><time>2024-08-09T19:45:20.000Z</time><ele>2429.4</ele><extensions><power>184</power><tpx1:TrackPointExtension><tpx1:atemp>17</tpx1:atemp><tpx1:hr>131</tpx1:hr><tpx1:cad>85</tpx1:cad></tpx1:TrackPointExtension></extensions></trkpt><trkpt lat="39.062424" lon="-105.09227"><time>2024-08-09T19:45:21.000Z</time><ele>2429.6</ele><extensions><power>200</power><tpx1:TrackPointExtension><tpx1:atemp>17</tpx1:atemp><tpx1:hr>131</tpx1:hr><tpx1:cad>87</tpx1:cad></tpx1:TrackPointExtension></extensions></trkpt><trkpt lat="39.062351" lon="-105.09227"><time>2024-08-09T19:45:22.000Z</time><ele>2429.6</ele><extensions><power>230</power><tpx1:TrackPointExtension><tpx1:atemp>17</tpx1:atemp><tpx1:hr>131</tpx1:hr><tpx1:cad>90</tpx1:cad></tpx1:TrackPointExtension></extensions></trkpt><trkpt lat="39.062279" lon="-105.09227"><time>2024-08-09T19:45:23.000Z</time><ele>2429.6</ele><extensions><power>245</power><tpx1:TrackPointExtension><tpx1:atemp>17</tpx1:atemp><tpx1:hr>131</tpx1:hr><tpx1:cad>91</tpx1:cad></tpx1:TrackPointExtension></extensions></trkpt><trkpt lat="39.062202" lon="-105.09227"><time>2024-08-09T19:45:24.000Z</time><ele>2429.6</ele><extensions><power>240</power><tpx1:TrackPointExtension><tpx1:atemp>17</tpx1:atemp><tpx1:hr>131</tpx1:hr><tpx1:cad>94</tpx1:cad></tpx1:TrackPointExtension></extensions></trkpt><trkpt lat="39.062118" lon="-105.09227"><time>2024-08-09T19:45:25.000Z</time><ele>2429.4</ele><extensions><power>232</power><tpx1:TrackPointExtension><tpx1:atemp>17</tpx1:atemp><tpx1:hr>131</tpx1:hr><tpx1:cad>96</tpx1:cad></tpx1:TrackPointExtension></extensions></trkpt><trkpt lat="39.062042" lon="-105.09227"><time>2024-08-09T19:45:26.000Z</time><ele>2429.4</ele><extensions><power>230</power><tpx1:TrackPointExtension><tpx1:atemp>17</tpx1:atemp><tpx1:hr>131</tpx1:hr><tpx1:cad>99</tpx1:cad></tpx1:TrackPointExtension></extensions></trkpt><trkpt lat="39.061962" lon="-105.09227"><time>2024-08-09T19:45:27.000Z</time><ele>2429.4</ele><extensions><power>232</power><tpx1:TrackPointExtension><tpx1:atemp>17</tpx1:atemp><tpx1:hr>131</tpx1:hr><tpx1:cad>100</tpx1:cad></tpx1:TrackPointExtension></extensions></trkpt><trkpt lat="39.061878" lon="-105.09227"><time>2024-08-09T19:45:28.000Z</time><ele>2429.4</ele><extensions><power>234</power><tpx1:TrackPointExtension><tpx1:atemp>17</tpx1:atemp><tpx1:hr>131</tpx1:hr><tpx1:cad>98</tpx1:cad></tpx1:TrackPointExtension></extensions></trkpt><trkpt lat="39.061794" lon="-105.09227"><time>2024-08-09T19:45:29.000Z</time><ele>2429.2</ele><extensions><power>169</power><tpx1:TrackPointExtension><tpx1:atemp>17</tpx1:atemp><tpx1:hr>131</tpx1:hr><tpx1:cad>76</tpx1:cad></tpx1:TrackPointExtension></extensions></trkpt><trkpt lat="39.061703" lon="-105.09227"><time>2024-08-09T19:45:30.000Z</time><ele>2429</ele><extensions><power>137</power><tpx1:TrackPointExtension><tpx1:atemp>17</tpx1:atemp><tpx1:hr>131</tpx1:hr><tpx1:cad>77</tpx1:cad></tpx1:TrackPointExtension></extensions></trkpt><trkpt lat="39.061611" lon="-105.09227"><time>2024-08-09T19:45:31.000Z</time><ele>2428.8</ele><extensions><power>154</power><tpx1:TrackPointExtension><tpx1:atemp>17</tpx1:atemp><tpx1:hr>131</tpx1:hr><tpx1:cad>78</tpx1:cad></tpx1:TrackPointExtension></extensions></trkpt><trkpt lat="39.061516" lon="-105.092262"><time>2024-08-09T19:45:32.000Z</time><ele>2428.6</ele><extensions><power>167</power><tpx1:TrackPointExtension><tpx1:atemp>17</tpx1:atemp><tpx1:hr>131</tpx1:hr><tpx1:cad>78</tpx1:cad></tpx1:TrackPointExtension></extensions></trkpt><trkpt lat="39.061417" lon="-105.092255"><time>2024-08-09T19:45:33.000Z</time><ele>2428.2</ele><extensions><power>167</power><tpx1:TrackPointExtension><tpx1:atemp>17</tpx1:atemp><tpx1:hr>131</tpx1:hr><tpx1:cad>82</tpx1:cad></tpx1:TrackPointExtension></extensions></trkpt><trkpt lat="39.061314" lon="-105.092255"><time>2024-08-09T19:45:34.000Z</time><ele>2427.8</ele><extensions><power>164</power><tpx1:TrackPointExtension><tpx1:atemp>17</tpx1:atemp><tpx1:hr>131</tpx1:hr><tpx1:cad>82</tpx1:cad></tpx1:TrackPointExtension></extensions></trkpt><trkpt lat="39.061207" lon="-105.092255"><time>2024-08-09T19:45:35.000Z</time><ele>2427.8</ele><extensions><power>165</power><tpx1:TrackPointExtension><tpx1:atemp>17</tpx1:atemp><tpx1:hr>132</tpx1:hr><tpx1:cad>85</tpx1:cad></tpx1:TrackPointExtension></extensions></trkpt><trkpt lat="39.061104" lon="-105.092247"><time>2024-08-09T19:45:36.000Z</time><ele>2427.4</ele><extensions><power>168</power><tpx1:TrackPointExtension><tpx1:atemp>17</tpx1:atemp><tpx1:hr>132</tpx1:hr><tpx1:cad>85</tpx1:cad></tpx1:TrackPointExtension></extensions></trkpt><trkpt lat="39.061001" lon="-105.092262"><time>2024-08-09T19:45:37.000Z</time><ele>2427.2</ele><extensions><power>168</power><tpx1:TrackPointExtension><tpx1:atemp>17</tpx1:atemp><tpx1:hr>132</tpx1:hr><tpx1:cad>87</tpx1:cad></tpx1:TrackPointExtension></extensions></trkpt><trkpt lat="39.060902" lon="-105.09227"><time>2024-08-09T19:45:38.000Z</time><ele>2427</ele><extensions><power>166</power><tpx1:TrackPointExtension><tpx1:atemp>17</tpx1:atemp><tpx1:hr>131</tpx1:hr><tpx1:cad>89</tpx1:cad></tpx1:TrackPointExtension></extensions></trkpt><trkpt lat="39.060799" lon="-105.092262"><time>2024-08-09T19:45:39.000Z</time><ele>2426.8</ele><extensions><power>172</power><tpx1:TrackPointExtension><tpx1:atemp>17</tpx1:atemp><tpx1:hr>127</tpx1:hr><tpx1:cad>89</tpx1:cad></tpx1:TrackPointExtension></extensions></trkpt><trkpt lat="39.060692" lon="-105.092255"><time>2024-08-09T19:45:40.000Z</time><ele>2426.6</ele><extensions><power>183</power><tpx1:TrackPointExtension><tpx1:atemp>17</tpx1:atemp><tpx1:hr>124</tpx1:hr><tpx1:cad>92</tpx1:cad></tpx1:TrackPointExtension></extensions></trkpt><trkpt lat="39.060585" lon="-105.092262"><time>2024-08-09T19:45:41.000Z</time><ele>2426.2</ele><extensions><power>187</power><tpx1:TrackPointExtension><tpx1:atemp>17</tpx1:atemp><tpx1:hr>122</tpx1:hr><tpx1:cad>92</tpx1:cad></tpx1:TrackPointExtension></extensions></trkpt><trkpt lat="39.060482" lon="-105.092255"><time>2024-08-09T19:45:42.000Z</time><ele>2426</ele><extensions><power>185</power><tpx1:TrackPointExtension><tpx1:atemp>17</tpx1:atemp><tpx1:hr>122</tpx1:hr><tpx1:cad>91</tpx1:cad></tpx1:TrackPointExtension></extensions></trkpt><trkpt lat="39.060379" lon="-105.092262"><time>2024-08-09T19:45:43.000Z</time><ele>2425.8</ele><extensions><power>173</power><tpx1:TrackPointExtension><tpx1:atemp>17</tpx1:atemp><tpx1:hr>122</tpx1:hr><tpx1:cad>91</tpx1:cad></tpx1:TrackPointExtension></extensions></trkpt><trkpt lat="39.060284" lon="-105.092277"><time>2024-08-09T19:45:44.000Z</time><ele>2425.8</ele><extensions><power>175</power><tpx1:TrackPointExtension><tpx1:atemp>17</tpx1:atemp><tpx1:hr>122</tpx1:hr><tpx1:cad>88</tpx1:cad></tpx1:TrackPointExtension></extensions></trkpt><trkpt lat="39.060192" lon="-105.092285"><time>2024-08-09T19:45:45.000Z</time><ele>2425.8</ele><extensions><power>188</power><tpx1:TrackPointExtension><tpx1:atemp>17</tpx1:atemp><tpx1:hr>122</tpx1:hr><tpx1:cad>86</tpx1:cad></tpx1:TrackPointExtension></extensions></trkpt><trkpt lat="39.060101" lon="-105.092293"><time>2024-08-09T19:45:46.000Z</time><ele>2425.8</ele><extensions><power>201</power><tpx1:TrackPointExtension><tpx1:atemp>17</tpx1:atemp><tpx1:hr>120</tpx1:hr><tpx1:cad>86</tpx1:cad></tpx1:TrackPointExtension></extensions></trkpt><trkpt lat="39.060013" lon="-105.0923"><time>2024-08-09T19:45:47.000Z</time><ele>2426</ele><extensions><power>220</power><tpx1:TrackPointExtension><tpx1:atemp>17</tpx1:atemp><tpx1:hr>119</tpx1:hr><tpx1:cad>95</tpx1:cad></tpx1:TrackPointExtension></extensions></trkpt><trkpt lat="39.059929" lon="-105.092293"><time>2024-08-09T19:45:48.000Z</time><ele>2426.2</ele><extensions><power>237</power><tpx1:TrackPointExtension><tpx1:atemp>17</tpx1:atemp><tpx1:hr>119</tpx1:hr><tpx1:cad>94</tpx1:cad></tpx1:TrackPointExtension></extensions></trkpt><trkpt lat="39.059837" lon="-105.092277"><time>2024-08-09T19:45:49.000Z</time><ele>2426.4</ele><extensions><power>220</power><tpx1:TrackPointExtension><tpx1:atemp>17</tpx1:atemp><tpx1:hr>119</tpx1:hr><tpx1:cad>91</tpx1:cad></tpx1:TrackPointExtension></extensions></trkpt><trkpt lat="39.05975" lon="-105.092262"><time>2024-08-09T19:45:50.000Z</time><ele>2426.4</ele><extensions><power>218</power><tpx1:TrackPointExtension><tpx1:atemp>17</tpx1:atemp><tpx1:hr>120</tpx1:hr><tpx1:cad>90</tpx1:cad></tpx1:TrackPointExtension></extensions></trkpt><trkpt lat="39.059666" lon="-105.092247"><time>2024-08-09T19:45:51.000Z</time><ele>2426.4</ele><extensions><power>225</power><tpx1:TrackPointExtension><tpx1:atemp>17</tpx1:atemp><tpx1:hr>119</tpx1:hr><tpx1:cad>88</tpx1:cad></tpx1:TrackPointExtension></extensions></trkpt><trkpt lat="39.059582" lon="-105.092232"><time>2024-08-09T19:45:52.000Z</time><ele>2426.8</ele><extensions><power>228</power><tpx1:TrackPointExtension><tpx1:atemp>17</tpx1:atemp><tpx1:hr>118</tpx1:hr><tpx1:cad>87</tpx1:cad></tpx1:TrackPointExtension></extensions></trkpt><trkpt lat="39.059505" lon="-105.092216"><time>2024-08-09T19:45:53.000Z</time><ele>2427</ele><extensions><power>242</power><tpx1:TrackPointExtension><tpx1:atemp>17</tpx1:atemp><tpx1:hr>118</tpx1:hr><tpx1:cad>85</tpx1:cad></tpx1:TrackPointExtension></extensions></trkpt><trkpt lat="39.059429" lon="-105.092194"><time>2024-08-09T19:45:54.000Z</time><ele>2427.4</ele><extensions><power>255</power><tpx1:TrackPointExtension><tpx1:atemp>17</tpx1:atemp><tpx1:hr>117</tpx1:hr><tpx1:cad>87</tpx1:cad></tpx1:TrackPointExtension></extensions></trkpt><trkpt lat="39.059353" lon="-105.092171"><time>2024-08-09T19:45:55.000Z</time><ele>2427.4</ele><extensions><power>267</power><tpx1:TrackPointExtension><tpx1:atemp>17</tpx1:atemp><tpx1:hr>117</tpx1:hr><tpx1:cad>89</tpx1:cad></tpx1:TrackPointExtension></extensions></trkpt><trkpt lat="39.05928" lon="-105.092148"><time>2024-08-09T19:45:56.000Z</time><ele>2427.6</ele><extensions><power>237</power><tpx1:TrackPointExtension><tpx1:atemp>17</tpx1:atemp><tpx1:hr>117</tpx1:hr><tpx1:cad>96</tpx1:cad></tpx1:TrackPointExtension></extensions></trkpt><trkpt lat="39.059212" lon="-105.092125"><time>2024-08-09T19:45:57.000Z</time><ele>2427.8</ele><extensions><power>247</power><tpx1:TrackPointExtension><tpx1:atemp>17</tpx1:atemp><tpx1:hr>117</tpx1:hr><tpx1:cad>94</tpx1:cad></tpx1:TrackPointExtension></extensions></trkpt><trkpt lat="39.059147" lon="-105.092102"><time>2024-08-09T19:45:58.000Z</time><ele>2428</ele><extensions><power>253</power><tpx1:TrackPointExtension><tpx1:atemp>17</tpx1:atemp><tpx1:hr>118</tpx1:hr><tpx1:cad>89</tpx1:cad></tpx1:TrackPointExtension></extensions></trkpt><trkpt lat="39.05909" lon="-105.092071"><time>2024-08-09T19:45:59.000Z</time><ele>2428.2</ele><extensions><power>253</power><tpx1:TrackPointExtension><tpx1:atemp>17</tpx1:atemp><tpx1:hr>118</tpx1:hr><tpx1:cad>85</tpx1:cad></tpx1:TrackPointExtension></extensions></trkpt><trkpt lat="39.059032" lon="-105.092041"><time>2024-08-09T19:46:00.000Z</time><ele>2428.6</ele><extensions><power>256</power><tpx1:TrackPointExtension><tpx1:atemp>17</tpx1:atemp><tpx1:hr>118</tpx1:hr><tpx1:cad>85</tpx1:cad></tpx1:TrackPointExtension></extensions></trkpt><trkpt lat="39.058979" lon="-105.09201"><time>2024-08-09T19:46:01.000Z</time><ele>2428.4</ele><extensions><power>260</power><tpx1:TrackPointExtension><tpx1:atemp>17</tpx1:atemp><tpx1:hr>119</tpx1:hr><tpx1:cad>86</tpx1:cad></tpx1:TrackPointExtension></extensions></trkpt><trkpt lat="39.058929" lon="-105.09198"><time>2024-08-09T19:46:02.000Z</time><ele>2428.6</ele><extensions><power>287</power><tpx1:TrackPointExtension><tpx1:atemp>17</tpx1:atemp><tpx1:hr>120</tpx1:hr><tpx1:cad>82</tpx1:cad></tpx1:TrackPointExtension></extensions></trkpt><trkpt lat="39.05888" lon="-105.091957"><time>2024-08-09T19:46:03.000Z</time><ele>2428.8</ele><extensions><power>297</power><tpx1:TrackPointExtension><tpx1:atemp>17</tpx1:atemp><tpx1:hr>122</tpx1:hr><tpx1:cad>76</tpx1:cad></tpx1:TrackPointExtension></extensions></trkpt><trkpt lat="39.058834" lon="-105.091927"><time>2024-08-09T19:46:04.000Z</time><ele>2429</ele><extensions><power>308</power><tpx1:TrackPointExtension><tpx1:atemp>17</tpx1:atemp><tpx1:hr>122</tpx1:hr><tpx1:cad>87</tpx1:cad></tpx1:TrackPointExtension></extensions></trkpt><trkpt lat="39.058788" lon="-105.091896"><time>2024-08-09T19:46:05.000Z</time><ele>2429.2</ele><extensions><power>324</power><tpx1:TrackPointExtension><tpx1:atemp>17</tpx1:atemp><tpx1:hr>122</tpx1:hr><tpx1:cad>84</tpx1:cad></tpx1:TrackPointExtension></extensions></trkpt><trkpt lat="39.058746" lon="-105.091866"><time>2024-08-09T19:46:06.000Z</time><ele>2429.6</ele><extensions><power>306</power><tpx1:TrackPointExtension><tpx1:atemp>17</tpx1:atemp><tpx1:hr>122</tpx1:hr><tpx1:cad>81</tpx1:cad></tpx1:TrackPointExtension></extensions></trkpt><trkpt lat="39.058704" lon="-105.091835"><time>2024-08-09T19:46:07.000Z</time><ele>2430.2</ele><extensions><power>312</power><tpx1:TrackPointExtension><tpx1:atemp>17</tpx1:atemp><tpx1:hr>122</tpx1:hr><tpx1:cad>79</tpx1:cad></tpx1:TrackPointExtension></extensions></trkpt><trkpt lat="39.058662" lon="-105.091804"><time>2024-08-09T19:46:08.000Z</time><ele>2430.8</ele><extensions><power>319</power><tpx1:TrackPointExtension><tpx1:atemp>17</tpx1:atemp><tpx1:hr>123</tpx1:hr><tpx1:cad>78</tpx1:cad></tpx1:TrackPointExtension></extensions></trkpt><trkpt lat="39.05862" lon="-105.091774"><time>2024-08-09T19:46:09.000Z</time><ele>2431</ele><extensions><power>326</power><tpx1:TrackPointExtension><tpx1:atemp>17</tpx1:atemp><tpx1:hr>125</tpx1:hr><tpx1:cad>77</tpx1:cad></tpx1:TrackPointExtension></extensions></trkpt><trkpt lat="39.058586" lon="-105.091751"><time>2024-08-09T19:46:10.000Z</time><ele>2431.4</ele><extensions><power>331</power><tpx1:TrackPointExtension><tpx1:atemp>17</tpx1:atemp><tpx1:hr>125</tpx1:hr><tpx1:cad>106</tpx1:cad></tpx1:TrackPointExtension></extensions></trkpt><trkpt lat="39.058548" lon="-105.091713"><time>2024-08-09T19:46:11.000Z</time><ele>2431.6</ele><extensions><power>325</power><tpx1:TrackPointExtension><tpx1:atemp>17</tpx1:atemp><tpx1:hr>126</tpx1:hr><tpx1:cad>88</tpx1:cad></tpx1:TrackPointExtension></extensions></trkpt><trkpt lat="39.058514" lon="-105.091682"><time>2024-08-09T19:46:12.000Z</time><ele>2432</ele><extensions><power>313</power><tpx1:TrackPointExtension><tpx1:atemp>17</tpx1:atemp><tpx1:hr>126</tpx1:hr><tpx1:cad>79</tpx1:cad></tpx1:TrackPointExtension></extensions></trkpt><trkpt lat="39.058483" lon="-105.091652"><time>2024-08-09T19:46:13.000Z</time><ele>2432.4</ele><extensions><power>303</power><tpx1:TrackPointExtension><tpx1:atemp>17</tpx1:atemp><tpx1:hr>126</tpx1:hr><tpx1:cad>81</tpx1:cad></tpx1:TrackPointExtension></extensions></trkpt><trkpt lat="39.058449" lon="-105.091621"><time>2024-08-09T19:46:14.000Z</time><ele>2432.8</ele><extensions><power>301</power><tpx1:TrackPointExtension><tpx1:atemp>17</tpx1:atemp><tpx1:hr>126</tpx1:hr><tpx1:cad>79</tpx1:cad></tpx1:TrackPointExtension></extensions></trkpt><trkpt lat="39.058418" lon="-105.091591"><time>2024-08-09T19:46:15.000Z</time><ele>2433.2</ele><extensions><power>297</power><tpx1:TrackPointExtension><tpx1:atemp>17</tpx1:atemp><tpx1:hr>127</tpx1:hr><tpx1:cad>78</tpx1:cad></tpx1:TrackPointExtension></extensions></trkpt><trkpt lat="39.058384" lon="-105.09156"><time>2024-08-09T19:46:16.000Z</time><ele>2433.4</ele><extensions><power>308</power><tpx1:TrackPointExtension><tpx1:atemp>17</tpx1:atemp><tpx1:hr>128</tpx1:hr><tpx1:cad>78</tpx1:cad></tpx1:TrackPointExtension></extensions></trkpt><trkpt lat="39.058357" lon="-105.09153"><time>2024-08-09T19:46:17.000Z</time><ele>2433.6</ele><extensions><power>314</power><tpx1:TrackPointExtension><tpx1:atemp>17</tpx1:atemp><tpx1:hr>130</tpx1:hr><tpx1:cad>81</tpx1:cad></tpx1:TrackPointExtension></extensions></trkpt><trkpt lat="39.058331" lon="-105.091499"><time>2024-08-09T19:46:18.000Z</time><ele>2433.8</ele><extensions><power>308</power><tpx1:TrackPointExtension><tpx1:atemp>17</tpx1:atemp><tpx1:hr>131</tpx1:hr><tpx1:cad>83</tpx1:cad></tpx1:TrackPointExtension></extensions></trkpt><trkpt lat="39.0583" lon="-105.091469"><time>2024-08-09T19:46:19.000Z</time><ele>2433.8</ele><extensions><power>300</power><tpx1:TrackPointExtension><tpx1:atemp>17</tpx1:atemp><tpx1:hr>132</tpx1:hr><tpx1:cad>83</tpx1:cad></tpx1:TrackPointExtension></extensions></trkpt><trkpt lat="39.058273" lon="-105.091438"><time>2024-08-09T19:46:20.000Z</time><ele>2433.8</ele><extensions><power>293</power><tpx1:TrackPointExtension><tpx1:atemp>17</tpx1:atemp><tpx1:hr>132</tpx1:hr><tpx1:cad>82</tpx1:cad></tpx1:TrackPointExtension></extensions></trkpt><trkpt lat="39.058247" lon="-105.0914"><time>2024-08-09T19:46:21.000Z</time><ele>2433.8</ele><extensions><power>301</power><tpx1:TrackPointExtension><tpx1:atemp>17</tpx1:atemp><tpx1:hr>132</tpx1:hr><tpx1:cad>83</tpx1:cad></tpx1:TrackPointExtension></extensions></trkpt><trkpt lat="39.05822" lon="-105.09137"><time>2024-08-09T19:46:22.000Z</time><ele>2433.8</ele><extensions><power>293</power><tpx1:TrackPointExtension><tpx1:atemp>17</tpx1:atemp><tpx1:hr>133</tpx1:hr><tpx1:cad>80</tpx1:cad></tpx1:TrackPointExtension></extensions></trkpt><trkpt lat="39.058193" lon="-105.091339"><time>2024-08-09T19:46:23.000Z</time><ele>2434.2</ele><extensions><power>292</power><tpx1:TrackPointExtension><tpx1:atemp>17</tpx1:atemp><tpx1:hr>133</tpx1:hr><tpx1:cad>81</tpx1:cad></tpx1:TrackPointExtension></extensions></trkpt><trkpt lat="39.05817" lon="-105.091301"><time>2024-08-09T19:46:24.000Z</time><ele>2434.4</ele><extensions><power>292</power><tpx1:TrackPointExtension><tpx1:atemp>17</tpx1:atemp><tpx1:hr>133</tpx1:hr><tpx1:cad>78</tpx1:cad></tpx1:TrackPointExtension></extensions></trkpt><trkpt lat="39.058144" lon="-105.09127"><time>2024-08-09T19:46:25.000Z</time><ele>2434.8</ele><extensions><power>293</power><tpx1:TrackPointExtension><tpx1:atemp>17</tpx1:atemp><tpx1:hr>133</tpx1:hr><tpx1:cad>78</tpx1:cad></tpx1:TrackPointExtension></extensions></trkpt><trkpt lat="39.058117" lon="-105.091232"><time>2024-08-09T19:46:26.000Z</time><ele>2435</ele><extensions><power>303</power><tpx1:TrackPointExtension><tpx1:atemp>17</tpx1:atemp><tpx1:hr>133</tpx1:hr><tpx1:cad>78</tpx1:cad></tpx1:TrackPointExtension></extensions></trkpt><trkpt lat="39.058094" lon="-105.091194"><time>2024-08-09T19:46:27.000Z</time><ele>2435</ele><extensions><power>313</power><tpx1:TrackPointExtension><tpx1:atemp>17</tpx1:atemp><tpx1:hr>133</tpx1:hr><tpx1:cad>78</tpx1:cad></tpx1:TrackPointExtension></extensions></trkpt><trkpt lat="39.058071" lon="-105.091156"><time>2024-08-09T19:46:28.000Z</time><ele>2435.2</ele><extensions><power>323</power><tpx1:TrackPointExtension><tpx1:atemp>17</tpx1:atemp><tpx1:hr>134</tpx1:hr><tpx1:cad>80</tpx1:cad></tpx1:TrackPointExtension></extensions></trkpt><trkpt lat="39.058048" lon="-105.091118"><time>2024-08-09T19:46:29.000Z</time><ele>2435.6</ele><extensions><power>334</power><tpx1:TrackPointExtension><tpx1:atemp>17</tpx1:atemp><tpx1:hr>135</tpx1:hr><tpx1:cad>80</tpx1:cad></tpx1:TrackPointExtension></extensions></trkpt><trkpt lat="39.058025" lon="-105.09108"><time>2024-08-09T19:46:30.000Z</time><ele>2436.2</ele><extensions><power>349</power><tpx1:TrackPointExtension><tpx1:atemp>17</tpx1:atemp><tpx1:hr>136</tpx1:hr><tpx1:cad>81</tpx1:cad></tpx1:TrackPointExtension></extensions></trkpt><trkpt lat="39.057995" lon="-105.091041"><time>2024-08-09T19:46:31.000Z</time><ele>2436.8</ele><extensions><power>363</power><tpx1:TrackPointExtension><tpx1:atemp>17</tpx1:atemp><tpx1:hr>137</tpx1:hr><tpx1:cad>84</tpx1:cad></tpx1:TrackPointExtension></extensions></trkpt><trkpt lat="39.057968" lon="-105.090996"><time>2024-08-09T19:46:32.000Z</time><ele>2437.2</ele><extensions><power>376</power><tpx1:TrackPointExtension><tpx1:atemp>17</tpx1:atemp><tpx1:hr>138</tpx1:hr><tpx1:cad>93</tpx1:cad></tpx1:TrackPointExtension></extensions></trkpt><trkpt lat="39.057941" lon="-105.09095"><time>2024-08-09T19:46:33.000Z</time><ele>2437.4</ele><extensions><power>378</power><tpx1:TrackPointExtension><tpx1:atemp>17</tpx1:atemp><tpx1:hr>138</tpx1:hr><tpx1:cad>90</tpx1:cad></tpx1:TrackPointExtension></extensions></trkpt><trkpt lat="39.057915" lon="-105.090912"><time>2024-08-09T19:46:34.000Z</time><ele>2437.8</ele><extensions><power>352</power><tpx1:TrackPointExtension><tpx1:atemp>17</tpx1:atemp><tpx1:hr>138</tpx1:hr><tpx1:cad>89</tpx1:cad></tpx1:TrackPointExtension></extensions></trkpt><trkpt lat="39.057892" lon="-105.090866"><time>2024-08-09T19:46:35.000Z</time><ele>2438.2</ele><extensions><power>327</power><tpx1:TrackPointExtension><tpx1:atemp>17</tpx1:atemp><tpx1:hr>139</tpx1:hr><tpx1:cad>89</tpx1:cad></tpx1:TrackPointExtension></extensions></trkpt><trkpt lat="39.057869" lon="-105.09082"><time>2024-08-09T19:46:36.000Z</time><ele>2438.6</ele><extensions><power>312</power><tpx1:TrackPointExtension><tpx1:atemp>17</tpx1:atemp><tpx1:hr>139</tpx1:hr><tpx1:cad>87</tpx1:cad></tpx1:TrackPointExtension></extensions></trkpt><trkpt lat="39.057846" lon="-105.090782"><time>2024-08-09T19:46:37.000Z</time><ele>2438.8</ele><extensions><power>269</power><tpx1:TrackPointExtension><tpx1:atemp>17</tpx1:atemp><tpx1:hr>140</tpx1:hr><tpx1:cad>86</tpx1:cad></tpx1:TrackPointExtension></extensions></trkpt><trkpt lat="39.057823" lon="-105.090744"><time>2024-08-09T19:46:38.000Z</time><ele>2439.2</ele><extensions><power>269</power><tpx1:TrackPointExtension><tpx1:atemp>17</tpx1:atemp><tpx1:hr>141</tpx1:hr><tpx1:cad>84</tpx1:cad></tpx1:TrackPointExtension></extensions></trkpt><trkpt lat="39.0578" lon="-105.090698"><time>2024-08-09T19:46:39.000Z</time><ele>2439.4</ele><extensions><power>279</power><tpx1:TrackPointExtension><tpx1:atemp>17</tpx1:atemp><tpx1:hr>141</tpx1:hr><tpx1:cad>85</tpx1:cad></tpx1:TrackPointExtension></extensions></trkpt><trkpt lat="39.057777" lon="-105.09066"><time>2024-08-09T19:46:40.000Z</time><ele>2439.6</ele><extensions><power>304</power><tpx1:TrackPointExtension><tpx1:atemp>17</tpx1:atemp><tpx1:hr>143</tpx1:hr><tpx1:cad>85</tpx1:cad></tpx1:TrackPointExtension></extensions></trkpt><trkpt lat="39.057755" lon="-105.090614"><time>2024-08-09T19:46:41.000Z</time><ele>2439.8</ele><extensions><power>321</power><tpx1:TrackPointExtension><tpx1:atemp>17</tpx1:atemp><tpx1:hr>143</tpx1:hr><tpx1:cad>86</tpx1:cad></tpx1:TrackPointExtension></extensions></trkpt><trkpt lat="39.057735" lon="-105.090561"><time>2024-08-09T19:46:42.000Z</time><ele>2440</ele><extensions><power>322</power><tpx1:TrackPointExtension><tpx1:atemp>17</tpx1:atemp><tpx1:hr>143</tpx1:hr><tpx1:cad>87</tpx1:cad></tpx1:TrackPointExtension></extensions></trkpt><trkpt lat="39.057713" lon="-105.090515"><time>2024-08-09T19:46:43.000Z</time><ele>2440</ele><extensions><power>308</power><tpx1:TrackPointExtension><tpx1:atemp>17</tpx1:atemp><tpx1:hr>143</tpx1:hr><tpx1:cad>89</tpx1:cad></tpx1:TrackPointExtension></extensions></trkpt><trkpt lat="39.057694" lon="-105.090462"><time>2024-08-09T19:46:44.000Z</time><ele>2440.2</ele><extensions><power>295</power><tpx1:TrackPointExtension><tpx1:atemp>17</tpx1:atemp><tpx1:hr>143</tpx1:hr><tpx1:cad>89</tpx1:cad></tpx1:TrackPointExtension></extensions></trkpt><trkpt lat="39.057678" lon="-105.090416"><time>2024-08-09T19:46:45.000Z</time><ele>2440.4</ele><extensions><power>279</power><tpx1:TrackPointExtension><tpx1:atemp>17</tpx1:atemp><tpx1:hr>144</tpx1:hr><tpx1:cad>89</tpx1:cad></tpx1:TrackPointExtension></extensions></trkpt><trkpt lat="39.057659" lon="-105.09037"><time>2024-08-09T19:46:46.000Z</time><ele>2440.6</ele><extensions><power>266</power><tpx1:TrackPointExtension><tpx1:atemp>17</tpx1:atemp><tpx1:hr>144</tpx1:hr><tpx1:cad>88</tpx1:cad></tpx1:TrackPointExtension></extensions></trkpt><trkpt lat="39.05764" lon="-105.090324"><time>2024-08-09T19:46:47.000Z</time><ele>2440.8</ele><extensions><power>286</power><tpx1:TrackPointExtension><tpx1:atemp>17</tpx1:atemp><tpx1:hr>144</tpx1:hr><tpx1:cad>85</tpx1:cad></tpx1:TrackPointExtension></extensions></trkpt><trkpt lat="39.057625" lon="-105.090279"><time>2024-08-09T19:46:48.000Z</time><ele>2441</ele><extensions><power>305</power><tpx1:TrackPointExtension><tpx1:atemp>17</tpx1:atemp><tpx1:hr>144</tpx1:hr><tpx1:cad>91</tpx1:cad></tpx1:TrackPointExtension></extensions></trkpt><trkpt lat="39.057606" lon="-105.090233"><time>2024-08-09T19:46:49.000Z</time><ele>2441.2</ele><extensions><power>282</power><tpx1:TrackPointExtension><tpx1:atemp>17</tpx1:atemp><tpx1:hr>144</tpx1:hr><tpx1:cad>89</tpx1:cad></tpx1:TrackPointExtension></extensions></trkpt><trkpt lat="39.05759" lon="-105.090179"><time>2024-08-09T19:46:50.000Z</time><ele>2441.4</ele><extensions><power>268</power><tpx1:TrackPointExtension><tpx1:atemp>17</tpx1:atemp><tpx1:hr>144</tpx1:hr><tpx1:cad>86</tpx1:cad></tpx1:TrackPointExtension></extensions></trkpt><trkpt lat="39.057575" lon="-105.090134"><time>2024-08-09T19:46:51.000Z</time><ele>2441.6</ele><extensions><power>275</power><tpx1:TrackPointExtension><tpx1:atemp>17</tpx1:atemp><tpx1:hr>144</tpx1:hr><tpx1:cad>86</tpx1:cad></tpx1:TrackPointExtension></extensions></trkpt><trkpt lat="39.057556" lon="-105.090088"><time>2024-08-09T19:46:52.000Z</time><ele>2442</ele><extensions><power>282</power><tpx1:TrackPointExtension><tpx1:atemp>17</tpx1:atemp><tpx1:hr>144</tpx1:hr><tpx1:cad>86</tpx1:cad></tpx1:TrackPointExtension></extensions></trkpt><trkpt lat="39.057537" lon="-105.090042"><time>2024-08-09T19:46:53.000Z</time><ele>2442.2</ele><extensions><power>280</power><tpx1:TrackPointExtension><tpx1:atemp>17</tpx1:atemp><tpx1:hr>144</tpx1:hr><tpx1:cad>87</tpx1:cad></tpx1:TrackPointExtension></extensions></trkpt><trkpt lat="39.057518" lon="-105.089989"><time>2024-08-09T19:46:54.000Z</time><ele>2442.4</ele><extensions><power>276</power><tpx1:TrackPointExtension><tpx1:atemp>17</tpx1:atemp><tpx1:hr>144</tpx1:hr><tpx1:cad>86</tpx1:cad></tpx1:TrackPointExtension></extensions></trkpt><trkpt lat="39.057503" lon="-105.089943"><time>2024-08-09T19:46:55.000Z</time><ele>2442.6</ele><extensions><power>278</power><tpx1:TrackPointExtension><tpx1:atemp>17</tpx1:atemp><tpx1:hr>144</tpx1:hr><tpx1:cad>85</tpx1:cad></tpx1:TrackPointExtension></extensions></trkpt><trkpt lat="39.057484" lon="-105.089897"><time>2024-08-09T19:46:56.000Z</time><ele>2442.8</ele><extensions><power>279</power><tpx1:TrackPointExtension><tpx1:atemp>17</tpx1:atemp><tpx1:hr>145</tpx1:hr><tpx1:cad>86</tpx1:cad></tpx1:TrackPointExtension></extensions></trkpt><trkpt lat="39.057465" lon="-105.089844"><time>2024-08-09T19:46:57.000Z</time><ele>2443</ele><extensions><power>279</power><tpx1:TrackPointExtension><tpx1:atemp>17</tpx1:atemp><tpx1:hr>145</tpx1:hr><tpx1:cad>87</tpx1:cad></tpx1:TrackPointExtension></extensions></trkpt><trkpt lat="39.057449" lon="-105.089798"><time>2024-08-09T19:46:58.000Z</time><ele>2443.2</ele><extensions><power>277</power><tpx1:TrackPointExtension><tpx1:atemp>17</tpx1:atemp><tpx1:hr>145</tpx1:hr><tpx1:cad>86</tpx1:cad></tpx1:TrackPointExtension></extensions></trkpt><trkpt lat="39.05743" lon="-105.089752"><time>2024-08-09T19:46:59.000Z</time><ele>2443.4</ele><extensions><power>276</power><tpx1:TrackPointExtension><tpx1:atemp>17</tpx1:atemp><tpx1:hr>145</tpx1:hr><tpx1:cad>84</tpx1:cad></tpx1:TrackPointExtension></extensions></trkpt><trkpt lat="39.057415" lon="-105.089706"><time>2024-08-09T19:47:00.000Z</time><ele>2443.6</ele><extensions><power>270</power><tpx1:TrackPointExtension><tpx1:atemp>17</tpx1:atemp><tpx1:hr>145</tpx1:hr><tpx1:cad>89</tpx1:cad></tpx1:TrackPointExtension></extensions></trkpt><trkpt lat="39.0574" lon="-105.089661"><time>2024-08-09T19:47:01.000Z</time><ele>2443.8</ele><extensions><power>271</power><tpx1:TrackPointExtension><tpx1:atemp>17</tpx1:atemp><tpx1:hr>146</tpx1:hr><tpx1:cad>85</tpx1:cad></tpx1:TrackPointExtension></extensions></trkpt><trkpt lat="39.057384" lon="-105.089615"><time>2024-08-09T19:47:02.000Z</time><ele>2443.8</ele><extensions><power>271</power><tpx1:TrackPointExtension><tpx1:atemp>17</tpx1:atemp><tpx1:hr>146</tpx1:hr><tpx1:cad>84</tpx1:cad></tpx1:TrackPointExtension></extensions></trkpt><trkpt lat="39.057365" lon="-105.089569"><time>2024-08-09T19:47:03.000Z</time><ele>2444</ele><extensions><power>271</power><tpx1:TrackPointExtension><tpx1:atemp>17</tpx1:atemp><tpx1:hr>146</tpx1:hr><tpx1:cad>85</tpx1:cad></tpx1:TrackPointExtension></extensions></trkpt><trkpt lat="39.057346" lon="-105.089523"><time>2024-08-09T19:47:04.000Z</time><ele>2444</ele><extensions><power>275</power><tpx1:TrackPointExtension><tpx1:atemp>17</tpx1:atemp><tpx1:hr>146</tpx1:hr><tpx1:cad>84</tpx1:cad></tpx1:TrackPointExtension></extensions></trkpt><trkpt lat="39.057331" lon="-105.089478"><time>2024-08-09T19:47:05.000Z</time><ele>2444</ele><extensions><power>272</power><tpx1:TrackPointExtension><tpx1:atemp>17</tpx1:atemp><tpx1:hr>146</tpx1:hr><tpx1:cad>85</tpx1:cad></tpx1:TrackPointExtension></extensions></trkpt><trkpt lat="39.057312" lon="-105.089424"><time>2024-08-09T19:47:06.000Z</time><ele>2444.2</ele><extensions><power>271</power><tpx1:TrackPointExtension><tpx1:atemp>16</tpx1:atemp><tpx1:hr>146</tpx1:hr><tpx1:cad>83</tpx1:cad></tpx1:TrackPointExtension></extensions></trkpt><trkpt lat="39.057297" lon="-105.089378"><time>2024-08-09T19:47:07.000Z</time><ele>2444.2</ele><extensions><power>286</power><tpx1:TrackPointExtension><tpx1:atemp>16</tpx1:atemp><tpx1:hr>147</tpx1:hr><tpx1:cad>85</tpx1:cad></tpx1:TrackPointExtension></extensions></trkpt><trkpt lat="39.057281" lon="-105.089333"><time>2024-08-09T19:47:08.000Z</time><ele>2444.4</ele><extensions><power>282</power><tpx1:TrackPointExtension><tpx1:atemp>16</tpx1:atemp><tpx1:hr>147</tpx1:hr><tpx1:cad>84</tpx1:cad></tpx1:TrackPointExtension></extensions></trkpt><trkpt lat="39.057266" lon="-105.089287"><time>2024-08-09T19:47:09.000Z</time><ele>2444.8</ele><extensions><power>289</power><tpx1:TrackPointExtension><tpx1:atemp>16</tpx1:atemp><tpx1:hr>147</tpx1:hr><tpx1:cad>84</tpx1:cad></tpx1:TrackPointExtension></extensions></trkpt><trkpt lat="39.057251" lon="-105.089241"><time>2024-08-09T19:47:10.000Z</time><ele>2445.2</ele><extensions><power>291</power><tpx1:TrackPointExtension><tpx1:atemp>16</tpx1:atemp><tpx1:hr>147</tpx1:hr><tpx1:cad>85</tpx1:cad></tpx1:TrackPointExtension></extensions></trkpt><trkpt lat="39.057236" lon="-105.089195"><time>2024-08-09T19:47:11.000Z</time><ele>2445.2</ele><extensions><power>293</power><tpx1:TrackPointExtension><tpx1:atemp>16</tpx1:atemp><tpx1:hr>147</tpx1:hr><tpx1:cad>86</tpx1:cad></tpx1:TrackPointExtension></extensions></trkpt><trkpt lat="39.05722" lon="-105.089149"><time>2024-08-09T19:47:12.000Z</time><ele>2445.4</ele><extensions><power>311</power><tpx1:TrackPointExtension><tpx1:atemp>16</tpx1:atemp><tpx1:hr>147</tpx1:hr><tpx1:cad>87</tpx1:cad></tpx1:TrackPointExtension></extensions></trkpt><trkpt lat="39.057205" lon="-105.089104"><time>2024-08-09T19:47:13.000Z</time><ele>2445.6</ele><extensions><power>317</power><tpx1:TrackPointExtension><tpx1:atemp>16</tpx1:atemp><tpx1:hr>146</tpx1:hr><tpx1:cad>87</tpx1:cad></tpx1:TrackPointExtension></extensions></trkpt><trkpt lat="39.057186" lon="-105.08905"><time>2024-08-09T19:47:14.000Z</time><ele>2445.8</ele><extensions><power>309</power><tpx1:TrackPointExtension><tpx1:atemp>16</tpx1:atemp><tpx1:hr>146</tpx1:hr><tpx1:cad>87</tpx1:cad></tpx1:TrackPointExtension></extensions></trkpt><trkpt lat="39.057167" lon="-105.088997"><time>2024-08-09T19:47:15.000Z</time><ele>2446.2</ele><extensions><power>297</power><tpx1:TrackPointExtension><tpx1:atemp>16</tpx1:atemp><tpx1:hr>146</tpx1:hr><tpx1:cad>87</tpx1:cad></tpx1:TrackPointExtension></extensions></trkpt><trkpt lat="39.057148" lon="-105.088943"><time>2024-08-09T19:47:16.000Z</time><ele>2446.4</ele><extensions><power>311</power><tpx1:TrackPointExtension><tpx1:atemp>16</tpx1:atemp><tpx1:hr>146</tpx1:hr><tpx1:cad>87</tpx1:cad></tpx1:TrackPointExtension></extensions></trkpt><trkpt lat="39.057129" lon="-105.08889"><time>2024-08-09T19:47:17.000Z</time><ele>2446.8</ele><extensions><power>323</power><tpx1:TrackPointExtension><tpx1:atemp>16</tpx1:atemp><tpx1:hr>146</tpx1:hr><tpx1:cad>88</tpx1:cad></tpx1:TrackPointExtension></extensions></trkpt><trkpt lat="39.05711" lon="-105.088844"><time>2024-08-09T19:47:18.000Z</time><ele>2447</ele><extensions><power>325</power><tpx1:TrackPointExtension><tpx1:atemp>16</tpx1:atemp><tpx1:hr>145</tpx1:hr><tpx1:cad>88</tpx1:cad></tpx1:TrackPointExtension></extensions></trkpt><trkpt lat="39.057087" lon="-105.088791"><time>2024-08-09T19:47:19.000Z</time><ele>2447.4</ele><extensions><power>323</power><tpx1:TrackPointExtension><tpx1:atemp>16</tpx1:atemp><tpx1:hr>145</tpx1:hr><tpx1:cad>89</tpx1:cad></tpx1:TrackPointExtension></extensions></trkpt><trkpt lat="39.057064" lon="-105.088745"><time>2024-08-09T19:47:20.000Z</time><ele>2447.4</ele><extensions><power>323</power><tpx1:TrackPointExtension><tpx1:atemp>16</tpx1:atemp><tpx1:hr>145</tpx1:hr><tpx1:cad>91</tpx1:cad></tpx1:TrackPointExtension></extensions></trkpt><trkpt lat="39.057045" lon="-105.088692"><time>2024-08-09T19:47:21.000Z</time><ele>2447.6</ele><extensions><power>319</power><tpx1:TrackPointExtension><tpx1:atemp>16</tpx1:atemp><tpx1:hr>146</tpx1:hr><tpx1:cad>90</tpx1:cad></tpx1:TrackPointExtension></extensions></trkpt><trkpt lat="39.057026" lon="-105.088646"><time>2024-08-09T19:47:22.000Z</time><ele>2447.6</ele><extensions><power>285</power><tpx1:TrackPointExtension><tpx1:atemp>16</tpx1:atemp><tpx1:hr>146</tpx1:hr><tpx1:cad>92</tpx1:cad></tpx1:TrackPointExtension></extensions></trkpt><trkpt lat="39.057003" lon="-105.0886"><time>2024-08-09T19:47:23.000Z</time><ele>2447.8</ele><extensions><power>285</power><tpx1:TrackPointExtension><tpx1:atemp>16</tpx1:atemp><tpx1:hr>146</tpx1:hr><tpx1:cad>91</tpx1:cad></tpx1:TrackPointExtension></extensions></trkpt><trkpt lat="39.056988" lon="-105.088547"><time>2024-08-09T19:47:24.000Z</time><ele>2447.8</ele><extensions><power>285</power><tpx1:TrackPointExtension><tpx1:atemp>16</tpx1:atemp><tpx1:hr>146</tpx1:hr><tpx1:cad>91</tpx1:cad></tpx1:TrackPointExtension></extensions></trkpt><trkpt lat="39.056969" lon="-105.088493"><time>2024-08-09T19:47:25.000Z</time><ele>2448</ele><extensions><power>278</power><tpx1:TrackPointExtension><tpx1:atemp>16</tpx1:atemp><tpx1:hr>147</tpx1:hr><tpx1:cad>92</tpx1:cad></tpx1:TrackPointExtension></extensions></trkpt><trkpt lat="39.05695" lon="-105.08844"><time>2024-08-09T19:47:26.000Z</time><ele>2448.2</ele><extensions><power>299</power><tpx1:TrackPointExtension><tpx1:atemp>16</tpx1:atemp><tpx1:hr>147</tpx1:hr><tpx1:cad>92</tpx1:cad></tpx1:TrackPointExtension></extensions></trkpt><trkpt lat="39.05693" lon="-105.088387"><time>2024-08-09T19:47:27.000Z</time><ele>2448.4</ele><extensions><power>308</power><tpx1:TrackPointExtension><tpx1:atemp>16</tpx1:atemp><tpx1:hr>147</tpx1:hr><tpx1:cad>93</tpx1:cad></tpx1:TrackPointExtension></extensions></trkpt><trkpt lat="39.056908" lon="-105.088333"><time>2024-08-09T19:47:28.000Z</time><ele>2448.4</ele><extensions><power>313</power><tpx1:TrackPointExtension><tpx1:atemp>16</tpx1:atemp><tpx1:hr>147</tpx1:hr><tpx1:cad>95</tpx1:cad></tpx1:TrackPointExtension></extensions></trkpt><trkpt lat="39.056889" lon="-105.08828"><time>2024-08-09T19:47:29.000Z</time><ele>2448.6</ele><extensions><power>273</power><tpx1:TrackPointExtension><tpx1:atemp>16</tpx1:atemp><tpx1:hr>147</tpx1:hr><tpx1:cad>94</tpx1:cad></tpx1:TrackPointExtension></extensions></trkpt><trkpt lat="39.056866" lon="-105.088234"><time>2024-08-09T19:47:30.000Z</time><ele>2448.6</ele><extensions><power>267</power><tpx1:TrackPointExtension><tpx1:atemp>16</tpx1:atemp><tpx1:hr>147</tpx1:hr><tpx1:cad>93</tpx1:cad></tpx1:TrackPointExtension></extensions></trkpt><trkpt lat="39.056843" lon="-105.088188"><time>2024-08-09T19:47:31.000Z</time><ele>2448.8</ele><extensions><power>264</power><tpx1:TrackPointExtension><tpx1:atemp>16</tpx1:atemp><tpx1:hr>146</tpx1:hr><tpx1:cad>91</tpx1:cad></tpx1:TrackPointExtension></extensions></trkpt><trkpt lat="39.05682" lon="-105.088142"><time>2024-08-09T19:47:32.000Z</time><ele>2449.2</ele><extensions><power>267</power><tpx1:TrackPointExtension><tpx1:atemp>16</tpx1:atemp><tpx1:hr>147</tpx1:hr><tpx1:cad>90</tpx1:cad></tpx1:TrackPointExtension></extensions></trkpt><trkpt lat="39.056801" lon="-105.088097"><time>2024-08-09T19:47:33.000Z</time><ele>2449.4</ele><extensions><power>288</power><tpx1:TrackPointExtension><tpx1:atemp>16</tpx1:atemp><tpx1:hr>147</tpx1:hr><tpx1:cad>90</tpx1:cad></tpx1:TrackPointExtension></extensions></trkpt><trkpt lat="39.056774" lon="-105.088058"><time>2024-08-09T19:47:34.000Z</time><ele>2449.8</ele><extensions><power>298</power><tpx1:TrackPointExtension><tpx1:atemp>16</tpx1:atemp><tpx1:hr>147</tpx1:hr><tpx1:cad>90</tpx1:cad></tpx1:TrackPointExtension></extensions></trkpt><trkpt lat="39.056751" lon="-105.088005"><time>2024-08-09T19:47:35.000Z</time><ele>2450</ele><extensions><power>287</power><tpx1:TrackPointExtension><tpx1:atemp>16</tpx1:atemp><tpx1:hr>147</tpx1:hr><tpx1:cad>90</tpx1:cad></tpx1:TrackPointExtension></extensions></trkpt><trkpt lat="39.056725" lon="-105.087959"><time>2024-08-09T19:47:36.000Z</time><ele>2450.2</ele><extensions><power>290</power><tpx1:TrackPointExtension><tpx1:atemp>16</tpx1:atemp><tpx1:hr>146</tpx1:hr><tpx1:cad>92</tpx1:cad></tpx1:TrackPointExtension></extensions></trkpt><trkpt lat="39.056702" lon="-105.087913"><time>2024-08-09T19:47:37.000Z</time><ele>2450.4</ele><extensions><power>294</power><tpx1:TrackPointExtension><tpx1:atemp>16</tpx1:atemp><tpx1:hr>146</tpx1:hr><tpx1:cad>94</tpx1:cad></tpx1:TrackPointExtension></extensions></trkpt><trkpt lat="39.056679" lon="-105.087868"><time>2024-08-09T19:47:38.000Z</time><ele>2450.4</ele><extensions><power>280</power><tpx1:TrackPointExtension><tpx1:atemp>16</tpx1:atemp><tpx1:hr>146</tpx1:hr><tpx1:cad>93</tpx1:cad></tpx1:TrackPointExtension></extensions></trkpt><trkpt lat="39.056648" lon="-105.087822"><time>2024-08-09T19:47:39.000Z</time><ele>2450.4</ele><extensions><power>290</power><tpx1:TrackPointExtension><tpx1:atemp>16</tpx1:atemp><tpx1:hr>145</tpx1:hr><tpx1:cad>89</tpx1:cad></tpx1:TrackPointExtension></extensions></trkpt><trkpt lat="39.056622" lon="-105.087776"><time>2024-08-09T19:47:40.000Z</time><ele>2450.6</ele><extensions><power>307</power><tpx1:TrackPointExtension><tpx1:atemp>16</tpx1:atemp><tpx1:hr>145</tpx1:hr><tpx1:cad>96</tpx1:cad></tpx1:TrackPointExtension></extensions></trkpt><trkpt lat="39.056591" lon="-105.08773"><time>2024-08-09T19:47:41.000Z</time><ele>2450.8</ele><extensions><power>303</power><tpx1:TrackPointExtension><tpx1:atemp>16</tpx1:atemp><tpx1:hr>144</tpx1:hr><tpx1:cad>93</tpx1:cad></tpx1:TrackPointExtension></extensions></trkpt><trkpt lat="39.056564" lon="-105.087685"><time>2024-08-09T19:47:42.000Z</time><ele>2451</ele><extensions><power>280</power><tpx1:TrackPointExtension><tpx1:atemp>16</tpx1:atemp><tpx1:hr>144</tpx1:hr><tpx1:cad>93</tpx1:cad></tpx1:TrackPointExtension></extensions></trkpt><trkpt lat="39.056538" lon="-105.087639"><time>2024-08-09T19:47:43.000Z</time><ele>2451.2</ele><extensions><power>267</power><tpx1:TrackPointExtension><tpx1:atemp>16</tpx1:atemp><tpx1:hr>143</tpx1:hr><tpx1:cad>92</tpx1:cad></tpx1:TrackPointExtension></extensions></trkpt><trkpt lat="39.056511" lon="-105.087593"><time>2024-08-09T19:47:44.000Z</time><ele>2451.4</ele><extensions><power>263</power><tpx1:TrackPointExtension><tpx1:atemp>16</tpx1:atemp><tpx1:hr>144</tpx1:hr><tpx1:cad>92</tpx1:cad></tpx1:TrackPointExtension></extensions></trkpt><trkpt lat="39.05648" lon="-105.087555"><time>2024-08-09T19:47:45.000Z</time><ele>2451.6</ele><extensions><power>265</power><tpx1:TrackPointExtension><tpx1:atemp>16</tpx1:atemp><tpx1:hr>144</tpx1:hr><tpx1:cad>92</tpx1:cad></tpx1:TrackPointExtension></extensions></trkpt><trkpt lat="39.056446" lon="-105.087509"><time>2024-08-09T19:47:46.000Z</time><ele>2451.8</ele><extensions><power>270</power><tpx1:TrackPointExtension><tpx1:atemp>16</tpx1:atemp><tpx1:hr>144</tpx1:hr><tpx1:cad>93</tpx1:cad></tpx1:TrackPointExtension></extensions></trkpt><trkpt lat="39.056416" lon="-105.087463"><time>2024-08-09T19:47:47.000Z</time><ele>2451.8</ele><extensions><power>266</power><tpx1:TrackPointExtension><tpx1:atemp>16</tpx1:atemp><tpx1:hr>144</tpx1:hr><tpx1:cad>94</tpx1:cad></tpx1:TrackPointExtension></extensions></trkpt><trkpt lat="39.056385" lon="-105.087425"><time>2024-08-09T19:47:48.000Z</time><ele>2451.8</ele><extensions><power>261</power><tpx1:TrackPointExtension><tpx1:atemp>16</tpx1:atemp><tpx1:hr>144</tpx1:hr><tpx1:cad>93</tpx1:cad></tpx1:TrackPointExtension></extensions></trkpt><trkpt lat="39.056351" lon="-105.087379"><time>2024-08-09T19:47:49.000Z</time><ele>2451.8</ele><extensions><power>263</power><tpx1:TrackPointExtension><tpx1:atemp>16</tpx1:atemp><tpx1:hr>144</tpx1:hr><tpx1:cad>94</tpx1:cad></tpx1:TrackPointExtension></extensions></trkpt><trkpt lat="39.05632" lon="-105.087334"><time>2024-08-09T19:47:50.000Z</time><ele>2452</ele><extensions><power>283</power><tpx1:TrackPointExtension><tpx1:atemp>16</tpx1:atemp><tpx1:hr>143</tpx1:hr><tpx1:cad>93</tpx1:cad></tpx1:TrackPointExtension></extensions></trkpt><trkpt lat="39.056293" lon="-105.087295"><time>2024-08-09T19:47:51.000Z</time><ele>2452.2</ele><extensions><power>294</power><tpx1:TrackPointExtension><tpx1:atemp>16</tpx1:atemp><tpx1:hr>142</tpx1:hr><tpx1:cad>94</tpx1:cad></tpx1:TrackPointExtension></extensions></trkpt><trkpt lat="39.056263" lon="-105.087257"><time>2024-08-09T19:47:52.000Z</time><ele>2452.6</ele><extensions><power>293</power><tpx1:TrackPointExtension><tpx1:atemp>16</tpx1:atemp><tpx1:hr>140</tpx1:hr><tpx1:cad>94</tpx1:cad></tpx1:TrackPointExtension></extensions></trkpt><trkpt lat="39.056225" lon="-105.087212"><time>2024-08-09T19:47:53.000Z</time><ele>2453</ele><extensions><power>284</power><tpx1:TrackPointExtension><tpx1:atemp>16</tpx1:atemp><tpx1:hr>140</tpx1:hr><tpx1:cad>96</tpx1:cad></tpx1:TrackPointExtension></extensions></trkpt><trkpt lat="39.05619" lon="-105.087173"><time>2024-08-09T19:47:54.000Z</time><ele>2453.2</ele><extensions><power>287</power><tpx1:TrackPointExtension><tpx1:atemp>16</tpx1:atemp><tpx1:hr>140</tpx1:hr><tpx1:cad>96</tpx1:cad></tpx1:TrackPointExtension></extensions></trkpt><trkpt lat="39.056156" lon="-105.087128"><time>2024-08-09T19:47:55.000Z</time><ele>2453.2</ele><extensions><power>295</power><tpx1:TrackPointExtension><tpx1:atemp>16</tpx1:atemp><tpx1:hr>141</tpx1:hr><tpx1:cad>98</tpx1:cad></tpx1:TrackPointExtension></extensions></trkpt><trkpt lat="39.056122" lon="-105.08709"><time>2024-08-09T19:47:56.000Z</time><ele>2453.4</ele><extensions><power>292</power><tpx1:TrackPointExtension><tpx1:atemp>16</tpx1:atemp><tpx1:hr>141</tpx1:hr><tpx1:cad>98</tpx1:cad></tpx1:TrackPointExtension></extensions></trkpt><trkpt lat="39.056087" lon="-105.087051"><time>2024-08-09T19:47:57.000Z</time><ele>2453.6</ele><extensions><power>288</power><tpx1:TrackPointExtension><tpx1:atemp>16</tpx1:atemp><tpx1:hr>141</tpx1:hr><tpx1:cad>100</tpx1:cad></tpx1:TrackPointExtension></extensions></trkpt><trkpt lat="39.056057" lon="-105.087013"><time>2024-08-09T19:47:58.000Z</time><ele>2453.6</ele><extensions><power>275</power><tpx1:TrackPointExtension><tpx1:atemp>16</tpx1:atemp><tpx1:hr>141</tpx1:hr><tpx1:cad>96</tpx1:cad></tpx1:TrackPointExtension></extensions></trkpt><trkpt lat="39.056023" lon="-105.086975"><time>2024-08-09T19:47:59.000Z</time><ele>2453.8</ele><extensions><power>269</power><tpx1:TrackPointExtension><tpx1:atemp>16</tpx1:atemp><tpx1:hr>141</tpx1:hr><tpx1:cad>96</tpx1:cad></tpx1:TrackPointExtension></extensions></trkpt><trkpt lat="39.055988" lon="-105.086937"><time>2024-08-09T19:48:00.000Z</time><ele>2453.8</ele><extensions><power>263</power><tpx1:TrackPointExtension><tpx1:atemp>16</tpx1:atemp><tpx1:hr>141</tpx1:hr><tpx1:cad>97</tpx1:cad></tpx1:TrackPointExtension></extensions></trkpt><trkpt lat="39.055954" lon="-105.086899"><time>2024-08-09T19:48:01.000Z</time><ele>2454</ele><extensions><power>263</power><tpx1:TrackPointExtension><tpx1:atemp>16</tpx1:atemp><tpx1:hr>142</tpx1:hr><tpx1:cad>96</tpx1:cad></tpx1:TrackPointExtension></extensions></trkpt><trkpt lat="39.05592" lon="-105.086861"><time>2024-08-09T19:48:02.000Z</time><ele>2454.2</ele><extensions><power>268</power><tpx1:TrackPointExtension><tpx1:atemp>16</tpx1:atemp><tpx1:hr>142</tpx1:hr><tpx1:cad>95</tpx1:cad></tpx1:TrackPointExtension></extensions></trkpt><trkpt lat="39.055882" lon="-105.086822"><time>2024-08-09T19:48:03.000Z</time><ele>2454.6</ele><extensions><power>300</power><tpx1:TrackPointExtension><tpx1:atemp>16</tpx1:atemp><tpx1:hr>143</tpx1:hr><tpx1:cad>94</tpx1:cad></tpx1:TrackPointExtension></extensions></trkpt><trkpt lat="39.05584" lon="-105.086784"><time>2024-08-09T19:48:04.000Z</time><ele>2454.8</ele><extensions><power>306</power><tpx1:TrackPointExtension><tpx1:atemp>16</tpx1:atemp><tpx1:hr>143</tpx1:hr><tpx1:cad>93</tpx1:cad></tpx1:TrackPointExtension></extensions></trkpt><trkpt lat="39.055805" lon="-105.086739"><time>2024-08-09T19:48:05.000Z</time><ele>2455</ele><extensions><power>307</power><tpx1:TrackPointExtension><tpx1:atemp>16</tpx1:atemp><tpx1:hr>142</tpx1:hr><tpx1:cad>98</tpx1:cad></tpx1:TrackPointExtension></extensions></trkpt><trkpt lat="39.055767" lon="-105.086708"><time>2024-08-09T19:48:06.000Z</time><ele>2455.2</ele><extensions><power>299</power><tpx1:TrackPointExtension><tpx1:atemp>16</tpx1:atemp><tpx1:hr>143</tpx1:hr><tpx1:cad>95</tpx1:cad></tpx1:TrackPointExtension></extensions></trkpt><trkpt lat="39.055729" lon="-105.08667"><time>2024-08-09T19:48:07.000Z</time><ele>2455.4</ele><extensions><power>297</power><tpx1:TrackPointExtension><tpx1:atemp>16</tpx1:atemp><tpx1:hr>143</tpx1:hr><tpx1:cad>96</tpx1:cad></tpx1:TrackPointExtension></extensions></trkpt><trkpt lat="39.055691" lon="-105.086632"><time>2024-08-09T19:48:08.000Z</time><ele>2455.6</ele><extensions><power>299</power><tpx1:TrackPointExtension><tpx1:atemp>16</tpx1:atemp><tpx1:hr>143</tpx1:hr><tpx1:cad>96</tpx1:cad></tpx1:TrackPointExtension></extensions></trkpt><trkpt lat="39.055653" lon="-105.086601"><time>2024-08-09T19:48:09.000Z</time><ele>2455.8</ele><extensions><power>292</power><tpx1:TrackPointExtension><tpx1:atemp>16</tpx1:atemp><tpx1:hr>143</tpx1:hr><tpx1:cad>96</tpx1:cad></tpx1:TrackPointExtension></extensions></trkpt><trkpt lat="39.055611" lon="-105.086563"><time>2024-08-09T19:48:10.000Z</time><ele>2456</ele><extensions><power>252</power><tpx1:TrackPointExtension><tpx1:atemp>16</tpx1:atemp><tpx1:hr>142</tpx1:hr><tpx1:cad>94</tpx1:cad></tpx1:TrackPointExtension></extensions></trkpt><trkpt lat="39.055572" lon="-105.086533"><time>2024-08-09T19:48:11.000Z</time><ele>2456.2</ele><extensions><power>250</power><tpx1:TrackPointExtension><tpx1:atemp>16</tpx1:atemp><tpx1:hr>142</tpx1:hr><tpx1:cad>98</tpx1:cad></tpx1:TrackPointExtension></extensions></trkpt><trkpt lat="39.055534" lon="-105.086502"><time>2024-08-09T19:48:12.000Z</time><ele>2456.4</ele><extensions><power>249</power><tpx1:TrackPointExtension><tpx1:atemp>16</tpx1:atemp><tpx1:hr>142</tpx1:hr><tpx1:cad>95</tpx1:cad></tpx1:TrackPointExtension></extensions></trkpt><trkpt lat="39.055496" lon="-105.086472"><time>2024-08-09T19:48:13.000Z</time><ele>2456.6</ele><extensions><power>250</power><tpx1:TrackPointExtension><tpx1:atemp>16</tpx1:atemp><tpx1:hr>142</tpx1:hr><tpx1:cad>96</tpx1:cad></tpx1:TrackPointExtension></extensions></trkpt><trkpt lat="39.055458" lon="-105.086441"><time>2024-08-09T19:48:14.000Z</time><ele>2456.8</ele><extensions><power>268</power><tpx1:TrackPointExtension><tpx1:atemp>16</tpx1:atemp><tpx1:hr>142</tpx1:hr><tpx1:cad>95</tpx1:cad></tpx1:TrackPointExtension></extensions></trkpt><trkpt lat="39.055416" lon="-105.08641"><time>2024-08-09T19:48:15.000Z</time><ele>2456.8</ele><extensions><power>282</power><tpx1:TrackPointExtension><tpx1:atemp>16</tpx1:atemp><tpx1:hr>141</tpx1:hr><tpx1:cad>96</tpx1:cad></tpx1:TrackPointExtension></extensions></trkpt><trkpt lat="39.055374" lon="-105.08638"><time>2024-08-09T19:48:16.000Z</time><ele>2456.8</ele><extensions><power>275</power><tpx1:TrackPointExtension><tpx1:atemp>16</tpx1:atemp><tpx1:hr>141</tpx1:hr><tpx1:cad>96</tpx1:cad></tpx1:TrackPointExtension></extensions></trkpt><trkpt lat="39.055336" lon="-105.086349"><time>2024-08-09T19:48:17.000Z</time><ele>2457</ele><extensions><power>257</power><tpx1:TrackPointExtension><tpx1:atemp>16</tpx1:atemp><tpx1:hr>141</tpx1:hr><tpx1:cad>95</tpx1:cad></tpx1:TrackPointExtension></extensions></trkpt><trkpt lat="39.055294" lon="-105.086319"><time>2024-08-09T19:48:18.000Z</time><ele>2457</ele><extensions><power>257</power><tpx1:TrackPointExtension><tpx1:atemp>16</tpx1:atemp><tpx1:hr>140</tpx1:hr><tpx1:cad>95</tpx1:cad></tpx1:TrackPointExtension></extensions></trkpt><trkpt lat="39.055256" lon="-105.086296"><time>2024-08-09T19:48:19.000Z</time><ele>2457</ele><extensions><power>257</power><tpx1:TrackPointExtension><tpx1:atemp>16</tpx1:atemp><tpx1:hr>140</tpx1:hr><tpx1:cad>94</tpx1:cad></tpx1:TrackPointExtension></extensions></trkpt><trkpt lat="39.055214" lon="-105.086273"><time>2024-08-09T19:48:20.000Z</time><ele>2457.2</ele><extensions><power>268</power><tpx1:TrackPointExtension><tpx1:atemp>16</tpx1:atemp><tpx1:hr>140</tpx1:hr><tpx1:cad>95</tpx1:cad></tpx1:TrackPointExtension></extensions></trkpt><trkpt lat="39.055172" lon="-105.086243"><time>2024-08-09T19:48:21.000Z</time><ele>2457.4</ele><extensions><power>274</power><tpx1:TrackPointExtension><tpx1:atemp>16</tpx1:atemp><tpx1:hr>140</tpx1:hr><tpx1:cad>94</tpx1:cad></tpx1:TrackPointExtension></extensions></trkpt><trkpt lat="39.055126" lon="-105.08622"><time>2024-08-09T19:48:22.000Z</time><ele>2457.6</ele><extensions><power>271</power><tpx1:TrackPointExtension><tpx1:atemp>16</tpx1:atemp><tpx1:hr>141</tpx1:hr><tpx1:cad>93</tpx1:cad></tpx1:TrackPointExtension></extensions></trkpt><trkpt lat="39.055084" lon="-105.086189"><time>2024-08-09T19:48:23.000Z</time><ele>2457.8</ele><extensions><power>258</power><tpx1:TrackPointExtension><tpx1:atemp>16</tpx1:atemp><tpx1:hr>141</tpx1:hr><tpx1:cad>85</tpx1:cad></tpx1:TrackPointExtension></extensions></trkpt><trkpt lat="39.055038" lon="-105.086166"><time>2024-08-09T19:48:24.000Z</time><ele>2457.8</ele><extensions><power>240</power><tpx1:TrackPointExtension><tpx1:atemp>16</tpx1:atemp><tpx1:hr>141</tpx1:hr><tpx1:cad>90</tpx1:cad></tpx1:TrackPointExtension></extensions></trkpt><trkpt lat="39.054993" lon="-105.086143"><time>2024-08-09T19:48:25.000Z</time><ele>2458</ele><extensions><power>245</power><tpx1:TrackPointExtension><tpx1:atemp>16</tpx1:atemp><tpx1:hr>141</tpx1:hr><tpx1:cad>89</tpx1:cad></tpx1:TrackPointExtension></extensions></trkpt><trkpt lat="39.054947" lon="-105.086113"><time>2024-08-09T19:48:26.000Z</time><ele>2458.2</ele><extensions><power>245</power><tpx1:TrackPointExtension><tpx1:atemp>16</tpx1:atemp><tpx1:hr>141</tpx1:hr><tpx1:cad>91</tpx1:cad></tpx1:TrackPointExtension></extensions></trkpt><trkpt lat="39.054901" lon="-105.08609"><time>2024-08-09T19:48:27.000Z</time><ele>2458.4</ele><extensions><power>231</power><tpx1:TrackPointExtension><tpx1:atemp>16</tpx1:atemp><tpx1:hr>141</tpx1:hr><tpx1:cad>89</tpx1:cad></tpx1:TrackPointExtension></extensions></trkpt><trkpt lat="39.054855" lon="-105.086067"><time>2024-08-09T19:48:28.000Z</time><ele>2458.4</ele><extensions><power>223</power><tpx1:TrackPointExtension><tpx1:atemp>16</tpx1:atemp><tpx1:hr>141</tpx1:hr><tpx1:cad>88</tpx1:cad></tpx1:TrackPointExtension></extensions></trkpt><trkpt lat="39.054813" lon="-105.086044"><time>2024-08-09T19:48:29.000Z</time><ele>2458.6</ele><extensions><power>242</power><tpx1:TrackPointExtension><tpx1:atemp>16</tpx1:atemp><tpx1:hr>141</tpx1:hr><tpx1:cad>87</tpx1:cad></tpx1:TrackPointExtension></extensions></trkpt><trkpt lat="39.054771" lon="-105.086021"><time>2024-08-09T19:48:30.000Z</time><ele>2458.8</ele><extensions><power>261</power><tpx1:TrackPointExtension><tpx1:atemp>16</tpx1:atemp><tpx1:hr>140</tpx1:hr><tpx1:cad>86</tpx1:cad></tpx1:TrackPointExtension></extensions></trkpt><trkpt lat="39.054729" lon="-105.085991"><time>2024-08-09T19:48:31.000Z</time><ele>2459</ele><extensions><power>268</power><tpx1:TrackPointExtension><tpx1:atemp>16</tpx1:atemp><tpx1:hr>138</tpx1:hr><tpx1:cad>86</tpx1:cad></tpx1:TrackPointExtension></extensions></trkpt><trkpt lat="39.054687" lon="-105.085968"><time>2024-08-09T19:48:32.000Z</time><ele>2459.2</ele><extensions><power>288</power><tpx1:TrackPointExtension><tpx1:atemp>16</tpx1:atemp><tpx1:hr>138</tpx1:hr><tpx1:cad>84</tpx1:cad></tpx1:TrackPointExtension></extensions></trkpt><trkpt lat="39.054646" lon="-105.085945"><time>2024-08-09T19:48:33.000Z</time><ele>2459.4</ele><extensions><power>324</power><tpx1:TrackPointExtension><tpx1:atemp>16</tpx1:atemp><tpx1:hr>137</tpx1:hr><tpx1:cad>86</tpx1:cad></tpx1:TrackPointExtension></extensions></trkpt><trkpt lat="39.054604" lon="-105.085922"><time>2024-08-09T19:48:34.000Z</time><ele>2459.6</ele><extensions><power>334</power><tpx1:TrackPointExtension><tpx1:atemp>16</tpx1:atemp><tpx1:hr>138</tpx1:hr><tpx1:cad>89</tpx1:cad></tpx1:TrackPointExtension></extensions></trkpt><trkpt lat="39.054558" lon="-105.085899"><time>2024-08-09T19:48:35.000Z</time><ele>2460</ele><extensions><power>311</power><tpx1:TrackPointExtension><tpx1:atemp>16</tpx1:atemp><tpx1:hr>138</tpx1:hr><tpx1:cad>89</tpx1:cad></tpx1:TrackPointExtension></extensions></trkpt><trkpt lat="39.054512" lon="-105.085876"><time>2024-08-09T19:48:36.000Z</time><ele>2460.2</ele><extensions><power>311</power><tpx1:TrackPointExtension><tpx1:atemp>16</tpx1:atemp><tpx1:hr>138</tpx1:hr><tpx1:cad>89</tpx1:cad></tpx1:TrackPointExtension></extensions></trkpt><trkpt lat="39.054466" lon="-105.085854"><time>2024-08-09T19:48:37.000Z</time><ele>2460.4</ele><extensions><power>325</power><tpx1:TrackPointExtension><tpx1:atemp>16</tpx1:atemp><tpx1:hr>138</tpx1:hr><tpx1:cad>90</tpx1:cad></tpx1:TrackPointExtension></extensions></trkpt><trkpt lat="39.05442" lon="-105.085831"><time>2024-08-09T19:48:38.000Z</time><ele>2460.6</ele><extensions><power>320</power><tpx1:TrackPointExtension><tpx1:atemp>15</tpx1:atemp><tpx1:hr>138</tpx1:hr><tpx1:cad>93</tpx1:cad></tpx1:TrackPointExtension></extensions></trkpt><trkpt lat="39.054371" lon="-105.0858"><time>2024-08-09T19:48:39.000Z</time><ele>2460.8</ele><extensions><power>322</power><tpx1:TrackPointExtension><tpx1:atemp>15</tpx1:atemp><tpx1:hr>138</tpx1:hr><tpx1:cad>95</tpx1:cad></tpx1:TrackPointExtension></extensions></trkpt><trkpt lat="39.054325" lon="-105.085777"><time>2024-08-09T19:48:40.000Z</time><ele>2461</ele><extensions><power>324</power><tpx1:TrackPointExtension><tpx1:atemp>15</tpx1:atemp><tpx1:hr>138</tpx1:hr><tpx1:cad>94</tpx1:cad></tpx1:TrackPointExtension></extensions></trkpt><trkpt lat="39.054276" lon="-105.085754"><time>2024-08-09T19:48:41.000Z</time><ele>2461</ele><extensions><power>301</power><tpx1:TrackPointExtension><tpx1:atemp>15</tpx1:atemp><tpx1:hr>138</tpx1:hr><tpx1:cad>98</tpx1:cad></tpx1:TrackPointExtension></extensions></trkpt><trkpt lat="39.05423" lon="-105.085731"><time>2024-08-09T19:48:42.000Z</time><ele>2461.2</ele><extensions><power>282</power><tpx1:TrackPointExtension><tpx1:atemp>15</tpx1:atemp><tpx1:hr>138</tpx1:hr><tpx1:cad>95</tpx1:cad></tpx1:TrackPointExtension></extensions></trkpt><trkpt lat="39.054184" lon="-105.085709"><time>2024-08-09T19:48:43.000Z</time><ele>2461.4</ele><extensions><power>290</power><tpx1:TrackPointExtension><tpx1:atemp>15</tpx1:atemp><tpx1:hr>139</tpx1:hr><tpx1:cad>84</tpx1:cad></tpx1:TrackPointExtension></extensions></trkpt><trkpt lat="39.054138" lon="-105.085678"><time>2024-08-09T19:48:44.000Z</time><ele>2461.6</ele><extensions><power>301</power><tpx1:TrackPointExtension><tpx1:atemp>15</tpx1:atemp><tpx1:hr>139</tpx1:hr><tpx1:cad>88</tpx1:cad></tpx1:TrackPointExtension></extensions></trkpt><trkpt lat="39.054092" lon="-105.085655"><time>2024-08-09T19:48:45.000Z</time><ele>2461.8</ele><extensions><power>295</power><tpx1:TrackPointExtension><tpx1:atemp>15</tpx1:atemp><tpx1:hr>140</tpx1:hr><tpx1:cad>86</tpx1:cad></tpx1:TrackPointExtension></extensions></trkpt><trkpt lat="39.054043" lon="-105.085625"><time>2024-08-09T19:48:46.000Z</time><ele>2462</ele><extensions><power>285</power><tpx1:TrackPointExtension><tpx1:atemp>15</tpx1:atemp><tpx1:hr>140</tpx1:hr><tpx1:cad>86</tpx1:cad></tpx1:TrackPointExtension></extensions></trkpt><trkpt lat="39.053997" lon="-105.085602"><time>2024-08-09T19:48:47.000Z</time><ele>2462</ele><extensions><power>302</power><tpx1:TrackPointExtension><tpx1:atemp>15</tpx1:atemp><tpx1:hr>140</tpx1:hr><tpx1:cad>87</tpx1:cad></tpx1:TrackPointExtension></extensions></trkpt><trkpt lat="39.053944" lon="-105.085571"><time>2024-08-09T19:48:48.000Z</time><ele>2462.2</ele><extensions><power>313</power><tpx1:TrackPointExtension><tpx1:atemp>15</tpx1:atemp><tpx1:hr>140</tpx1:hr><tpx1:cad>87</tpx1:cad></tpx1:TrackPointExtension></extensions></trkpt><trkpt lat="39.053898" lon="-105.085548"><time>2024-08-09T19:48:49.000Z</time><ele>2462.4</ele><extensions><power>326</power><tpx1:TrackPointExtension><tpx1:atemp>15</tpx1:atemp><tpx1:hr>140</tpx1:hr><tpx1:cad>88</tpx1:cad></tpx1:TrackPointExtension></extensions></trkpt><trkpt lat="39.053848" lon="-105.085518"><time>2024-08-09T19:48:50.000Z</time><ele>2462.6</ele><extensions><power>338</power><tpx1:TrackPointExtension><tpx1:atemp>15</tpx1:atemp><tpx1:hr>140</tpx1:hr><tpx1:cad>89</tpx1:cad></tpx1:TrackPointExtension></extensions></trkpt><trkpt lat="39.053799" lon="-105.085495"><time>2024-08-09T19:48:51.000Z</time><ele>2462.8</ele><extensions><power>339</power><tpx1:TrackPointExtension><tpx1:atemp>15</tpx1:atemp><tpx1:hr>139</tpx1:hr><tpx1:cad>89</tpx1:cad></tpx1:TrackPointExtension></extensions></trkpt><trkpt lat="39.053749" lon="-105.085464"><time>2024-08-09T19:48:52.000Z</time><ele>2463</ele><extensions><power>348</power><tpx1:TrackPointExtension><tpx1:atemp>15</tpx1:atemp><tpx1:hr>139</tpx1:hr><tpx1:cad>90</tpx1:cad></tpx1:TrackPointExtension></extensions></trkpt><trkpt lat="39.053699" lon="-105.085442"><time>2024-08-09T19:48:53.000Z</time><ele>2463</ele><extensions><power>353</power><tpx1:TrackPointExtension><tpx1:atemp>15</tpx1:atemp><tpx1:hr>139</tpx1:hr><tpx1:cad>91</tpx1:cad></tpx1:TrackPointExtension></extensions></trkpt><trkpt lat="39.05365" lon="-105.085411"><time>2024-08-09T19:48:54.000Z</time><ele>2463.2</ele><extensions><power>394</power><tpx1:TrackPointExtension><tpx1:atemp>15</tpx1:atemp><tpx1:hr>139</tpx1:hr><tpx1:cad>92</tpx1:cad></tpx1:TrackPointExtension></extensions></trkpt><trkpt lat="39.0536" lon="-105.085381"><time>2024-08-09T19:48:55.000Z</time><ele>2463.6</ele><extensions><power>408</power><tpx1:TrackPointExtension><tpx1:atemp>15</tpx1:atemp><tpx1:hr>139</tpx1:hr><tpx1:cad>95</tpx1:cad></tpx1:TrackPointExtension></extensions></trkpt><trkpt lat="39.053547" lon="-105.085358"><time>2024-08-09T19:48:56.000Z</time><ele>2463.8</ele><extensions><power>371</power><tpx1:TrackPointExtension><tpx1:atemp>15</tpx1:atemp><tpx1:hr>139</tpx1:hr><tpx1:cad>96</tpx1:cad></tpx1:TrackPointExtension></extensions></trkpt><trkpt lat="39.053497" lon="-105.085327"><time>2024-08-09T19:48:57.000Z</time><ele>2464</ele><extensions><power>323</power><tpx1:TrackPointExtension><tpx1:atemp>15</tpx1:atemp><tpx1:hr>139</tpx1:hr><tpx1:cad>94</tpx1:cad></tpx1:TrackPointExtension></extensions></trkpt><trkpt lat="39.053444" lon="-105.085297"><time>2024-08-09T19:48:58.000Z</time><ele>2464.4</ele><extensions><power>294</power><tpx1:TrackPointExtension><tpx1:atemp>15</tpx1:atemp><tpx1:hr>140</tpx1:hr><tpx1:cad>93</tpx1:cad></tpx1:TrackPointExtension></extensions></trkpt><trkpt lat="39.053398" lon="-105.085266"><time>2024-08-09T19:48:59.000Z</time><ele>2464.6</ele><extensions><power>268</power><tpx1:TrackPointExtension><tpx1:atemp>15</tpx1:atemp><tpx1:hr>142</tpx1:hr><tpx1:cad>94</tpx1:cad></tpx1:TrackPointExtension></extensions></trkpt><trkpt lat="39.053345" lon="-105.085236"><time>2024-08-09T19:49:00.000Z</time><ele>2464.6</ele><extensions><power>268</power><tpx1:TrackPointExtension><tpx1:atemp>15</tpx1:atemp><tpx1:hr>145</tpx1:hr><tpx1:cad>94</tpx1:cad></tpx1:TrackPointExtension></extensions></trkpt><trkpt lat="39.053291" lon="-105.085213"><time>2024-08-09T19:49:01.000Z</time><ele>2464.8</ele><extensions><power>276</power><tpx1:TrackPointExtension><tpx1:atemp>15</tpx1:atemp><tpx1:hr>146</tpx1:hr><tpx1:cad>94</tpx1:cad></tpx1:TrackPointExtension></extensions></trkpt><trkpt lat="39.053242" lon="-105.085182"><time>2024-08-09T19:49:02.000Z</time><ele>2465</ele><extensions><power>315</power><tpx1:TrackPointExtension><tpx1:atemp>15</tpx1:atemp><tpx1:hr>146</tpx1:hr><tpx1:cad>95</tpx1:cad></tpx1:TrackPointExtension></extensions></trkpt><trkpt lat="39.053192" lon="-105.085159"><time>2024-08-09T19:49:03.000Z</time><ele>2465</ele><extensions><power>343</power><tpx1:TrackPointExtension><tpx1:atemp>15</tpx1:atemp><tpx1:hr>147</tpx1:hr><tpx1:cad>94</tpx1:cad></tpx1:TrackPointExtension></extensions></trkpt><trkpt lat="39.053143" lon="-105.085129"><time>2024-08-09T19:49:04.000Z</time><ele>2465.2</ele><extensions><power>327</power><tpx1:TrackPointExtension><tpx1:atemp>15</tpx1:atemp><tpx1:hr>148</tpx1:hr><tpx1:cad>94</tpx1:cad></tpx1:TrackPointExtension></extensions></trkpt><trkpt lat="39.053093" lon="-105.085098"><time>2024-08-09T19:49:05.000Z</time><ele>2465.2</ele><extensions><power>302</power><tpx1:TrackPointExtension><tpx1:atemp>15</tpx1:atemp><tpx1:hr>148</tpx1:hr><tpx1:cad>93</tpx1:cad></tpx1:TrackPointExtension></extensions></trkpt><trkpt lat="39.053043" lon="-105.085068"><time>2024-08-09T19:49:06.000Z</time><ele>2465.4</ele><extensions><power>299</power><tpx1:TrackPointExtension><tpx1:atemp>15</tpx1:atemp><tpx1:hr>148</tpx1:hr><tpx1:cad>92</tpx1:cad></tpx1:TrackPointExtension></extensions></trkpt><trkpt lat="39.052994" lon="-105.085045"><time>2024-08-09T19:49:07.000Z</time><ele>2465.6</ele><extensions><power>311</power><tpx1:TrackPointExtension><tpx1:atemp>15</tpx1:atemp><tpx1:hr>148</tpx1:hr><tpx1:cad>91</tpx1:cad></tpx1:TrackPointExtension></extensions></trkpt><trkpt lat="39.052944" lon="-105.085014"><time>2024-08-09T19:49:08.000Z</time><ele>2465.8</ele><extensions><power>317</power><tpx1:TrackPointExtension><tpx1:atemp>15</tpx1:atemp><tpx1:hr>148</tpx1:hr><tpx1:cad>91</tpx1:cad></tpx1:TrackPointExtension></extensions></trkpt><trkpt lat="39.052891" lon="-105.084991"><time>2024-08-09T19:49:09.000Z</time><ele>2466</ele><extensions><power>352</power><tpx1:TrackPointExtension><tpx1:atemp>15</tpx1:atemp><tpx1:hr>148</tpx1:hr><tpx1:cad>91</tpx1:cad></tpx1:TrackPointExtension></extensions></trkpt><trkpt lat="39.052841" lon="-105.084961"><time>2024-08-09T19:49:10.000Z</time><ele>2466.2</ele><extensions><power>327</power><tpx1:TrackPointExtension><tpx1:atemp>15</tpx1:atemp><tpx1:hr>148</tpx1:hr><tpx1:cad>90</tpx1:cad></tpx1:TrackPointExtension></extensions></trkpt><trkpt lat="39.052792" lon="-105.08493"><time>2024-08-09T19:49:11.000Z</time><ele>2466.4</ele><extensions><power>315</power><tpx1:TrackPointExtension><tpx1:atemp>15</tpx1:atemp><tpx1:hr>148</tpx1:hr><tpx1:cad>90</tpx1:cad></tpx1:TrackPointExtension></extensions></trkpt><trkpt lat="39.052742" lon="-105.084907"><time>2024-08-09T19:49:12.000Z</time><ele>2466.6</ele><extensions><power>334</power><tpx1:TrackPointExtension><tpx1:atemp>15</tpx1:atemp><tpx1:hr>148</tpx1:hr><tpx1:cad>90</tpx1:cad></tpx1:TrackPointExtension></extensions></trkpt><trkpt lat="39.052692" lon="-105.084877"><time>2024-08-09T19:49:13.000Z</time><ele>2466.8</ele><extensions><power>332</power><tpx1:TrackPointExtension><tpx1:atemp>15</tpx1:atemp><tpx1:hr>149</tpx1:hr><tpx1:cad>89</tpx1:cad></tpx1:TrackPointExtension></extensions></trkpt><trkpt lat="39.052639" lon="-105.084846"><time>2024-08-09T19:49:14.000Z</time><ele>2467</ele><extensions><power>320</power><tpx1:TrackPointExtension><tpx1:atemp>15</tpx1:atemp><tpx1:hr>149</tpx1:hr><tpx1:cad>93</tpx1:cad></tpx1:TrackPointExtension></extensions></trkpt><trkpt lat="39.052582" lon="-105.084831"><time>2024-08-09T19:49:15.000Z</time><ele>2467.2</ele><extensions><power>307</power><tpx1:TrackPointExtension><tpx1:atemp>15</tpx1:atemp><tpx1:hr>149</tpx1:hr><tpx1:cad>91</tpx1:cad></tpx1:TrackPointExtension></extensions></trkpt><trkpt lat="39.052525" lon="-105.084816"><time>2024-08-09T19:49:16.000Z</time><ele>2467.4</ele><extensions><power>304</power><tpx1:TrackPointExtension><tpx1:atemp>15</tpx1:atemp><tpx1:hr>149</tpx1:hr><tpx1:cad>90</tpx1:cad></tpx1:TrackPointExtension></extensions></trkpt><trkpt lat="39.052467" lon="-105.084793"><time>2024-08-09T19:49:17.000Z</time><ele>2467.8</ele><extensions><power>322</power><tpx1:TrackPointExtension><tpx1:atemp>15</tpx1:atemp><tpx1:hr>148</tpx1:hr><tpx1:cad>90</tpx1:cad></tpx1:TrackPointExtension></extensions></trkpt><trkpt lat="39.052418" lon="-105.084747"><time>2024-08-09T19:49:18.000Z</time><ele>2468.2</ele><extensions><power>340</power><tpx1:TrackPointExtension><tpx1:atemp>15</tpx1:atemp><tpx1:hr>148</tpx1:hr><tpx1:cad>92</tpx1:cad></tpx1:TrackPointExtension></extensions></trkpt><trkpt lat="39.052372" lon="-105.084702"><time>2024-08-09T19:49:19.000Z</time><ele>2468.6</ele><extensions><power>347</power><tpx1:TrackPointExtension><tpx1:atemp>15</tpx1:atemp><tpx1:hr>148</tpx1:hr><tpx1:cad>97</tpx1:cad></tpx1:TrackPointExtension></extensions></trkpt><trkpt lat="39.052326" lon="-105.084663"><time>2024-08-09T19:49:20.000Z</time><ele>2468.8</ele><extensions><power>339</power><tpx1:TrackPointExtension><tpx1:atemp>15</tpx1:atemp><tpx1:hr>148</tpx1:hr><tpx1:cad>94</tpx1:cad></tpx1:TrackPointExtension></extensions></trkpt><trkpt lat="39.05228" lon="-105.084625"><time>2024-08-09T19:49:21.000Z</time><ele>2469</ele><extensions><power>237</power><tpx1:TrackPointExtension><tpx1:atemp>15</tpx1:atemp><tpx1:hr>148</tpx1:hr><tpx1:cad>91</tpx1:cad></tpx1:TrackPointExtension></extensions></trkpt><trkpt lat="39.052231" lon="-105.084595"><time>2024-08-09T19:49:22.000Z</time><ele>2469.2</ele><extensions><power>265</power><tpx1:TrackPointExtension><tpx1:atemp>15</tpx1:atemp><tpx1:hr>149</tpx1:hr><tpx1:cad>91</tpx1:cad></tpx1:TrackPointExtension></extensions></trkpt><trkpt lat="39.052181" lon="-105.084556"><time>2024-08-09T19:49:23.000Z</time><ele>2469.4</ele><extensions><power>311</power><tpx1:TrackPointExtension><tpx1:atemp>15</tpx1:atemp><tpx1:hr>149</tpx1:hr><tpx1:cad>91</tpx1:cad></tpx1:TrackPointExtension></extensions></trkpt><trkpt lat="39.052135" lon="-105.084526"><time>2024-08-09T19:49:24.000Z</time><ele>2469.8</ele><extensions><power>326</power><tpx1:TrackPointExtension><tpx1:atemp>15</tpx1:atemp><tpx1:hr>150</tpx1:hr><tpx1:cad>93</tpx1:cad></tpx1:TrackPointExtension></extensions></trkpt><trkpt lat="39.05209" lon="-105.084495"><time>2024-08-09T19:49:25.000Z</time><ele>2470</ele><extensions><power>300</power><tpx1:TrackPointExtension><tpx1:atemp>15</tpx1:atemp><tpx1:hr>150</tpx1:hr><tpx1:cad>90</tpx1:cad></tpx1:TrackPointExtension></extensions></trkpt><trkpt lat="39.052044" lon="-105.084457"><time>2024-08-09T19:49:26.000Z</time><ele>2470.4</ele><extensions><power>304</power><tpx1:TrackPointExtension><tpx1:atemp>15</tpx1:atemp><tpx1:hr>149</tpx1:hr><tpx1:cad>92</tpx1:cad></tpx1:TrackPointExtension></extensions></trkpt><trkpt lat="39.051998" lon="-105.084419"><time>2024-08-09T19:49:27.000Z</time><ele>2470.6</ele><extensions><power>307</power><tpx1:TrackPointExtension><tpx1:atemp>15</tpx1:atemp><tpx1:hr>149</tpx1:hr><tpx1:cad>91</tpx1:cad></tpx1:TrackPointExtension></extensions></trkpt><trkpt lat="39.051956" lon="-105.084389"><time>2024-08-09T19:49:28.000Z</time><ele>2470.8</ele><extensions><power>300</power><tpx1:TrackPointExtension><tpx1:atemp>15</tpx1:atemp><tpx1:hr>150</tpx1:hr><tpx1:cad>91</tpx1:cad></tpx1:TrackPointExtension></extensions></trkpt><trkpt lat="39.051914" lon="-105.084351"><time>2024-08-09T19:49:29.000Z</time><ele>2471</ele><extensions><power>285</power><tpx1:TrackPointExtension><tpx1:atemp>15</tpx1:atemp><tpx1:hr>150</tpx1:hr><tpx1:cad>90</tpx1:cad></tpx1:TrackPointExtension></extensions></trkpt><trkpt lat="39.051872" lon="-105.084312"><time>2024-08-09T19:49:30.000Z</time><ele>2471.2</ele><extensions><power>285</power><tpx1:TrackPointExtension><tpx1:atemp>15</tpx1:atemp><tpx1:hr>150</tpx1:hr><tpx1:cad>89</tpx1:cad></tpx1:TrackPointExtension></extensions></trkpt><trkpt lat="39.051826" lon="-105.084282"><time>2024-08-09T19:49:31.000Z</time><ele>2471.4</ele><extensions><power>297</power><tpx1:TrackPointExtension><tpx1:atemp>15</tpx1:atemp><tpx1:hr>150</tpx1:hr><tpx1:cad>89</tpx1:cad></tpx1:TrackPointExtension></extensions></trkpt><trkpt lat="39.051788" lon="-105.084251"><time>2024-08-09T19:49:32.000Z</time><ele>2471.6</ele><extensions><power>301</power><tpx1:TrackPointExtension><tpx1:atemp>15</tpx1:atemp><tpx1:hr>150</tpx1:hr><tpx1:cad>89</tpx1:cad></tpx1:TrackPointExtension></extensions></trkpt><trkpt lat="39.051746" lon="-105.084213"><time>2024-08-09T19:49:33.000Z</time><ele>2471.8</ele><extensions><power>308</power><tpx1:TrackPointExtension><tpx1:atemp>15</tpx1:atemp><tpx1:hr>151</tpx1:hr><tpx1:cad>87</tpx1:cad></tpx1:TrackPointExtension></extensions></trkpt><trkpt lat="39.051708" lon="-105.084175"><time>2024-08-09T19:49:34.000Z</time><ele>2472</ele><extensions><power>332</power><tpx1:TrackPointExtension><tpx1:atemp>15</tpx1:atemp><tpx1:hr>151</tpx1:hr><tpx1:cad>89</tpx1:cad></tpx1:TrackPointExtension></extensions></trkpt><trkpt lat="39.051662" lon="-105.084145"><time>2024-08-09T19:49:35.000Z</time><ele>2472.2</ele><extensions><power>355</power><tpx1:TrackPointExtension><tpx1:atemp>15</tpx1:atemp><tpx1:hr>151</tpx1:hr><tpx1:cad>89</tpx1:cad></tpx1:TrackPointExtension></extensions></trkpt><trkpt lat="39.051617" lon="-105.084106"><time>2024-08-09T19:49:36.000Z</time><ele>2472.4</ele><extensions><power>356</power><tpx1:TrackPointExtension><tpx1:atemp>15</tpx1:atemp><tpx1:hr>151</tpx1:hr><tpx1:cad>89</tpx1:cad></tpx1:TrackPointExtension></extensions></trkpt><trkpt lat="39.051575" lon="-105.084068"><time>2024-08-09T19:49:37.000Z</time><ele>2472.6</ele><extensions><power>335</power><tpx1:TrackPointExtension><tpx1:atemp>15</tpx1:atemp><tpx1:hr>151</tpx1:hr><tpx1:cad>87</tpx1:cad></tpx1:TrackPointExtension></extensions></trkpt><trkpt lat="39.051533" lon="-105.084038"><time>2024-08-09T19:49:38.000Z</time><ele>2472.8</ele><extensions><power>327</power><tpx1:TrackPointExtension><tpx1:atemp>15</tpx1:atemp><tpx1:hr>151</tpx1:hr><tpx1:cad>89</tpx1:cad></tpx1:TrackPointExtension></extensions></trkpt><trkpt lat="39.051487" lon="-105.084"><time>2024-08-09T19:49:39.000Z</time><ele>2473</ele><extensions><power>346</power><tpx1:TrackPointExtension><tpx1:atemp>15</tpx1:atemp><tpx1:hr>151</tpx1:hr><tpx1:cad>88</tpx1:cad></tpx1:TrackPointExtension></extensions></trkpt><trkpt lat="39.051445" lon="-105.083969"><time>2024-08-09T19:49:40.000Z</time><ele>2473.2</ele><extensions><power>355</power><tpx1:TrackPointExtension><tpx1:atemp>15</tpx1:atemp><tpx1:hr>151</tpx1:hr><tpx1:cad>86</tpx1:cad></tpx1:TrackPointExtension></extensions></trkpt><trkpt lat="39.051403" lon="-105.083931"><time>2024-08-09T19:49:41.000Z</time><ele>2473.4</ele><extensions><power>348</power><tpx1:TrackPointExtension><tpx1:atemp>15</tpx1:atemp><tpx1:hr>152</tpx1:hr><tpx1:cad>87</tpx1:cad></tpx1:TrackPointExtension></extensions></trkpt><trkpt lat="39.051361" lon="-105.0839"><time>2024-08-09T19:49:42.000Z</time><ele>2473.6</ele><extensions><power>339</power><tpx1:TrackPointExtension><tpx1:atemp>15</tpx1:atemp><tpx1:hr>152</tpx1:hr><tpx1:cad>88</tpx1:cad></tpx1:TrackPointExtension></extensions></trkpt><trkpt lat="39.051323" lon="-105.08387"><time>2024-08-09T19:49:43.000Z</time><ele>2473.8</ele><extensions><power>335</power><tpx1:TrackPointExtension><tpx1:atemp>15</tpx1:atemp><tpx1:hr>152</tpx1:hr><tpx1:cad>89</tpx1:cad></tpx1:TrackPointExtension></extensions></trkpt><trkpt lat="39.051285" lon="-105.083839"><time>2024-08-09T19:49:44.000Z</time><ele>2474</ele><extensions><power>318</power><tpx1:TrackPointExtension><tpx1:atemp>15</tpx1:atemp><tpx1:hr>152</tpx1:hr><tpx1:cad>91</tpx1:cad></tpx1:TrackPointExtension></extensions></trkpt><trkpt lat="39.051247" lon="-105.083809"><time>2024-08-09T19:49:45.000Z</time><ele>2474.2</ele><extensions><power>300</power><tpx1:TrackPointExtension><tpx1:atemp>15</tpx1:atemp><tpx1:hr>152</tpx1:hr><tpx1:cad>92</tpx1:cad></tpx1:TrackPointExtension></extensions></trkpt><trkpt lat="39.051205" lon="-105.083778"><time>2024-08-09T19:49:46.000Z</time><ele>2474.4</ele><extensions><power>324</power><tpx1:TrackPointExtension><tpx1:atemp>15</tpx1:atemp><tpx1:hr>152</tpx1:hr><tpx1:cad>90</tpx1:cad></tpx1:TrackPointExtension></extensions></trkpt><trkpt lat="39.051167" lon="-105.083748"><time>2024-08-09T19:49:47.000Z</time><ele>2474.6</ele><extensions><power>339</power><tpx1:TrackPointExtension><tpx1:atemp>15</tpx1:atemp><tpx1:hr>153</tpx1:hr><tpx1:cad>90</tpx1:cad></tpx1:TrackPointExtension></extensions></trkpt><trkpt lat="39.051128" lon="-105.08371"><time>2024-08-09T19:49:48.000Z</time><ele>2474.6</ele><extensions><power>341</power><tpx1:TrackPointExtension><tpx1:atemp>15</tpx1:atemp><tpx1:hr>153</tpx1:hr><tpx1:cad>90</tpx1:cad></tpx1:TrackPointExtension></extensions></trkpt><trkpt lat="39.05109" lon="-105.083679"><time>2024-08-09T19:49:49.000Z</time><ele>2474.8</ele><extensions><power>338</power><tpx1:TrackPointExtension><tpx1:atemp>15</tpx1:atemp><tpx1:hr>153</tpx1:hr><tpx1:cad>90</tpx1:cad></tpx1:TrackPointExtension></extensions></trkpt><trkpt lat="39.051052" lon="-105.083649"><time>2024-08-09T19:49:50.000Z</time><ele>2475</ele><extensions><power>339</power><tpx1:TrackPointExtension><tpx1:atemp>15</tpx1:atemp><tpx1:hr>153</tpx1:hr><tpx1:cad>90</tpx1:cad></tpx1:TrackPointExtension></extensions></trkpt><trkpt lat="39.05101" lon="-105.083618"><time>2024-08-09T19:49:51.000Z</time><ele>2475.2</ele><extensions><power>341</power><tpx1:TrackPointExtension><tpx1:atemp>15</tpx1:atemp><tpx1:hr>153</tpx1:hr><tpx1:cad>91</tpx1:cad></tpx1:TrackPointExtension></extensions></trkpt><trkpt lat="39.050972" lon="-105.083588"><time>2024-08-09T19:49:52.000Z</time><ele>2475.4</ele><extensions><power>331</power><tpx1:TrackPointExtension><tpx1:atemp>15</tpx1:atemp><tpx1:hr>153</tpx1:hr><tpx1:cad>91</tpx1:cad></tpx1:TrackPointExtension></extensions></trkpt><trkpt lat="39.050934" lon="-105.083549"><time>2024-08-09T19:49:53.000Z</time><ele>2475.6</ele><extensions><power>332</power><tpx1:TrackPointExtension><tpx1:atemp>15</tpx1:atemp><tpx1:hr>153</tpx1:hr><tpx1:cad>91</tpx1:cad></tpx1:TrackPointExtension></extensions></trkpt><trkpt lat="39.050896" lon="-105.083519"><time>2024-08-09T19:49:54.000Z</time><ele>2475.8</ele><extensions><power>326</power><tpx1:TrackPointExtension><tpx1:atemp>15</tpx1:atemp><tpx1:hr>153</tpx1:hr><tpx1:cad>89</tpx1:cad></tpx1:TrackPointExtension></extensions></trkpt><trkpt lat="39.050858" lon="-105.083488"><time>2024-08-09T19:49:55.000Z</time><ele>2476.2</ele><extensions><power>321</power><tpx1:TrackPointExtension><tpx1:atemp>15</tpx1:atemp><tpx1:hr>153</tpx1:hr><tpx1:cad>88</tpx1:cad></tpx1:TrackPointExtension></extensions></trkpt><trkpt lat="39.050816" lon="-105.083458"><time>2024-08-09T19:49:56.000Z</time><ele>2476.4</ele><extensions><power>329</power><tpx1:TrackPointExtension><tpx1:atemp>15</tpx1:atemp><tpx1:hr>153</tpx1:hr><tpx1:cad>89</tpx1:cad></tpx1:TrackPointExtension></extensions></trkpt><trkpt lat="39.050777" lon="-105.08342"><time>2024-08-09T19:49:57.000Z</time><ele>2476.6</ele><extensions><power>335</power><tpx1:TrackPointExtension><tpx1:atemp>15</tpx1:atemp><tpx1:hr>153</tpx1:hr><tpx1:cad>90</tpx1:cad></tpx1:TrackPointExtension></extensions></trkpt><trkpt lat="39.050739" lon="-105.083389"><time>2024-08-09T19:49:58.000Z</time><ele>2477</ele><extensions><power>337</power><tpx1:TrackPointExtension><tpx1:atemp>15</tpx1:atemp><tpx1:hr>153</tpx1:hr><tpx1:cad>88</tpx1:cad></tpx1:TrackPointExtension></extensions></trkpt><trkpt lat="39.050701" lon="-105.083351"><time>2024-08-09T19:49:59.000Z</time><ele>2477.2</ele><extensions><power>341</power><tpx1:TrackPointExtension><tpx1:atemp>15</tpx1:atemp><tpx1:hr>153</tpx1:hr><tpx1:cad>88</tpx1:cad></tpx1:TrackPointExtension></extensions></trkpt><trkpt lat="39.050659" lon="-105.083328"><time>2024-08-09T19:50:00.000Z</time><ele>2477.4</ele><extensions><power>347</power><tpx1:TrackPointExtension><tpx1:atemp>15</tpx1:atemp><tpx1:hr>153</tpx1:hr><tpx1:cad>90</tpx1:cad></tpx1:TrackPointExtension></extensions></trkpt><trkpt lat="39.050621" lon="-105.083298"><time>2024-08-09T19:50:01.000Z</time><ele>2477.4</ele><extensions><power>362</power><tpx1:TrackPointExtension><tpx1:atemp>15</tpx1:atemp><tpx1:hr>153</tpx1:hr><tpx1:cad>92</tpx1:cad></tpx1:TrackPointExtension></extensions></trkpt><trkpt lat="39.050579" lon="-105.08326"><time>2024-08-09T19:50:02.000Z</time><ele>2477.4</ele><extensions><power>372</power><tpx1:TrackPointExtension><tpx1:atemp>15</tpx1:atemp><tpx1:hr>153</tpx1:hr><tpx1:cad>91</tpx1:cad></tpx1:TrackPointExtension></extensions></trkpt><trkpt lat="39.050533" lon="-105.083229"><time>2024-08-09T19:50:03.000Z</time><ele>2477.6</ele><extensions><power>379</power><tpx1:TrackPointExtension><tpx1:atemp>15</tpx1:atemp><tpx1:hr>152</tpx1:hr><tpx1:cad>91</tpx1:cad></tpx1:TrackPointExtension></extensions></trkpt><trkpt lat="39.050491" lon="-105.083198"><time>2024-08-09T19:50:04.000Z</time><ele>2478</ele><extensions><power>371</power><tpx1:TrackPointExtension><tpx1:atemp>15</tpx1:atemp><tpx1:hr>152</tpx1:hr><tpx1:cad>92</tpx1:cad></tpx1:TrackPointExtension></extensions></trkpt><trkpt lat="39.050449" lon="-105.083168"><time>2024-08-09T19:50:05.000Z</time><ele>2478.4</ele><extensions><power>360</power><tpx1:TrackPointExtension><tpx1:atemp>15</tpx1:atemp><tpx1:hr>152</tpx1:hr><tpx1:cad>92</tpx1:cad></tpx1:TrackPointExtension></extensions></trkpt><trkpt lat="39.050407" lon="-105.08313"><time>2024-08-09T19:50:06.000Z</time><ele>2478.6</ele><extensions><power>349</power><tpx1:TrackPointExtension><tpx1:atemp>15</tpx1:atemp><tpx1:hr>152</tpx1:hr><tpx1:cad>90</tpx1:cad></tpx1:TrackPointExtension></extensions></trkpt><trkpt lat="39.050365" lon="-105.083099"><time>2024-08-09T19:50:07.000Z</time><ele>2479</ele><extensions><power>351</power><tpx1:TrackPointExtension><tpx1:atemp>15</tpx1:atemp><tpx1:hr>153</tpx1:hr><tpx1:cad>91</tpx1:cad></tpx1:TrackPointExtension></extensions></trkpt><trkpt lat="39.050323" lon="-105.083069"><time>2024-08-09T19:50:08.000Z</time><ele>2479.4</ele><extensions><power>382</power><tpx1:TrackPointExtension><tpx1:atemp>15</tpx1:atemp><tpx1:hr>153</tpx1:hr><tpx1:cad>92</tpx1:cad></tpx1:TrackPointExtension></extensions></trkpt><trkpt lat="39.050281" lon="-105.083038"><time>2024-08-09T19:50:09.000Z</time><ele>2479.6</ele><extensions><power>385</power><tpx1:TrackPointExtension><tpx1:atemp>15</tpx1:atemp><tpx1:hr>153</tpx1:hr><tpx1:cad>95</tpx1:cad></tpx1:TrackPointExtension></extensions></trkpt><trkpt lat="39.05024" lon="-105.083"><time>2024-08-09T19:50:10.000Z</time><ele>2480</ele><extensions><power>363</power><tpx1:TrackPointExtension><tpx1:atemp>15</tpx1:atemp><tpx1:hr>153</tpx1:hr><tpx1:cad>95</tpx1:cad></tpx1:TrackPointExtension></extensions></trkpt><trkpt lat="39.050194" lon="-105.08297"><time>2024-08-09T19:50:11.000Z</time><ele>2480.2</ele><extensions><power>354</power><tpx1:TrackPointExtension><tpx1:atemp>15</tpx1:atemp><tpx1:hr>153</tpx1:hr><tpx1:cad>96</tpx1:cad></tpx1:TrackPointExtension></extensions></trkpt><trkpt lat="39.050152" lon="-105.082939"><time>2024-08-09T19:50:12.000Z</time><ele>2480.4</ele><extensions><power>339</power><tpx1:TrackPointExtension><tpx1:atemp>15</tpx1:atemp><tpx1:hr>153</tpx1:hr><tpx1:cad>95</tpx1:cad></tpx1:TrackPointExtension></extensions></trkpt><trkpt lat="39.050106" lon="-105.082901"><time>2024-08-09T19:50:13.000Z</time><ele>2480.6</ele><extensions><power>324</power><tpx1:TrackPointExtension><tpx1:atemp>15</tpx1:atemp><tpx1:hr>154</tpx1:hr><tpx1:cad>94</tpx1:cad></tpx1:TrackPointExtension></extensions></trkpt><trkpt lat="39.050068" lon="-105.08287"><time>2024-08-09T19:50:14.000Z</time><ele>2480.8</ele><extensions><power>309</power><tpx1:TrackPointExtension><tpx1:atemp>15</tpx1:atemp><tpx1:hr>154</tpx1:hr><tpx1:cad>93</tpx1:cad></tpx1:TrackPointExtension></extensions></trkpt><trkpt lat="39.05003" lon="-105.082848"><time>2024-08-09T19:50:15.000Z</time><ele>2481</ele><extensions><power>314</power><tpx1:TrackPointExtension><tpx1:atemp>15</tpx1:atemp><tpx1:hr>154</tpx1:hr><tpx1:cad>94</tpx1:cad></tpx1:TrackPointExtension></extensions></trkpt><trkpt lat="39.049992" lon="-105.082817"><time>2024-08-09T19:50:16.000Z</time><ele>2481.4</ele><extensions><power>332</power><tpx1:TrackPointExtension><tpx1:atemp>15</tpx1:atemp><tpx1:hr>155</tpx1:hr><tpx1:cad>90</tpx1:cad></tpx1:TrackPointExtension></extensions></trkpt><trkpt lat="39.04995" lon="-105.082786"><time>2024-08-09T19:50:17.000Z</time><ele>2481.6</ele><extensions><power>364</power><tpx1:TrackPointExtension><tpx1:atemp>15</tpx1:atemp><tpx1:hr>155</tpx1:hr><tpx1:cad>92</tpx1:cad></tpx1:TrackPointExtension></extensions></trkpt><trkpt lat="39.049908" lon="-105.082756"><time>2024-08-09T19:50:18.000Z</time><ele>2482</ele><extensions><power>386</power><tpx1:TrackPointExtension><tpx1:atemp>15</tpx1:atemp><tpx1:hr>155</tpx1:hr><tpx1:cad>93</tpx1:cad></tpx1:TrackPointExtension></extensions></trkpt><trkpt lat="39.049866" lon="-105.082725"><time>2024-08-09T19:50:19.000Z</time><ele>2482.4</ele><extensions><power>378</power><tpx1:TrackPointExtension><tpx1:atemp>15</tpx1:atemp><tpx1:hr>155</tpx1:hr><tpx1:cad>94</tpx1:cad></tpx1:TrackPointExtension></extensions></trkpt><trkpt lat="39.04982" lon="-105.082695"><time>2024-08-09T19:50:20.000Z</time><ele>2482.6</ele><extensions><power>357</power><tpx1:TrackPointExtension><tpx1:atemp>15</tpx1:atemp><tpx1:hr>155</tpx1:hr><tpx1:cad>96</tpx1:cad></tpx1:TrackPointExtension></extensions></trkpt><trkpt lat="39.04977" lon="-105.082664"><time>2024-08-09T19:50:21.000Z</time><ele>2483</ele><extensions><power>357</power><tpx1:TrackPointExtension><tpx1:atemp>15</tpx1:atemp><tpx1:hr>154</tpx1:hr><tpx1:cad>95</tpx1:cad></tpx1:TrackPointExtension></extensions></trkpt><trkpt lat="39.049725" lon="-105.082634"><time>2024-08-09T19:50:22.000Z</time><ele>2483.4</ele><extensions><power>361</power><tpx1:TrackPointExtension><tpx1:atemp>15</tpx1:atemp><tpx1:hr>154</tpx1:hr><tpx1:cad>95</tpx1:cad></tpx1:TrackPointExtension></extensions></trkpt><trkpt lat="39.049683" lon="-105.082603"><time>2024-08-09T19:50:23.000Z</time><ele>2483.6</ele><extensions><power>346</power><tpx1:TrackPointExtension><tpx1:atemp>14</tpx1:atemp><tpx1:hr>154</tpx1:hr><tpx1:cad>89</tpx1:cad></tpx1:TrackPointExtension></extensions></trkpt><trkpt lat="39.049637" lon="-105.082573"><time>2024-08-09T19:50:24.000Z</time><ele>2483.8</ele><extensions><power>365</power><tpx1:TrackPointExtension><tpx1:atemp>14</tpx1:atemp><tpx1:hr>155</tpx1:hr><tpx1:cad>87</tpx1:cad></tpx1:TrackPointExtension></extensions></trkpt><trkpt lat="39.049587" lon="-105.082542"><time>2024-08-09T19:50:25.000Z</time><ele>2484</ele><extensions><power>366</power><tpx1:TrackPointExtension><tpx1:atemp>14</tpx1:atemp><tpx1:hr>155</tpx1:hr><tpx1:cad>86</tpx1:cad></tpx1:TrackPointExtension></extensions></trkpt><trkpt lat="39.049541" lon="-105.082519"><time>2024-08-09T19:50:26.000Z</time><ele>2484.2</ele><extensions><power>336</power><tpx1:TrackPointExtension><tpx1:atemp>14</tpx1:atemp><tpx1:hr>155</tpx1:hr><tpx1:cad>91</tpx1:cad></tpx1:TrackPointExtension></extensions></trkpt><trkpt lat="39.049492" lon="-105.082489"><time>2024-08-09T19:50:27.000Z</time><ele>2484.4</ele><extensions><power>326</power><tpx1:TrackPointExtension><tpx1:atemp>14</tpx1:atemp><tpx1:hr>156</tpx1:hr><tpx1:cad>85</tpx1:cad></tpx1:TrackPointExtension></extensions></trkpt><trkpt lat="39.049442" lon="-105.082466"><time>2024-08-09T19:50:28.000Z</time><ele>2484.6</ele><extensions><power>327</power><tpx1:TrackPointExtension><tpx1:atemp>14</tpx1:atemp><tpx1:hr>156</tpx1:hr><tpx1:cad>86</tpx1:cad></tpx1:TrackPointExtension></extensions></trkpt><trkpt lat="39.049397" lon="-105.082436"><time>2024-08-09T19:50:29.000Z</time><ele>2484.8</ele><extensions><power>343</power><tpx1:TrackPointExtension><tpx1:atemp>14</tpx1:atemp><tpx1:hr>156</tpx1:hr><tpx1:cad>86</tpx1:cad></tpx1:TrackPointExtension></extensions></trkpt><trkpt lat="39.049347" lon="-105.082413"><time>2024-08-09T19:50:30.000Z</time><ele>2485</ele><extensions><power>361</power><tpx1:TrackPointExtension><tpx1:atemp>14</tpx1:atemp><tpx1:hr>156</tpx1:hr><tpx1:cad>87</tpx1:cad></tpx1:TrackPointExtension></extensions></trkpt><trkpt lat="39.049297" lon="-105.082382"><time>2024-08-09T19:50:31.000Z</time><ele>2485.2</ele><extensions><power>387</power><tpx1:TrackPointExtension><tpx1:atemp>14</tpx1:atemp><tpx1:hr>156</tpx1:hr><tpx1:cad>88</tpx1:cad></tpx1:TrackPointExtension></extensions></trkpt><trkpt lat="39.049244" lon="-105.082359"><time>2024-08-09T19:50:32.000Z</time><ele>2485.4</ele><extensions><power>336</power><tpx1:TrackPointExtension><tpx1:atemp>14</tpx1:atemp><tpx1:hr>157</tpx1:hr><tpx1:cad>91</tpx1:cad></tpx1:TrackPointExtension></extensions></trkpt><trkpt lat="39.049194" lon="-105.082329"><time>2024-08-09T19:50:33.000Z</time><ele>2485.6</ele><extensions><power>264</power><tpx1:TrackPointExtension><tpx1:atemp>14</tpx1:atemp><tpx1:hr>157</tpx1:hr><tpx1:cad>94</tpx1:cad></tpx1:TrackPointExtension></extensions></trkpt><trkpt lat="39.049145" lon="-105.082306"><time>2024-08-09T19:50:34.000Z</time><ele>2485.8</ele><extensions><power>262</power><tpx1:TrackPointExtension><tpx1:atemp>14</tpx1:atemp><tpx1:hr>157</tpx1:hr><tpx1:cad>93</tpx1:cad></tpx1:TrackPointExtension></extensions></trkpt><trkpt lat="39.049091" lon="-105.082283"><time>2024-08-09T19:50:35.000Z</time><ele>2486</ele><extensions><power>268</power><tpx1:TrackPointExtension><tpx1:atemp>14</tpx1:atemp><tpx1:hr>157</tpx1:hr><tpx1:cad>89</tpx1:cad></tpx1:TrackPointExtension></extensions></trkpt><trkpt lat="39.049046" lon="-105.08226"><time>2024-08-09T19:50:36.000Z</time><ele>2486.2</ele><extensions><power>214</power><tpx1:TrackPointExtension><tpx1:atemp>14</tpx1:atemp><tpx1:hr>157</tpx1:hr><tpx1:cad>92</tpx1:cad></tpx1:TrackPointExtension></extensions></trkpt><trkpt lat="39.048996" lon="-105.082237"><time>2024-08-09T19:50:37.000Z</time><ele>2486.4</ele><extensions><power>202</power><tpx1:TrackPointExtension><tpx1:atemp>14</tpx1:atemp><tpx1:hr>157</tpx1:hr><tpx1:cad>91</tpx1:cad></tpx1:TrackPointExtension></extensions></trkpt><trkpt lat="39.048943" lon="-105.082214"><time>2024-08-09T19:50:38.000Z</time><ele>2486.4</ele><extensions><power>193</power><tpx1:TrackPointExtension><tpx1:atemp>14</tpx1:atemp><tpx1:hr>157</tpx1:hr><tpx1:cad>92</tpx1:cad></tpx1:TrackPointExtension></extensions></trkpt><trkpt lat="39.048889" lon="-105.082191"><time>2024-08-09T19:50:39.000Z</time><ele>2486.6</ele><extensions><power>209</power><tpx1:TrackPointExtension><tpx1:atemp>14</tpx1:atemp><tpx1:hr>157</tpx1:hr><tpx1:cad>93</tpx1:cad></tpx1:TrackPointExtension></extensions></trkpt><trkpt lat="39.048836" lon="-105.082168"><time>2024-08-09T19:50:40.000Z</time><ele>2486.8</ele><extensions><power>226</power><tpx1:TrackPointExtension><tpx1:atemp>14</tpx1:atemp><tpx1:hr>157</tpx1:hr><tpx1:cad>94</tpx1:cad></tpx1:TrackPointExtension></extensions></trkpt><trkpt lat="39.048782" lon="-105.082146"><time>2024-08-09T19:50:41.000Z</time><ele>2486.8</ele><extensions><power>246</power><tpx1:TrackPointExtension><tpx1:atemp>14</tpx1:atemp><tpx1:hr>158</tpx1:hr><tpx1:cad>96</tpx1:cad></tpx1:TrackPointExtension></extensions></trkpt><trkpt lat="39.048725" lon="-105.082123"><time>2024-08-09T19:50:42.000Z</time><ele>2486.8</ele><extensions><power>289</power><tpx1:TrackPointExtension><tpx1:atemp>14</tpx1:atemp><tpx1:hr>158</tpx1:hr><tpx1:cad>95</tpx1:cad></tpx1:TrackPointExtension></extensions></trkpt><trkpt lat="39.048664" lon="-105.0821"><time>2024-08-09T19:50:43.000Z</time><ele>2487</ele><extensions><power>321</power><tpx1:TrackPointExtension><tpx1:atemp>14</tpx1:atemp><tpx1:hr>157</tpx1:hr><tpx1:cad>91</tpx1:cad></tpx1:TrackPointExtension></extensions></trkpt><trkpt lat="39.048603" lon="-105.082069"><time>2024-08-09T19:50:44.000Z</time><ele>2487</ele><extensions><power>310</power><tpx1:TrackPointExtension><tpx1:atemp>14</tpx1:atemp><tpx1:hr>157</tpx1:hr><tpx1:cad>94</tpx1:cad></tpx1:TrackPointExtension></extensions></trkpt><trkpt lat="39.048542" lon="-105.082054"><time>2024-08-09T19:50:45.000Z</time><ele>2487.2</ele><extensions><power>218</power><tpx1:TrackPointExtension><tpx1:atemp>14</tpx1:atemp><tpx1:hr>157</tpx1:hr><tpx1:cad>95</tpx1:cad></tpx1:TrackPointExtension></extensions></trkpt><trkpt lat="39.048481" lon="-105.082024"><time>2024-08-09T19:50:46.000Z</time><ele>2487.2</ele><extensions><power>209</power><tpx1:TrackPointExtension><tpx1:atemp>14</tpx1:atemp><tpx1:hr>156</tpx1:hr><tpx1:cad>97</tpx1:cad></tpx1:TrackPointExtension></extensions></trkpt><trkpt lat="39.048416" lon="-105.082001"><time>2024-08-09T19:50:47.000Z</time><ele>2487.2</ele><extensions><power>206</power><tpx1:TrackPointExtension><tpx1:atemp>14</tpx1:atemp><tpx1:hr>156</tpx1:hr><tpx1:cad>98</tpx1:cad></tpx1:TrackPointExtension></extensions></trkpt><trkpt lat="39.048351" lon="-105.081978"><time>2024-08-09T19:50:48.000Z</time><ele>2487.2</ele><extensions><power>203</power><tpx1:TrackPointExtension><tpx1:atemp>14</tpx1:atemp><tpx1:hr>156</tpx1:hr><tpx1:cad>100</tpx1:cad></tpx1:TrackPointExtension></extensions></trkpt><trkpt lat="39.048286" lon="-105.081947"><time>2024-08-09T19:50:49.000Z</time><ele>2487.2</ele><extensions><power>208</power><tpx1:TrackPointExtension><tpx1:atemp>14</tpx1:atemp><tpx1:hr>155</tpx1:hr><tpx1:cad>90</tpx1:cad></tpx1:TrackPointExtension></extensions></trkpt><trkpt lat="39.048222" lon="-105.081917"><time>2024-08-09T19:50:50.000Z</time><ele>2487</ele><extensions><power>217</power><tpx1:TrackPointExtension><tpx1:atemp>14</tpx1:atemp><tpx1:hr>155</tpx1:hr><tpx1:cad>73</tpx1:cad></tpx1:TrackPointExtension></extensions></trkpt><trkpt lat="39.048153" lon="-105.081886"><time>2024-08-09T19:50:51.000Z</time><ele>2487</ele><extensions><power>247</power><tpx1:TrackPointExtension><tpx1:atemp>14</tpx1:atemp><tpx1:hr>155</tpx1:hr><tpx1:cad>71</tpx1:cad></tpx1:TrackPointExtension></extensions></trkpt><trkpt lat="39.048084" lon="-105.081856"><time>2024-08-09T19:50:52.000Z</time><ele>2486.8</ele><extensions><power>233</power><tpx1:TrackPointExtension><tpx1:atemp>14</tpx1:atemp><tpx1:hr>156</tpx1:hr><tpx1:cad>73</tpx1:cad></tpx1:TrackPointExtension></extensions></trkpt><trkpt lat="39.048016" lon="-105.081833"><time>2024-08-09T19:50:53.000Z</time><ele>2486.6</ele><extensions><power>210</power><tpx1:TrackPointExtension><tpx1:atemp>14</tpx1:atemp><tpx1:hr>156</tpx1:hr><tpx1:cad>75</tpx1:cad></tpx1:TrackPointExtension></extensions></trkpt><trkpt lat="39.047943" lon="-105.081802"><time>2024-08-09T19:50:54.000Z</time><ele>2486.6</ele><extensions><power>184</power><tpx1:TrackPointExtension><tpx1:atemp>14</tpx1:atemp><tpx1:hr>156</tpx1:hr><tpx1:cad>76</tpx1:cad></tpx1:TrackPointExtension></extensions></trkpt><trkpt lat="39.047871" lon="-105.081772"><time>2024-08-09T19:50:55.000Z</time><ele>2486.4</ele><extensions><power>186</power><tpx1:TrackPointExtension><tpx1:atemp>14</tpx1:atemp><tpx1:hr>155</tpx1:hr><tpx1:cad>75</tpx1:cad></tpx1:TrackPointExtension></extensions></trkpt><trkpt lat="39.047794" lon="-105.081741"><time>2024-08-09T19:50:56.000Z</time><ele>2486.4</ele><extensions><power>186</power><tpx1:TrackPointExtension><tpx1:atemp>14</tpx1:atemp><tpx1:hr>155</tpx1:hr><tpx1:cad>80</tpx1:cad></tpx1:TrackPointExtension></extensions></trkpt><trkpt lat="39.047718" lon="-105.081718"><time>2024-08-09T19:50:57.000Z</time><ele>2486.2</ele><extensions><power>187</power><tpx1:TrackPointExtension><tpx1:atemp>14</tpx1:atemp><tpx1:hr>155</tpx1:hr><tpx1:cad>82</tpx1:cad></tpx1:TrackPointExtension></extensions></trkpt><trkpt lat="39.047638" lon="-105.081688"><time>2024-08-09T19:50:58.000Z</time><ele>2485.8</ele><extensions><power>183</power><tpx1:TrackPointExtension><tpx1:atemp>14</tpx1:atemp><tpx1:hr>155</tpx1:hr><tpx1:cad>86</tpx1:cad></tpx1:TrackPointExtension></extensions></trkpt><trkpt lat="39.04755" lon="-105.081657"><time>2024-08-09T19:50:59.000Z</time><ele>2485.4</ele><extensions><power>174</power><tpx1:TrackPointExtension><tpx1:atemp>14</tpx1:atemp><tpx1:hr>155</tpx1:hr><tpx1:cad>85</tpx1:cad></tpx1:TrackPointExtension></extensions></trkpt><trkpt lat="39.047466" lon="-105.081627"><time>2024-08-09T19:51:00.000Z</time><ele>2485</ele><extensions><power>156</power><tpx1:TrackPointExtension><tpx1:atemp>14</tpx1:atemp><tpx1:hr>154</tpx1:hr><tpx1:cad>89</tpx1:cad></tpx1:TrackPointExtension></extensions></trkpt><trkpt lat="39.047379" lon="-105.081596"><time>2024-08-09T19:51:01.000Z</time><ele>2484.4</ele><extensions><power>152</power><tpx1:TrackPointExtension><tpx1:atemp>14</tpx1:atemp><tpx1:hr>154</tpx1:hr><tpx1:cad>90</tpx1:cad></tpx1:TrackPointExtension></extensions></trkpt><trkpt lat="39.047291" lon="-105.081566"><time>2024-08-09T19:51:02.000Z</time><ele>2484</ele><extensions><power>146</power><tpx1:TrackPointExtension><tpx1:atemp>14</tpx1:atemp><tpx1:hr>154</tpx1:hr><tpx1:cad>88</tpx1:cad></tpx1:TrackPointExtension></extensions></trkpt><trkpt lat="39.047203" lon="-105.081528"><time>2024-08-09T19:51:03.000Z</time><ele>2483.4</ele><extensions><power>133</power><tpx1:TrackPointExtension><tpx1:atemp>14</tpx1:atemp><tpx1:hr>154</tpx1:hr><tpx1:cad>76</tpx1:cad></tpx1:TrackPointExtension></extensions></trkpt><trkpt lat="39.047112" lon="-105.081497"><time>2024-08-09T19:51:04.000Z</time><ele>2483</ele><extensions><power>114</power><tpx1:TrackPointExtension><tpx1:atemp>14</tpx1:atemp><tpx1:hr>153</tpx1:hr><tpx1:cad>50</tpx1:cad></tpx1:TrackPointExtension></extensions></trkpt><trkpt lat="39.04702" lon="-105.081474"><time>2024-08-09T19:51:05.000Z</time><ele>2482.4</ele><extensions><power>95</power><tpx1:TrackPointExtension><tpx1:atemp>14</tpx1:atemp><tpx1:hr>150</tpx1:hr><tpx1:cad>23</tpx1:cad></tpx1:TrackPointExtension></extensions></trkpt><trkpt lat="39.046925" lon="-105.081444"><time>2024-08-09T19:51:06.000Z</time><ele>2481.8</ele><extensions><power>0</power><tpx1:TrackPointExtension><tpx1:atemp>14</tpx1:atemp><tpx1:hr>150</tpx1:hr><tpx1:cad>0</tpx1:cad></tpx1:TrackPointExtension></extensions></trkpt><trkpt lat="39.046825" lon="-105.081406"><time>2024-08-09T19:51:07.000Z</time><ele>2481</ele><extensions><power>0</power><tpx1:TrackPointExtension><tpx1:atemp>14</tpx1:atemp><tpx1:hr>148</tpx1:hr><tpx1:cad>0</tpx1:cad></tpx1:TrackPointExtension></extensions></trkpt><trkpt lat="39.046726" lon="-105.081375"><time>2024-08-09T19:51:08.000Z</time><ele>2480.6</ele><extensions><power>0</power><tpx1:TrackPointExtension><tpx1:atemp>14</tpx1:atemp><tpx1:hr>147</tpx1:hr><tpx1:cad>0</tpx1:cad></tpx1:TrackPointExtension></extensions></trkpt><trkpt lat="39.046627" lon="-105.081345"><time>2024-08-09T19:51:09.000Z</time><ele>2480.2</ele><extensions><power>0</power><tpx1:TrackPointExtension><tpx1:atemp>14</tpx1:atemp><tpx1:hr>147</tpx1:hr><tpx1:cad>0</tpx1:cad></tpx1:TrackPointExtension></extensions></trkpt><trkpt lat="39.046524" lon="-105.081306"><time>2024-08-09T19:51:10.000Z</time><ele>2479.6</ele><extensions><power>28</power><tpx1:TrackPointExtension><tpx1:atemp>14</tpx1:atemp><tpx1:hr>147</tpx1:hr><tpx1:cad>58</tpx1:cad></tpx1:TrackPointExtension></extensions></trkpt><trkpt lat="39.046417" lon="-105.081268"><time>2024-08-09T19:51:11.000Z</time><ele>2479.2</ele><extensions><power>90</power><tpx1:TrackPointExtension><tpx1:atemp>14</tpx1:atemp><tpx1:hr>146</tpx1:hr><tpx1:cad>82</tpx1:cad></tpx1:TrackPointExtension></extensions></trkpt><trkpt lat="39.046314" lon="-105.081238"><time>2024-08-09T19:51:12.000Z</time><ele>2478.8</ele><extensions><power>159</power><tpx1:TrackPointExtension><tpx1:atemp>14</tpx1:atemp><tpx1:hr>146</tpx1:hr><tpx1:cad>80</tpx1:cad></tpx1:TrackPointExtension></extensions></trkpt><trkpt lat="39.046204" lon="-105.0812"><time>2024-08-09T19:51:13.000Z</time><ele>2478.6</ele><extensions><power>185</power><tpx1:TrackPointExtension><tpx1:atemp>14</tpx1:atemp><tpx1:hr>144</tpx1:hr><tpx1:cad>84</tpx1:cad></tpx1:TrackPointExtension></extensions></trkpt><trkpt lat="39.046093" lon="-105.081169"><time>2024-08-09T19:51:14.000Z</time><ele>2478.2</ele><extensions><power>166</power><tpx1:TrackPointExtension><tpx1:atemp>14</tpx1:atemp><tpx1:hr>143</tpx1:hr><tpx1:cad>85</tpx1:cad></tpx1:TrackPointExtension></extensions></trkpt><trkpt lat="39.045986" lon="-105.081131"><time>2024-08-09T19:51:15.000Z</time><ele>2477.8</ele><extensions><power>136</power><tpx1:TrackPointExtension><tpx1:atemp>14</tpx1:atemp><tpx1:hr>142</tpx1:hr><tpx1:cad>84</tpx1:cad></tpx1:TrackPointExtension></extensions></trkpt><trkpt lat="39.045876" lon="-105.0811"><time>2024-08-09T19:51:16.000Z</time><ele>2477.6</ele><extensions><power>146</power><tpx1:TrackPointExtension><tpx1:atemp>14</tpx1:atemp><tpx1:hr>142</tpx1:hr><tpx1:cad>85</tpx1:cad></tpx1:TrackPointExtension></extensions></trkpt><trkpt lat="39.045773" lon="-105.08107"><time>2024-08-09T19:51:17.000Z</time><ele>2477.6</ele><extensions><power>166</power><tpx1:TrackPointExtension><tpx1:atemp>14</tpx1:atemp><tpx1:hr>140</tpx1:hr><tpx1:cad>84</tpx1:cad></tpx1:TrackPointExtension></extensions></trkpt><trkpt lat="39.045662" lon="-105.081032"><time>2024-08-09T19:51:18.000Z</time><ele>2477.4</ele><extensions><power>194</power><tpx1:TrackPointExtension><tpx1:atemp>14</tpx1:atemp><tpx1:hr>139</tpx1:hr><tpx1:cad>82</tpx1:cad></tpx1:TrackPointExtension></extensions></trkpt><trkpt lat="39.045555" lon="-105.080994"><time>2024-08-09T19:51:19.000Z</time><ele>2477.4</ele><extensions><power>214</power><tpx1:TrackPointExtension><tpx1:atemp>14</tpx1:atemp><tpx1:hr>137</tpx1:hr><tpx1:cad>81</tpx1:cad></tpx1:TrackPointExtension></extensions></trkpt><trkpt lat="39.045452" lon="-105.080963"><time>2024-08-09T19:51:20.000Z</time><ele>2477.2</ele><extensions><power>223</power><tpx1:TrackPointExtension><tpx1:atemp>14</tpx1:atemp><tpx1:hr>133</tpx1:hr><tpx1:cad>83</tpx1:cad></tpx1:TrackPointExtension></extensions></trkpt><trkpt lat="39.045353" lon="-105.080925"><time>2024-08-09T19:51:21.000Z</time><ele>2477.2</ele><extensions><power>218</power><tpx1:TrackPointExtension><tpx1:atemp>14</tpx1:atemp><tpx1:hr>132</tpx1:hr><tpx1:cad>80</tpx1:cad></tpx1:TrackPointExtension></extensions></trkpt><trkpt lat="39.04525" lon="-105.080894"><time>2024-08-09T19:51:22.000Z</time><ele>2477.2</ele><extensions><power>170</power><tpx1:TrackPointExtension><tpx1:atemp>14</tpx1:atemp><tpx1:hr>129</tpx1:hr><tpx1:cad>78</tpx1:cad></tpx1:TrackPointExtension></extensions></trkpt><trkpt lat="39.045155" lon="-105.080864"><time>2024-08-09T19:51:23.000Z</time><ele>2477.2</ele><extensions><power>169</power><tpx1:TrackPointExtension><tpx1:atemp>14</tpx1:atemp><tpx1:hr>127</tpx1:hr><tpx1:cad>77</tpx1:cad></tpx1:TrackPointExtension></extensions></trkpt><trkpt lat="39.045063" lon="-105.080841"><time>2024-08-09T19:51:24.000Z</time><ele>2477.2</ele><extensions><power>174</power><tpx1:TrackPointExtension><tpx1:atemp>14</tpx1:atemp><tpx1:hr>125</tpx1:hr><tpx1:cad>77</tpx1:cad></tpx1:TrackPointExtension></extensions></trkpt><trkpt lat="39.044971" lon="-105.08081"><time>2024-08-09T19:51:25.000Z</time><ele>2477.2</ele><extensions><power>175</power><tpx1:TrackPointExtension><tpx1:atemp>14</tpx1:atemp><tpx1:hr>123</tpx1:hr><tpx1:cad>85</tpx1:cad></tpx1:TrackPointExtension></extensions></trkpt><trkpt lat="39.04488" lon="-105.08078"><time>2024-08-09T19:51:26.000Z</time><ele>2477.4</ele><extensions><power>176</power><tpx1:TrackPointExtension><tpx1:atemp>14</tpx1:atemp><tpx1:hr>122</tpx1:hr><tpx1:cad>84</tpx1:cad></tpx1:TrackPointExtension></extensions></trkpt><trkpt lat="39.044792" lon="-105.080757"><time>2024-08-09T19:51:27.000Z</time><ele>2477.4</ele><extensions><power>214</power><tpx1:TrackPointExtension><tpx1:atemp>14</tpx1:atemp><tpx1:hr>122</tpx1:hr><tpx1:cad>83</tpx1:cad></tpx1:TrackPointExtension></extensions></trkpt><trkpt lat="39.044708" lon="-105.080727"><time>2024-08-09T19:51:28.000Z</time><ele>2477.6</ele><extensions><power>226</power><tpx1:TrackPointExtension><tpx1:atemp>14</tpx1:atemp><tpx1:hr>122</tpx1:hr><tpx1:cad>81</tpx1:cad></tpx1:TrackPointExtension></extensions></trkpt><trkpt lat="39.04462" lon="-105.080704"><time>2024-08-09T19:51:29.000Z</time><ele>2477.6</ele><extensions><power>225</power><tpx1:TrackPointExtension><tpx1:atemp>14</tpx1:atemp><tpx1:hr>123</tpx1:hr><tpx1:cad>81</tpx1:cad></tpx1:TrackPointExtension></extensions></trkpt><trkpt lat="39.044529" lon="-105.080688"><time>2024-08-09T19:51:30.000Z</time><ele>2477.6</ele><extensions><power>218</power><tpx1:TrackPointExtension><tpx1:atemp>14</tpx1:atemp><tpx1:hr>123</tpx1:hr><tpx1:cad>80</tpx1:cad></tpx1:TrackPointExtension></extensions></trkpt><trkpt lat="39.044445" lon="-105.080666"><time>2024-08-09T19:51:31.000Z</time><ele>2477.6</ele><extensions><power>209</power><tpx1:TrackPointExtension><tpx1:atemp>14</tpx1:atemp><tpx1:hr>124</tpx1:hr><tpx1:cad>81</tpx1:cad></tpx1:TrackPointExtension></extensions></trkpt><trkpt lat="39.044357" lon="-105.08065"><time>2024-08-09T19:51:32.000Z</time><ele>2477.6</ele><extensions><power>221</power><tpx1:TrackPointExtension><tpx1:atemp>14</tpx1:atemp><tpx1:hr>124</tpx1:hr><tpx1:cad>88</tpx1:cad></tpx1:TrackPointExtension></extensions></trkpt><trkpt lat="39.044273" lon="-105.080635"><time>2024-08-09T19:51:33.000Z</time><ele>2477.4</ele><extensions><power>223</power><tpx1:TrackPointExtension><tpx1:atemp>14</tpx1:atemp><tpx1:hr>125</tpx1:hr><tpx1:cad>88</tpx1:cad></tpx1:TrackPointExtension></extensions></trkpt><trkpt lat="39.044193" lon="-105.080612"><time>2024-08-09T19:51:34.000Z</time><ele>2477.4</ele><extensions><power>222</power><tpx1:TrackPointExtension><tpx1:atemp>14</tpx1:atemp><tpx1:hr>126</tpx1:hr><tpx1:cad>85</tpx1:cad></tpx1:TrackPointExtension></extensions></trkpt><trkpt lat="39.044113" lon="-105.080597"><time>2024-08-09T19:51:35.000Z</time><ele>2477.6</ele><extensions><power>221</power><tpx1:TrackPointExtension><tpx1:atemp>14</tpx1:atemp><tpx1:hr>127</tpx1:hr><tpx1:cad>82</tpx1:cad></tpx1:TrackPointExtension></extensions></trkpt><trkpt lat="39.044033" lon="-105.080589"><time>2024-08-09T19:51:36.000Z</time><ele>2477.6</ele><extensions><power>227</power><tpx1:TrackPointExtension><tpx1:atemp>14</tpx1:atemp><tpx1:hr>127</tpx1:hr><tpx1:cad>82</tpx1:cad></tpx1:TrackPointExtension></extensions></trkpt><trkpt lat="39.043953" lon="-105.080574"><time>2024-08-09T19:51:37.000Z</time><ele>2477.6</ele><extensions><power>234</power><tpx1:TrackPointExtension><tpx1:atemp>14</tpx1:atemp><tpx1:hr>127</tpx1:hr><tpx1:cad>82</tpx1:cad></tpx1:TrackPointExtension></extensions></trkpt><trkpt lat="39.043877" lon="-105.080566"><time>2024-08-09T19:51:38.000Z</time><ele>2477.8</ele><extensions><power>241</power><tpx1:TrackPointExtension><tpx1:atemp>14</tpx1:atemp><tpx1:hr>127</tpx1:hr><tpx1:cad>82</tpx1:cad></tpx1:TrackPointExtension></extensions></trkpt><trkpt lat="39.0438" lon="-105.080559"><time>2024-08-09T19:51:39.000Z</time><ele>2477.8</ele><extensions><power>226</power><tpx1:TrackPointExtension><tpx1:atemp>14</tpx1:atemp><tpx1:hr>126</tpx1:hr><tpx1:cad>80</tpx1:cad></tpx1:TrackPointExtension></extensions></trkpt><trkpt lat="39.043724" lon="-105.080543"><time>2024-08-09T19:51:40.000Z</time><ele>2477.8</ele><extensions><power>220</power><tpx1:TrackPointExtension><tpx1:atemp>14</tpx1:atemp><tpx1:hr>125</tpx1:hr><tpx1:cad>79</tpx1:cad></tpx1:TrackPointExtension></extensions></trkpt><trkpt lat="39.043648" lon="-105.080536"><time>2024-08-09T19:51:41.000Z</time><ele>2477.8</ele><extensions><power>239</power><tpx1:TrackPointExtension><tpx1:atemp>14</tpx1:atemp><tpx1:hr>123</tpx1:hr><tpx1:cad>79</tpx1:cad></tpx1:TrackPointExtension></extensions></trkpt><trkpt lat="39.043571" lon="-105.080521"><time>2024-08-09T19:51:42.000Z</time><ele>2478</ele><extensions><power>252</power><tpx1:TrackPointExtension><tpx1:atemp>14</tpx1:atemp><tpx1:hr>122</tpx1:hr><tpx1:cad>83</tpx1:cad></tpx1:TrackPointExtension></extensions></trkpt><trkpt lat="39.043495" lon="-105.080513"><time>2024-08-09T19:51:43.000Z</time><ele>2478.2</ele><extensions><power>264</power><tpx1:TrackPointExtension><tpx1:atemp>14</tpx1:atemp><tpx1:hr>120</tpx1:hr><tpx1:cad>87</tpx1:cad></tpx1:TrackPointExtension></extensions></trkpt><trkpt lat="39.043423" lon="-105.080505"><time>2024-08-09T19:51:44.000Z</time><ele>2478.6</ele><extensions><power>249</power><tpx1:TrackPointExtension><tpx1:atemp>14</tpx1:atemp><tpx1:hr>119</tpx1:hr><tpx1:cad>87</tpx1:cad></tpx1:TrackPointExtension></extensions></trkpt><trkpt lat="39.043346" lon="-105.080498"><time>2024-08-09T19:51:45.000Z</time><ele>2478.6</ele><extensions><power>246</power><tpx1:TrackPointExtension><tpx1:atemp>14</tpx1:atemp><tpx1:hr>119</tpx1:hr><tpx1:cad>86</tpx1:cad></tpx1:TrackPointExtension></extensions></trkpt><trkpt lat="39.04327" lon="-105.08049"><time>2024-08-09T19:51:46.000Z</time><ele>2478.6</ele><extensions><power>245</power><tpx1:TrackPointExtension><tpx1:atemp>14</tpx1:atemp><tpx1:hr>119</tpx1:hr><tpx1:cad>86</tpx1:cad></tpx1:TrackPointExtension></extensions></trkpt><trkpt lat="39.043198" lon="-105.080482"><time>2024-08-09T19:51:47.000Z</time><ele>2478.8</ele><extensions><power>221</power><tpx1:TrackPointExtension><tpx1:atemp>14</tpx1:atemp><tpx1:hr>120</tpx1:hr><tpx1:cad>84</tpx1:cad></tpx1:TrackPointExtension></extensions></trkpt><trkpt lat="39.043125" lon="-105.080475"><time>2024-08-09T19:51:48.000Z</time><ele>2478.8</ele><extensions><power>216</power><tpx1:TrackPointExtension><tpx1:atemp>14</tpx1:atemp><tpx1:hr>122</tpx1:hr><tpx1:cad>82</tpx1:cad></tpx1:TrackPointExtension></extensions></trkpt><trkpt lat="39.043056" lon="-105.080467"><time>2024-08-09T19:51:49.000Z</time><ele>2479</ele><extensions><power>226</power><tpx1:TrackPointExtension><tpx1:atemp>14</tpx1:atemp><tpx1:hr>123</tpx1:hr><tpx1:cad>82</tpx1:cad></tpx1:TrackPointExtension></extensions></trkpt><trkpt lat="39.042988" lon="-105.08046"><time>2024-08-09T19:51:50.000Z</time><ele>2479.2</ele><extensions><power>233</power><tpx1:TrackPointExtension><tpx1:atemp>14</tpx1:atemp><tpx1:hr>123</tpx1:hr><tpx1:cad>84</tpx1:cad></tpx1:TrackPointExtension></extensions></trkpt><trkpt lat="39.042923" lon="-105.080452"><time>2024-08-09T19:51:51.000Z</time><ele>2479.4</ele><extensions><power>236</power><tpx1:TrackPointExtension><tpx1:atemp>14</tpx1:atemp><tpx1:hr>124</tpx1:hr><tpx1:cad>87</tpx1:cad></tpx1:TrackPointExtension></extensions></trkpt><trkpt lat="39.042854" lon="-105.080444"><time>2024-08-09T19:51:52.000Z</time><ele>2479.6</ele><extensions><power>236</power><tpx1:TrackPointExtension><tpx1:atemp>14</tpx1:atemp><tpx1:hr>124</tpx1:hr><tpx1:cad>89</tpx1:cad></tpx1:TrackPointExtension></extensions></trkpt><trkpt lat="39.042789" lon="-105.080437"><time>2024-08-09T19:51:53.000Z</time><ele>2479.8</ele><extensions><power>214</power><tpx1:TrackPointExtension><tpx1:atemp>14</tpx1:atemp><tpx1:hr>124</tpx1:hr><tpx1:cad>87</tpx1:cad></tpx1:TrackPointExtension></extensions></trkpt><trkpt lat="39.042725" lon="-105.080437"><time>2024-08-09T19:51:54.000Z</time><ele>2480</ele><extensions><power>213</power><tpx1:TrackPointExtension><tpx1:atemp>14</tpx1:atemp><tpx1:hr>125</tpx1:hr><tpx1:cad>84</tpx1:cad></tpx1:TrackPointExtension></extensions></trkpt><trkpt lat="39.042667" lon="-105.080429"><time>2024-08-09T19:51:55.000Z</time><ele>2480</ele><extensions><power>217</power><tpx1:TrackPointExtension><tpx1:atemp>14</tpx1:atemp><tpx1:hr>125</tpx1:hr><tpx1:cad>81</tpx1:cad></tpx1:TrackPointExtension></extensions></trkpt><trkpt lat="39.04261" lon="-105.080429"><time>2024-08-09T19:51:56.000Z</time><ele>2480.2</ele><extensions><power>219</power><tpx1:TrackPointExtension><tpx1:atemp>14</tpx1:atemp><tpx1:hr>125</tpx1:hr><tpx1:cad>85</tpx1:cad></tpx1:TrackPointExtension></extensions></trkpt><trkpt lat="39.042549" lon="-105.080421"><time>2024-08-09T19:51:57.000Z</time><ele>2480.4</ele><extensions><power>229</power><tpx1:TrackPointExtension><tpx1:atemp>14</tpx1:atemp><tpx1:hr>125</tpx1:hr><tpx1:cad>84</tpx1:cad></tpx1:TrackPointExtension></extensions></trkpt><trkpt lat="39.042492" lon="-105.080414"><time>2024-08-09T19:51:58.000Z</time><ele>2480.6</ele><extensions><power>263</power><tpx1:TrackPointExtension><tpx1:atemp>14</tpx1:atemp><tpx1:hr>126</tpx1:hr><tpx1:cad>84</tpx1:cad></tpx1:TrackPointExtension></extensions></trkpt><trkpt lat="39.042439" lon="-105.080414"><time>2024-08-09T19:51:59.000Z</time><ele>2480.8</ele><extensions><power>277</power><tpx1:TrackPointExtension><tpx1:atemp>14</tpx1:atemp><tpx1:hr>126</tpx1:hr><tpx1:cad>81</tpx1:cad></tpx1:TrackPointExtension></extensions></trkpt><trkpt lat="39.042385" lon="-105.080414"><time>2024-08-09T19:52:00.000Z</time><ele>2481</ele><extensions><power>279</power><tpx1:TrackPointExtension><tpx1:atemp>14</tpx1:atemp><tpx1:hr>127</tpx1:hr><tpx1:cad>78</tpx1:cad></tpx1:TrackPointExtension></extensions></trkpt><trkpt lat="39.042328" lon="-105.080406"><time>2024-08-09T19:52:01.000Z</time><ele>2481.2</ele><extensions><power>274</power><tpx1:TrackPointExtension><tpx1:atemp>14</tpx1:atemp><tpx1:hr>128</tpx1:hr><tpx1:cad>74</tpx1:cad></tpx1:TrackPointExtension></extensions></trkpt><trkpt lat="39.042278" lon="-105.080406"><time>2024-08-09T19:52:02.000Z</time><ele>2481.4</ele><extensions><power>282</power><tpx1:TrackPointExtension><tpx1:atemp>14</tpx1:atemp><tpx1:hr>129</tpx1:hr><tpx1:cad>75</tpx1:cad></tpx1:TrackPointExtension></extensions></trkpt><trkpt lat="39.042225" lon="-105.080398"><time>2024-08-09T19:52:03.000Z</time><ele>2481.6</ele><extensions><power>300</power><tpx1:TrackPointExtension><tpx1:atemp>14</tpx1:atemp><tpx1:hr>129</tpx1:hr><tpx1:cad>75</tpx1:cad></tpx1:TrackPointExtension></extensions></trkpt><trkpt lat="39.042175" lon="-105.080391"><time>2024-08-09T19:52:04.000Z</time><ele>2481.8</ele><extensions><power>318</power><tpx1:TrackPointExtension><tpx1:atemp>14</tpx1:atemp><tpx1:hr>129</tpx1:hr><tpx1:cad>73</tpx1:cad></tpx1:TrackPointExtension></extensions></trkpt><trkpt lat="39.042126" lon="-105.080398"><time>2024-08-09T19:52:05.000Z</time><ele>2482</ele><extensions><power>329</power><tpx1:TrackPointExtension><tpx1:atemp>14</tpx1:atemp><tpx1:hr>129</tpx1:hr><tpx1:cad>74</tpx1:cad></tpx1:TrackPointExtension></extensions></trkpt><trkpt lat="39.042076" lon="-105.080391"><time>2024-08-09T19:52:06.000Z</time><ele>2482.4</ele><extensions><power>295</power><tpx1:TrackPointExtension><tpx1:atemp>14</tpx1:atemp><tpx1:hr>128</tpx1:hr><tpx1:cad>83</tpx1:cad></tpx1:TrackPointExtension></extensions></trkpt><trkpt lat="39.042023" lon="-105.080391"><time>2024-08-09T19:52:07.000Z</time><ele>2482.6</ele><extensions><power>298</power><tpx1:TrackPointExtension><tpx1:atemp>14</tpx1:atemp><tpx1:hr>128</tpx1:hr><tpx1:cad>79</tpx1:cad></tpx1:TrackPointExtension></extensions></trkpt><trkpt lat="39.041973" lon="-105.080383"><time>2024-08-09T19:52:08.000Z</time><ele>2482.6</ele><extensions><power>302</power><tpx1:TrackPointExtension><tpx1:atemp>14</tpx1:atemp><tpx1:hr>129</tpx1:hr><tpx1:cad>80</tpx1:cad></tpx1:TrackPointExtension></extensions></trkpt><trkpt lat="39.041927" lon="-105.080383"><time>2024-08-09T19:52:09.000Z</time><ele>2482.6</ele><extensions><power>326</power><tpx1:TrackPointExtension><tpx1:atemp>14</tpx1:atemp><tpx1:hr>130</tpx1:hr><tpx1:cad>77</tpx1:cad></tpx1:TrackPointExtension></extensions></trkpt><trkpt lat="39.041878" lon="-105.080383"><time>2024-08-09T19:52:10.000Z</time><ele>2482.8</ele><extensions><power>337</power><tpx1:TrackPointExtension><tpx1:atemp>14</tpx1:atemp><tpx1:hr>132</tpx1:hr><tpx1:cad>77</tpx1:cad></tpx1:TrackPointExtension></extensions></trkpt><trkpt lat="39.041832" lon="-105.080383"><time>2024-08-09T19:52:11.000Z</time><ele>2483</ele><extensions><power>344</power><tpx1:TrackPointExtension><tpx1:atemp>14</tpx1:atemp><tpx1:hr>134</tpx1:hr><tpx1:cad>77</tpx1:cad></tpx1:TrackPointExtension></extensions></trkpt><trkpt lat="39.041782" lon="-105.080391"><time>2024-08-09T19:52:12.000Z</time><ele>2483.2</ele><extensions><power>336</power><tpx1:TrackPointExtension><tpx1:atemp>14</tpx1:atemp><tpx1:hr>134</tpx1:hr><tpx1:cad>76</tpx1:cad></tpx1:TrackPointExtension></extensions></trkpt><trkpt lat="39.041737" lon="-105.080391"><time>2024-08-09T19:52:13.000Z</time><ele>2483.4</ele><extensions><power>318</power><tpx1:TrackPointExtension><tpx1:atemp>14</tpx1:atemp><tpx1:hr>134</tpx1:hr><tpx1:cad>76</tpx1:cad></tpx1:TrackPointExtension></extensions></trkpt><trkpt lat="39.041691" lon="-105.080383"><time>2024-08-09T19:52:14.000Z</time><ele>2483.6</ele><extensions><power>297</power><tpx1:TrackPointExtension><tpx1:atemp>14</tpx1:atemp><tpx1:hr>134</tpx1:hr><tpx1:cad>76</tpx1:cad></tpx1:TrackPointExtension></extensions></trkpt><trkpt lat="39.041645" lon="-105.080391"><time>2024-08-09T19:52:15.000Z</time><ele>2483.6</ele><extensions><power>335</power><tpx1:TrackPointExtension><tpx1:atemp>14</tpx1:atemp><tpx1:hr>136</tpx1:hr><tpx1:cad>75</tpx1:cad></tpx1:TrackPointExtension></extensions></trkpt><trkpt lat="39.041595" lon="-105.080383"><time>2024-08-09T19:52:16.000Z</time><ele>2483.8</ele><extensions><power>357</power><tpx1:TrackPointExtension><tpx1:atemp>14</tpx1:atemp><tpx1:hr>137</tpx1:hr><tpx1:cad>76</tpx1:cad></tpx1:TrackPointExtension></extensions></trkpt><trkpt lat="39.04155" lon="-105.080383"><time>2024-08-09T19:52:17.000Z</time><ele>2484</ele><extensions><power>351</power><tpx1:TrackPointExtension><tpx1:atemp>14</tpx1:atemp><tpx1:hr>139</tpx1:hr><tpx1:cad>74</tpx1:cad></tpx1:TrackPointExtension></extensions></trkpt><trkpt lat="39.041504" lon="-105.080383"><time>2024-08-09T19:52:18.000Z</time><ele>2484.4</ele><extensions><power>321</power><tpx1:TrackPointExtension><tpx1:atemp>14</tpx1:atemp><tpx1:hr>139</tpx1:hr><tpx1:cad>76</tpx1:cad></tpx1:TrackPointExtension></extensions></trkpt><trkpt lat="39.041458" lon="-105.080391"><time>2024-08-09T19:52:19.000Z</time><ele>2484.8</ele><extensions><power>320</power><tpx1:TrackPointExtension><tpx1:atemp>14</tpx1:atemp><tpx1:hr>140</tpx1:hr><tpx1:cad>78</tpx1:cad></tpx1:TrackPointExtension></extensions></trkpt><trkpt lat="39.041412" lon="-105.080391"><time>2024-08-09T19:52:20.000Z</time><ele>2485.2</ele><extensions><power>316</power><tpx1:TrackPointExtension><tpx1:atemp>14</tpx1:atemp><tpx1:hr>140</tpx1:hr><tpx1:cad>75</tpx1:cad></tpx1:TrackPointExtension></extensions></trkpt><trkpt lat="39.041374" lon="-105.080391"><time>2024-08-09T19:52:21.000Z</time><ele>2485.4</ele><extensions><power>273</power><tpx1:TrackPointExtension><tpx1:atemp>14</tpx1:atemp><tpx1:hr>141</tpx1:hr><tpx1:cad>78</tpx1:cad></tpx1:TrackPointExtension></extensions></trkpt><trkpt lat="39.041332" lon="-105.080391"><time>2024-08-09T19:52:22.000Z</time><ele>2485.6</ele><extensions><power>263</power><tpx1:TrackPointExtension><tpx1:atemp>14</tpx1:atemp><tpx1:hr>142</tpx1:hr><tpx1:cad>80</tpx1:cad></tpx1:TrackPointExtension></extensions></trkpt><trkpt lat="39.04129" lon="-105.080391"><time>2024-08-09T19:52:23.000Z</time><ele>2485.8</ele><extensions><power>279</power><tpx1:TrackPointExtension><tpx1:atemp>14</tpx1:atemp><tpx1:hr>143</tpx1:hr><tpx1:cad>82</tpx1:cad></tpx1:TrackPointExtension></extensions></trkpt><trkpt lat="39.041256" lon="-105.080391"><time>2024-08-09T19:52:24.000Z</time><ele>2485.8</ele><extensions><power>282</power><tpx1:TrackPointExtension><tpx1:atemp>14</tpx1:atemp><tpx1:hr>143</tpx1:hr><tpx1:cad>81</tpx1:cad></tpx1:TrackPointExtension></extensions></trkpt><trkpt lat="39.041218" lon="-105.080391"><time>2024-08-09T19:52:25.000Z</time><ele>2486.2</ele><extensions><power>269</power><tpx1:TrackPointExtension><tpx1:atemp>14</tpx1:atemp><tpx1:hr>143</tpx1:hr><tpx1:cad>82</tpx1:cad></tpx1:TrackPointExtension></extensions></trkpt><trkpt lat="39.04118" lon="-105.080391"><time>2024-08-09T19:52:26.000Z</time><ele>2486.4</ele><extensions><power>258</power><tpx1:TrackPointExtension><tpx1:atemp>14</tpx1:atemp><tpx1:hr>143</tpx1:hr><tpx1:cad>77</tpx1:cad></tpx1:TrackPointExtension></extensions></trkpt><trkpt lat="39.041142" lon="-105.080391"><time>2024-08-09T19:52:27.000Z</time><ele>2486.8</ele><extensions><power>294</power><tpx1:TrackPointExtension><tpx1:atemp>14</tpx1:atemp><tpx1:hr>143</tpx1:hr><tpx1:cad>79</tpx1:cad></tpx1:TrackPointExtension></extensions></trkpt><trkpt lat="39.041103" lon="-105.080391"><time>2024-08-09T19:52:28.000Z</time><ele>2487.2</ele><extensions><power>316</power><tpx1:TrackPointExtension><tpx1:atemp>14</tpx1:atemp><tpx1:hr>143</tpx1:hr><tpx1:cad>81</tpx1:cad></tpx1:TrackPointExtension></extensions></trkpt><trkpt lat="39.041069" lon="-105.080391"><time>2024-08-09T19:52:29.000Z</time><ele>2487.6</ele><extensions><power>290</power><tpx1:TrackPointExtension><tpx1:atemp>14</tpx1:atemp><tpx1:hr>142</tpx1:hr><tpx1:cad>79</tpx1:cad></tpx1:TrackPointExtension></extensions></trkpt><trkpt lat="39.041027" lon="-105.080391"><time>2024-08-09T19:52:30.000Z</time><ele>2488</ele><extensions><power>263</power><tpx1:TrackPointExtension><tpx1:atemp>14</tpx1:atemp><tpx1:hr>142</tpx1:hr><tpx1:cad>77</tpx1:cad></tpx1:TrackPointExtension></extensions></trkpt><trkpt lat="39.040989" lon="-105.080398"><time>2024-08-09T19:52:31.000Z</time><ele>2488.2</ele><extensions><power>280</power><tpx1:TrackPointExtension><tpx1:atemp>14</tpx1:atemp><tpx1:hr>142</tpx1:hr><tpx1:cad>79</tpx1:cad></tpx1:TrackPointExtension></extensions></trkpt><trkpt lat="39.040951" lon="-105.080398"><time>2024-08-09T19:52:32.000Z</time><ele>2488.6</ele><extensions><power>302</power><tpx1:TrackPointExtension><tpx1:atemp>14</tpx1:atemp><tpx1:hr>141</tpx1:hr><tpx1:cad>78</tpx1:cad></tpx1:TrackPointExtension></extensions></trkpt><trkpt lat="39.040916" lon="-105.080398"><time>2024-08-09T19:52:33.000Z</time><ele>2489</ele><extensions><power>311</power><tpx1:TrackPointExtension><tpx1:atemp>14</tpx1:atemp><tpx1:hr>142</tpx1:hr><tpx1:cad>78</tpx1:cad></tpx1:TrackPointExtension></extensions></trkpt><trkpt lat="39.040878" lon="-105.080398"><time>2024-08-09T19:52:34.000Z</time><ele>2489.4</ele><extensions><power>308</power><tpx1:TrackPointExtension><tpx1:atemp>14</tpx1:atemp><tpx1:hr>142</tpx1:hr><tpx1:cad>78</tpx1:cad></tpx1:TrackPointExtension></extensions></trkpt><trkpt lat="39.040844" lon="-105.080398"><time>2024-08-09T19:52:35.000Z</time><ele>2489.6</ele><extensions><power>299</power><tpx1:TrackPointExtension><tpx1:atemp>14</tpx1:atemp><tpx1:hr>142</tpx1:hr><tpx1:cad>77</tpx1:cad></tpx1:TrackPointExtension></extensions></trkpt><trkpt lat="39.040806" lon="-105.080398"><time>2024-08-09T19:52:36.000Z</time><ele>2490</ele><extensions><power>292</power><tpx1:TrackPointExtension><tpx1:atemp>14</tpx1:atemp><tpx1:hr>142</tpx1:hr><tpx1:cad>76</tpx1:cad></tpx1:TrackPointExtension></extensions></trkpt><trkpt lat="39.040768" lon="-105.080398"><time>2024-08-09T19:52:37.000Z</time><ele>2490.4</ele><extensions><power>286</power><tpx1:TrackPointExtension><tpx1:atemp>14</tpx1:atemp><tpx1:hr>143</tpx1:hr><tpx1:cad>76</tpx1:cad></tpx1:TrackPointExtension></extensions></trkpt><trkpt lat="39.04073" lon="-105.080398"><time>2024-08-09T19:52:38.000Z</time><ele>2490.6</ele><extensions><power>298</power><tpx1:TrackPointExtension><tpx1:atemp>14</tpx1:atemp><tpx1:hr>143</tpx1:hr><tpx1:cad>76</tpx1:cad></tpx1:TrackPointExtension></extensions></trkpt><trkpt lat="39.040695" lon="-105.080398"><time>2024-08-09T19:52:39.000Z</time><ele>2490.8</ele><extensions><power>311</power><tpx1:TrackPointExtension><tpx1:atemp>14</tpx1:atemp><tpx1:hr>143</tpx1:hr><tpx1:cad>77</tpx1:cad></tpx1:TrackPointExtension></extensions></trkpt><trkpt lat="39.040657" lon="-105.080398"><time>2024-08-09T19:52:40.000Z</time><ele>2491.2</ele><extensions><power>324</power><tpx1:TrackPointExtension><tpx1:atemp>14</tpx1:atemp><tpx1:hr>143</tpx1:hr><tpx1:cad>79</tpx1:cad></tpx1:TrackPointExtension></extensions></trkpt><trkpt lat="39.040619" lon="-105.080398"><time>2024-08-09T19:52:41.000Z</time><ele>2491.4</ele><extensions><power>314</power><tpx1:TrackPointExtension><tpx1:atemp>14</tpx1:atemp><tpx1:hr>144</tpx1:hr><tpx1:cad>78</tpx1:cad></tpx1:TrackPointExtension></extensions></trkpt><trkpt lat="39.040585" lon="-105.080398"><time>2024-08-09T19:52:42.000Z</time><ele>2491.8</ele><extensions><power>309</power><tpx1:TrackPointExtension><tpx1:atemp>14</tpx1:atemp><tpx1:hr>144</tpx1:hr><tpx1:cad>78</tpx1:cad></tpx1:TrackPointExtension></extensions></trkpt><trkpt lat="39.040546" lon="-105.080398"><time>2024-08-09T19:52:43.000Z</time><ele>2492</ele><extensions><power>303</power><tpx1:TrackPointExtension><tpx1:atemp>14</tpx1:atemp><tpx1:hr>144</tpx1:hr><tpx1:cad>75</tpx1:cad></tpx1:TrackPointExtension></extensions></trkpt><trkpt lat="39.040508" lon="-105.080398"><time>2024-08-09T19:52:44.000Z</time><ele>2492.4</ele><extensions><power>305</power><tpx1:TrackPointExtension><tpx1:atemp>14</tpx1:atemp><tpx1:hr>144</tpx1:hr><tpx1:cad>76</tpx1:cad></tpx1:TrackPointExtension></extensions></trkpt><trkpt lat="39.04047" lon="-105.080398"><time>2024-08-09T19:52:45.000Z</time><ele>2492.6</ele><extensions><power>319</power><tpx1:TrackPointExtension><tpx1:atemp>14</tpx1:atemp><tpx1:hr>144</tpx1:hr><tpx1:cad>79</tpx1:cad></tpx1:TrackPointExtension></extensions></trkpt><trkpt lat="39.040432" lon="-105.080391"><time>2024-08-09T19:52:46.000Z</time><ele>2492.8</ele><extensions><power>317</power><tpx1:TrackPointExtension><tpx1:atemp>14</tpx1:atemp><tpx1:hr>144</tpx1:hr><tpx1:cad>78</tpx1:cad></tpx1:TrackPointExtension></extensions></trkpt><trkpt lat="39.040398" lon="-105.080398"><time>2024-08-09T19:52:47.000Z</time><ele>2493.2</ele><extensions><power>292</power><tpx1:TrackPointExtension><tpx1:atemp>14</tpx1:atemp><tpx1:hr>144</tpx1:hr><tpx1:cad>79</tpx1:cad></tpx1:TrackPointExtension></extensions></trkpt><trkpt lat="39.040359" lon="-105.080398"><time>2024-08-09T19:52:48.000Z</time><ele>2493.4</ele><extensions><power>249</power><tpx1:TrackPointExtension><tpx1:atemp>14</tpx1:atemp><tpx1:hr>145</tpx1:hr><tpx1:cad>83</tpx1:cad></tpx1:TrackPointExtension></extensions></trkpt><trkpt lat="39.040325" lon="-105.080398"><time>2024-08-09T19:52:49.000Z</time><ele>2493.8</ele><extensions><power>253</power><tpx1:TrackPointExtension><tpx1:atemp>14</tpx1:atemp><tpx1:hr>145</tpx1:hr><tpx1:cad>81</tpx1:cad></tpx1:TrackPointExtension></extensions></trkpt><trkpt lat="39.040295" lon="-105.080398"><time>2024-08-09T19:52:50.000Z</time><ele>2494</ele><extensions><power>282</power><tpx1:TrackPointExtension><tpx1:atemp>14</tpx1:atemp><tpx1:hr>145</tpx1:hr><tpx1:cad>81</tpx1:cad></tpx1:TrackPointExtension></extensions></trkpt><trkpt lat="39.040256" lon="-105.080398"><time>2024-08-09T19:52:51.000Z</time><ele>2494.2</ele><extensions><power>290</power><tpx1:TrackPointExtension><tpx1:atemp>14</tpx1:atemp><tpx1:hr>145</tpx1:hr><tpx1:cad>83</tpx1:cad></tpx1:TrackPointExtension></extensions></trkpt><trkpt lat="39.040222" lon="-105.080391"><time>2024-08-09T19:52:52.000Z</time><ele>2494.6</ele><extensions><power>292</power><tpx1:TrackPointExtension><tpx1:atemp>14</tpx1:atemp><tpx1:hr>146</tpx1:hr><tpx1:cad>82</tpx1:cad></tpx1:TrackPointExtension></extensions></trkpt><trkpt lat="39.040188" lon="-105.080391"><time>2024-08-09T19:52:53.000Z</time><ele>2494.8</ele><extensions><power>299</power><tpx1:TrackPointExtension><tpx1:atemp>14</tpx1:atemp><tpx1:hr>146</tpx1:hr><tpx1:cad>83</tpx1:cad></tpx1:TrackPointExtension></extensions></trkpt><trkpt lat="39.040153" lon="-105.080391"><time>2024-08-09T19:52:54.000Z</time><ele>2495.2</ele><extensions><power>291</power><tpx1:TrackPointExtension><tpx1:atemp>14</tpx1:atemp><tpx1:hr>146</tpx1:hr><tpx1:cad>84</tpx1:cad></tpx1:TrackPointExtension></extensions></trkpt><trkpt lat="39.040119" lon="-105.080391"><time>2024-08-09T19:52:55.000Z</time><ele>2495.4</ele><extensions><power>285</power><tpx1:TrackPointExtension><tpx1:atemp>14</tpx1:atemp><tpx1:hr>146</tpx1:hr><tpx1:cad>80</tpx1:cad></tpx1:TrackPointExtension></extensions></trkpt><trkpt lat="39.040085" lon="-105.080391"><time>2024-08-09T19:52:56.000Z</time><ele>2495.6</ele><extensions><power>274</power><tpx1:TrackPointExtension><tpx1:atemp>14</tpx1:atemp><tpx1:hr>146</tpx1:hr><tpx1:cad>83</tpx1:cad></tpx1:TrackPointExtension></extensions></trkpt><trkpt lat="39.040051" lon="-105.080391"><time>2024-08-09T19:52:57.000Z</time><ele>2495.8</ele><extensions><power>267</power><tpx1:TrackPointExtension><tpx1:atemp>14</tpx1:atemp><tpx1:hr>146</tpx1:hr><tpx1:cad>83</tpx1:cad></tpx1:TrackPointExtension></extensions></trkpt><trkpt lat="39.040016" lon="-105.080383"><time>2024-08-09T19:52:58.000Z</time><ele>2496</ele><extensions><power>266</power><tpx1:TrackPointExtension><tpx1:atemp>14</tpx1:atemp><tpx1:hr>146</tpx1:hr><tpx1:cad>83</tpx1:cad></tpx1:TrackPointExtension></extensions></trkpt><trkpt lat="39.039982" lon="-105.080383"><time>2024-08-09T19:52:59.000Z</time><ele>2496.2</ele><extensions><power>256</power><tpx1:TrackPointExtension><tpx1:atemp>14</tpx1:atemp><tpx1:hr>146</tpx1:hr><tpx1:cad>82</tpx1:cad></tpx1:TrackPointExtension></extensions></trkpt><trkpt lat="39.039948" lon="-105.080383"><time>2024-08-09T19:53:00.000Z</time><ele>2496.4</ele><extensions><power>256</power><tpx1:TrackPointExtension><tpx1:atemp>14</tpx1:atemp><tpx1:hr>146</tpx1:hr><tpx1:cad>82</tpx1:cad></tpx1:TrackPointExtension></extensions></trkpt><trkpt lat="39.039909" lon="-105.080383"><time>2024-08-09T19:53:01.000Z</time><ele>2496.6</ele><extensions><power>269</power><tpx1:TrackPointExtension><tpx1:atemp>14</tpx1:atemp><tpx1:hr>145</tpx1:hr><tpx1:cad>82</tpx1:cad></tpx1:TrackPointExtension></extensions></trkpt><trkpt lat="39.039875" lon="-105.080383"><time>2024-08-09T19:53:02.000Z</time><ele>2496.8</ele><extensions><power>268</power><tpx1:TrackPointExtension><tpx1:atemp>14</tpx1:atemp><tpx1:hr>145</tpx1:hr><tpx1:cad>82</tpx1:cad></tpx1:TrackPointExtension></extensions></trkpt><trkpt lat="39.039841" lon="-105.080383"><time>2024-08-09T19:53:03.000Z</time><ele>2497</ele><extensions><power>262</power><tpx1:TrackPointExtension><tpx1:atemp>14</tpx1:atemp><tpx1:hr>145</tpx1:hr><tpx1:cad>83</tpx1:cad></tpx1:TrackPointExtension></extensions></trkpt><trkpt lat="39.039806" lon="-105.080383"><time>2024-08-09T19:53:04.000Z</time><ele>2497.2</ele><extensions><power>248</power><tpx1:TrackPointExtension><tpx1:atemp>14</tpx1:atemp><tpx1:hr>145</tpx1:hr><tpx1:cad>84</tpx1:cad></tpx1:TrackPointExtension></extensions></trkpt><trkpt lat="39.039772" lon="-105.080383"><time>2024-08-09T19:53:05.000Z</time><ele>2497.4</ele><extensions><power>248</power><tpx1:TrackPointExtension><tpx1:atemp>14</tpx1:atemp><tpx1:hr>145</tpx1:hr><tpx1:cad>84</tpx1:cad></tpx1:TrackPointExtension></extensions></trkpt><trkpt lat="39.039734" lon="-105.080376"><time>2024-08-09T19:53:06.000Z</time><ele>2497.6</ele><extensions><power>246</power><tpx1:TrackPointExtension><tpx1:atemp>14</tpx1:atemp><tpx1:hr>145</tpx1:hr><tpx1:cad>84</tpx1:cad></tpx1:TrackPointExtension></extensions></trkpt><trkpt lat="39.0397" lon="-105.080376"><time>2024-08-09T19:53:07.000Z</time><ele>2497.8</ele><extensions><power>241</power><tpx1:TrackPointExtension><tpx1:atemp>14</tpx1:atemp><tpx1:hr>145</tpx1:hr><tpx1:cad>85</tpx1:cad></tpx1:TrackPointExtension></extensions></trkpt><trkpt lat="39.039665" lon="-105.080376"><time>2024-08-09T19:53:08.000Z</time><ele>2498</ele><extensions><power>240</power><tpx1:TrackPointExtension><tpx1:atemp>14</tpx1:atemp><tpx1:hr>145</tpx1:hr><tpx1:cad>86</tpx1:cad></tpx1:TrackPointExtension></extensions></trkpt><trkpt lat="39.039627" lon="-105.080376"><time>2024-08-09T19:53:09.000Z</time><ele>2498.2</ele><extensions><power>244</power><tpx1:TrackPointExtension><tpx1:atemp>14</tpx1:atemp><tpx1:hr>144</tpx1:hr><tpx1:cad>86</tpx1:cad></tpx1:TrackPointExtension></extensions></trkpt><trkpt lat="39.039593" lon="-105.080368"><time>2024-08-09T19:53:10.000Z</time><ele>2498.4</ele><extensions><power>242</power><tpx1:TrackPointExtension><tpx1:atemp>14</tpx1:atemp><tpx1:hr>144</tpx1:hr><tpx1:cad>85</tpx1:cad></tpx1:TrackPointExtension></extensions></trkpt><trkpt lat="39.039558" lon="-105.080368"><time>2024-08-09T19:53:11.000Z</time><ele>2498.6</ele><extensions><power>219</power><tpx1:TrackPointExtension><tpx1:atemp>14</tpx1:atemp><tpx1:hr>144</tpx1:hr><tpx1:cad>84</tpx1:cad></tpx1:TrackPointExtension></extensions></trkpt><trkpt lat="39.039524" lon="-105.080368"><time>2024-08-09T19:53:12.000Z</time><ele>2498.8</ele><extensions><power>213</power><tpx1:TrackPointExtension><tpx1:atemp>14</tpx1:atemp><tpx1:hr>143</tpx1:hr><tpx1:cad>84</tpx1:cad></tpx1:TrackPointExtension></extensions></trkpt><trkpt lat="39.03949" lon="-105.08036"><time>2024-08-09T19:53:13.000Z</time><ele>2499</ele><extensions><power>228</power><tpx1:TrackPointExtension><tpx1:atemp>14</tpx1:atemp><tpx1:hr>143</tpx1:hr><tpx1:cad>84</tpx1:cad></tpx1:TrackPointExtension></extensions></trkpt><trkpt lat="39.039452" lon="-105.08036"><time>2024-08-09T19:53:14.000Z</time><ele>2499</ele><extensions><power>242</power><tpx1:TrackPointExtension><tpx1:atemp>14</tpx1:atemp><tpx1:hr>142</tpx1:hr><tpx1:cad>86</tpx1:cad></tpx1:TrackPointExtension></extensions></trkpt><trkpt lat="39.039413" lon="-105.08036"><time>2024-08-09T19:53:15.000Z</time><ele>2499.2</ele><extensions><power>239</power><tpx1:TrackPointExtension><tpx1:atemp>14</tpx1:atemp><tpx1:hr>142</tpx1:hr><tpx1:cad>88</tpx1:cad></tpx1:TrackPointExtension></extensions></trkpt><trkpt lat="39.039379" lon="-105.080353"><time>2024-08-09T19:53:16.000Z</time><ele>2499.4</ele><extensions><power>225</power><tpx1:TrackPointExtension><tpx1:atemp>14</tpx1:atemp><tpx1:hr>141</tpx1:hr><tpx1:cad>87</tpx1:cad></tpx1:TrackPointExtension></extensions></trkpt><trkpt lat="39.039341" lon="-105.080353"><time>2024-08-09T19:53:17.000Z</time><ele>2499.6</ele><extensions><power>211</power><tpx1:TrackPointExtension><tpx1:atemp>14</tpx1:atemp><tpx1:hr>141</tpx1:hr><tpx1:cad>86</tpx1:cad></tpx1:TrackPointExtension></extensions></trkpt><trkpt lat="39.039303" lon="-105.080345"><time>2024-08-09T19:53:18.000Z</time><ele>2499.6</ele><extensions><power>215</power><tpx1:TrackPointExtension><tpx1:atemp>14</tpx1:atemp><tpx1:hr>141</tpx1:hr><tpx1:cad>89</tpx1:cad></tpx1:TrackPointExtension></extensions></trkpt><trkpt lat="39.039265" lon="-105.080345"><time>2024-08-09T19:53:19.000Z</time><ele>2499.8</ele><extensions><power>215</power><tpx1:TrackPointExtension><tpx1:atemp>14</tpx1:atemp><tpx1:hr>140</tpx1:hr><tpx1:cad>88</tpx1:cad></tpx1:TrackPointExtension></extensions></trkpt><trkpt lat="39.039226" lon="-105.080337"><time>2024-08-09T19:53:20.000Z</time><ele>2499.8</ele><extensions><power>215</power><tpx1:TrackPointExtension><tpx1:atemp>14</tpx1:atemp><tpx1:hr>139</tpx1:hr><tpx1:cad>91</tpx1:cad></tpx1:TrackPointExtension></extensions></trkpt><trkpt lat="39.039185" lon="-105.080337"><time>2024-08-09T19:53:21.000Z</time><ele>2500</ele><extensions><power>207</power><tpx1:TrackPointExtension><tpx1:atemp>14</tpx1:atemp><tpx1:hr>138</tpx1:hr><tpx1:cad>91</tpx1:cad></tpx1:TrackPointExtension></extensions></trkpt><trkpt lat="39.039146" lon="-105.08033"><time>2024-08-09T19:53:22.000Z</time><ele>2500</ele><extensions><power>197</power><tpx1:TrackPointExtension><tpx1:atemp>14</tpx1:atemp><tpx1:hr>137</tpx1:hr><tpx1:cad>92</tpx1:cad></tpx1:TrackPointExtension></extensions></trkpt><trkpt lat="39.039108" lon="-105.08033"><time>2024-08-09T19:53:23.000Z</time><ele>2500.2</ele><extensions><power>191</power><tpx1:TrackPointExtension><tpx1:atemp>14</tpx1:atemp><tpx1:hr>137</tpx1:hr><tpx1:cad>92</tpx1:cad></tpx1:TrackPointExtension></extensions></trkpt><trkpt lat="39.03907" lon="-105.080322"><time>2024-08-09T19:53:24.000Z</time><ele>2500.4</ele><extensions><power>178</power><tpx1:TrackPointExtension><tpx1:atemp>14</tpx1:atemp><tpx1:hr>136</tpx1:hr><tpx1:cad>93</tpx1:cad></tpx1:TrackPointExtension></extensions></trkpt><trkpt lat="39.039032" lon="-105.080315"><time>2024-08-09T19:53:25.000Z</time><ele>2500.4</ele><extensions><power>179</power><tpx1:TrackPointExtension><tpx1:atemp>14</tpx1:atemp><tpx1:hr>135</tpx1:hr><tpx1:cad>91</tpx1:cad></tpx1:TrackPointExtension></extensions></trkpt><trkpt lat="39.03899" lon="-105.080315"><time>2024-08-09T19:53:26.000Z</time><ele>2500.6</ele><extensions><power>187</power><tpx1:TrackPointExtension><tpx1:atemp>14</tpx1:atemp><tpx1:hr>135</tpx1:hr><tpx1:cad>96</tpx1:cad></tpx1:TrackPointExtension></extensions></trkpt><trkpt lat="39.038952" lon="-105.080307"><time>2024-08-09T19:53:27.000Z</time><ele>2500.6</ele><extensions><power>193</power><tpx1:TrackPointExtension><tpx1:atemp>14</tpx1:atemp><tpx1:hr>134</tpx1:hr><tpx1:cad>94</tpx1:cad></tpx1:TrackPointExtension></extensions></trkpt><trkpt lat="39.03891" lon="-105.080307"><time>2024-08-09T19:53:28.000Z</time><ele>2500.6</ele><extensions><power>177</power><tpx1:TrackPointExtension><tpx1:atemp>14</tpx1:atemp><tpx1:hr>134</tpx1:hr><tpx1:cad>74</tpx1:cad></tpx1:TrackPointExtension></extensions></trkpt><trkpt lat="39.038864" lon="-105.080299"><time>2024-08-09T19:53:29.000Z</time><ele>2500.8</ele><extensions><power>175</power><tpx1:TrackPointExtension><tpx1:atemp>14</tpx1:atemp><tpx1:hr>134</tpx1:hr><tpx1:cad>69</tpx1:cad></tpx1:TrackPointExtension></extensions></trkpt><trkpt lat="39.038822" lon="-105.080292"><time>2024-08-09T19:53:30.000Z</time><ele>2500.8</ele><extensions><power>190</power><tpx1:TrackPointExtension><tpx1:atemp>14</tpx1:atemp><tpx1:hr>134</tpx1:hr><tpx1:cad>69</tpx1:cad></tpx1:TrackPointExtension></extensions></trkpt><trkpt lat="39.038776" lon="-105.080292"><time>2024-08-09T19:53:31.000Z</time><ele>2500.8</ele><extensions><power>194</power><tpx1:TrackPointExtension><tpx1:atemp>14</tpx1:atemp><tpx1:hr>134</tpx1:hr><tpx1:cad>70</tpx1:cad></tpx1:TrackPointExtension></extensions></trkpt><trkpt lat="39.038731" lon="-105.080284"><time>2024-08-09T19:53:32.000Z</time><ele>2500.8</ele><extensions><power>187</power><tpx1:TrackPointExtension><tpx1:atemp>14</tpx1:atemp><tpx1:hr>134</tpx1:hr><tpx1:cad>74</tpx1:cad></tpx1:TrackPointExtension></extensions></trkpt><trkpt lat="39.038685" lon="-105.080276"><time>2024-08-09T19:53:33.000Z</time><ele>2501</ele><extensions><power>176</power><tpx1:TrackPointExtension><tpx1:atemp>14</tpx1:atemp><tpx1:hr>135</tpx1:hr><tpx1:cad>75</tpx1:cad></tpx1:TrackPointExtension></extensions></trkpt><trkpt lat="39.038635" lon="-105.080269"><time>2024-08-09T19:53:34.000Z</time><ele>2501</ele><extensions><power>171</power><tpx1:TrackPointExtension><tpx1:atemp>14</tpx1:atemp><tpx1:hr>134</tpx1:hr><tpx1:cad>75</tpx1:cad></tpx1:TrackPointExtension></extensions></trkpt><trkpt lat="39.038586" lon="-105.080261"><time>2024-08-09T19:53:35.000Z</time><ele>2501</ele><extensions><power>167</power><tpx1:TrackPointExtension><tpx1:atemp>14</tpx1:atemp><tpx1:hr>134</tpx1:hr><tpx1:cad>76</tpx1:cad></tpx1:TrackPointExtension></extensions></trkpt><trkpt lat="39.038536" lon="-105.080254"><time>2024-08-09T19:53:36.000Z</time><ele>2501</ele><extensions><power>163</power><tpx1:TrackPointExtension><tpx1:atemp>14</tpx1:atemp><tpx1:hr>134</tpx1:hr><tpx1:cad>78</tpx1:cad></tpx1:TrackPointExtension></extensions></trkpt><trkpt lat="39.038486" lon="-105.080246"><time>2024-08-09T19:53:37.000Z</time><ele>2501</ele><extensions><power>165</power><tpx1:TrackPointExtension><tpx1:atemp>14</tpx1:atemp><tpx1:hr>133</tpx1:hr><tpx1:cad>80</tpx1:cad></tpx1:TrackPointExtension></extensions></trkpt><trkpt lat="39.038433" lon="-105.080238"><time>2024-08-09T19:53:38.000Z</time><ele>2501.2</ele><extensions><power>175</power><tpx1:TrackPointExtension><tpx1:atemp>14</tpx1:atemp><tpx1:hr>132</tpx1:hr><tpx1:cad>84</tpx1:cad></tpx1:TrackPointExtension></extensions></trkpt><trkpt lat="39.03838" lon="-105.080223"><time>2024-08-09T19:53:39.000Z</time><ele>2501.2</ele><extensions><power>180</power><tpx1:TrackPointExtension><tpx1:atemp>14</tpx1:atemp><tpx1:hr>131</tpx1:hr><tpx1:cad>86</tpx1:cad></tpx1:TrackPointExtension></extensions></trkpt><trkpt lat="39.038326" lon="-105.080215"><time>2024-08-09T19:53:40.000Z</time><ele>2501</ele><extensions><power>179</power><tpx1:TrackPointExtension><tpx1:atemp>14</tpx1:atemp><tpx1:hr>130</tpx1:hr><tpx1:cad>87</tpx1:cad></tpx1:TrackPointExtension></extensions></trkpt><trkpt lat="39.038265" lon="-105.0802"><time>2024-08-09T19:53:41.000Z</time><ele>2501</ele><extensions><power>179</power><tpx1:TrackPointExtension><tpx1:atemp>14</tpx1:atemp><tpx1:hr>128</tpx1:hr><tpx1:cad>83</tpx1:cad></tpx1:TrackPointExtension></extensions></trkpt><trkpt lat="39.038204" lon="-105.080193"><time>2024-08-09T19:53:42.000Z</time><ele>2501</ele><extensions><power>168</power><tpx1:TrackPointExtension><tpx1:atemp>14</tpx1:atemp><tpx1:hr>126</tpx1:hr><tpx1:cad>83</tpx1:cad></tpx1:TrackPointExtension></extensions></trkpt><trkpt lat="39.038147" lon="-105.080177"><time>2024-08-09T19:53:43.000Z</time><ele>2501</ele><extensions><power>160</power><tpx1:TrackPointExtension><tpx1:atemp>14</tpx1:atemp><tpx1:hr>125</tpx1:hr><tpx1:cad>85</tpx1:cad></tpx1:TrackPointExtension></extensions></trkpt><trkpt lat="39.038082" lon="-105.080162"><time>2024-08-09T19:53:44.000Z</time><ele>2500.8</ele><extensions><power>150</power><tpx1:TrackPointExtension><tpx1:atemp>14</tpx1:atemp><tpx1:hr>124</tpx1:hr><tpx1:cad>85</tpx1:cad></tpx1:TrackPointExtension></extensions></trkpt><trkpt lat="39.038017" lon="-105.080154"><time>2024-08-09T19:53:45.000Z</time><ele>2500.8</ele><extensions><power>153</power><tpx1:TrackPointExtension><tpx1:atemp>14</tpx1:atemp><tpx1:hr>123</tpx1:hr><tpx1:cad>77</tpx1:cad></tpx1:TrackPointExtension></extensions></trkpt><trkpt lat="39.037949" lon="-105.080139"><time>2024-08-09T19:53:46.000Z</time><ele>2500.8</ele><extensions><power>151</power><tpx1:TrackPointExtension><tpx1:atemp>14</tpx1:atemp><tpx1:hr>123</tpx1:hr><tpx1:cad>78</tpx1:cad></tpx1:TrackPointExtension></extensions></trkpt><trkpt lat="39.037884" lon="-105.080116"><time>2024-08-09T19:53:47.000Z</time><ele>2500.6</ele><extensions><power>145</power><tpx1:TrackPointExtension><tpx1:atemp>14</tpx1:atemp><tpx1:hr>122</tpx1:hr><tpx1:cad>78</tpx1:cad></tpx1:TrackPointExtension></extensions></trkpt><trkpt lat="39.037811" lon="-105.080101"><time>2024-08-09T19:53:48.000Z</time><ele>2500.4</ele><extensions><power>150</power><tpx1:TrackPointExtension><tpx1:atemp>14</tpx1:atemp><tpx1:hr>122</tpx1:hr><tpx1:cad>79</tpx1:cad></tpx1:TrackPointExtension></extensions></trkpt><trkpt lat="39.037739" lon="-105.080086"><time>2024-08-09T19:53:49.000Z</time><ele>2500</ele><extensions><power>153</power><tpx1:TrackPointExtension><tpx1:atemp>14</tpx1:atemp><tpx1:hr>122</tpx1:hr><tpx1:cad>83</tpx1:cad></tpx1:TrackPointExtension></extensions></trkpt><trkpt lat="39.03767" lon="-105.08007"><time>2024-08-09T19:53:50.000Z</time><ele>2499.8</ele><extensions><power>155</power><tpx1:TrackPointExtension><tpx1:atemp>14</tpx1:atemp><tpx1:hr>121</tpx1:hr><tpx1:cad>84</tpx1:cad></tpx1:TrackPointExtension></extensions></trkpt><trkpt lat="39.037594" lon="-105.080055"><time>2024-08-09T19:53:51.000Z</time><ele>2499.4</ele><extensions><power>156</power><tpx1:TrackPointExtension><tpx1:atemp>14</tpx1:atemp><tpx1:hr>120</tpx1:hr><tpx1:cad>86</tpx1:cad></tpx1:TrackPointExtension></extensions></trkpt><trkpt lat="39.037518" lon="-105.08004"><time>2024-08-09T19:53:52.000Z</time><ele>2499.2</ele><extensions><power>159</power><tpx1:TrackPointExtension><tpx1:atemp>14</tpx1:atemp><tpx1:hr>120</tpx1:hr><tpx1:cad>88</tpx1:cad></tpx1:TrackPointExtension></extensions></trkpt><trkpt lat="39.037441" lon="-105.080025"><time>2024-08-09T19:53:53.000Z</time><ele>2498.8</ele><extensions><power>160</power><tpx1:TrackPointExtension><tpx1:atemp>14</tpx1:atemp><tpx1:hr>120</tpx1:hr><tpx1:cad>90</tpx1:cad></tpx1:TrackPointExtension></extensions></trkpt><trkpt lat="39.037365" lon="-105.080009"><time>2024-08-09T19:53:54.000Z</time><ele>2498.6</ele><extensions><power>157</power><tpx1:TrackPointExtension><tpx1:atemp>14</tpx1:atemp><tpx1:hr>120</tpx1:hr><tpx1:cad>90</tpx1:cad></tpx1:TrackPointExtension></extensions></trkpt><trkpt lat="39.037281" lon="-105.079987"><time>2024-08-09T19:53:55.000Z</time><ele>2498.2</ele><extensions><power>152</power><tpx1:TrackPointExtension><tpx1:atemp>14</tpx1:atemp><tpx1:hr>120</tpx1:hr><tpx1:cad>82</tpx1:cad></tpx1:TrackPointExtension></extensions></trkpt><trkpt lat="39.037197" lon="-105.079964"><time>2024-08-09T19:53:56.000Z</time><ele>2498</ele><extensions><power>167</power><tpx1:TrackPointExtension><tpx1:atemp>14</tpx1:atemp><tpx1:hr>121</tpx1:hr><tpx1:cad>85</tpx1:cad></tpx1:TrackPointExtension></extensions></trkpt><trkpt lat="39.037121" lon="-105.079948"><time>2024-08-09T19:53:57.000Z</time><ele>2497.6</ele><extensions><power>160</power><tpx1:TrackPointExtension><tpx1:atemp>14</tpx1:atemp><tpx1:hr>121</tpx1:hr><tpx1:cad>85</tpx1:cad></tpx1:TrackPointExtension></extensions></trkpt><trkpt lat="39.037037" lon="-105.079933"><time>2024-08-09T19:53:58.000Z</time><ele>2497.2</ele><extensions><power>153</power><tpx1:TrackPointExtension><tpx1:atemp>14</tpx1:atemp><tpx1:hr>121</tpx1:hr><tpx1:cad>86</tpx1:cad></tpx1:TrackPointExtension></extensions></trkpt><trkpt lat="39.036957" lon="-105.07991"><time>2024-08-09T19:53:59.000Z</time><ele>2497</ele><extensions><power>158</power><tpx1:TrackPointExtension><tpx1:atemp>14</tpx1:atemp><tpx1:hr>121</tpx1:hr><tpx1:cad>86</tpx1:cad></tpx1:TrackPointExtension></extensions></trkpt><trkpt lat="39.03688" lon="-105.079903"><time>2024-08-09T19:54:00.000Z</time><ele>2496.8</ele><extensions><power>158</power><tpx1:TrackPointExtension><tpx1:atemp>14</tpx1:atemp><tpx1:hr>121</tpx1:hr><tpx1:cad>88</tpx1:cad></tpx1:TrackPointExtension></extensions></trkpt><trkpt lat="39.036774" lon="-105.079872"><time>2024-08-09T19:54:01.000Z</time><ele>2496.4</ele><extensions><power>158</power><tpx1:TrackPointExtension><tpx1:atemp>14</tpx1:atemp><tpx1:hr>121</tpx1:hr><tpx1:cad>90</tpx1:cad></tpx1:TrackPointExtension></extensions></trkpt><trkpt lat="39.036686" lon="-105.079857"><time>2024-08-09T19:54:02.000Z</time><ele>2496.4</ele><extensions><power>165</power><tpx1:TrackPointExtension><tpx1:atemp>14</tpx1:atemp><tpx1:hr>121</tpx1:hr><tpx1:cad>91</tpx1:cad></tpx1:TrackPointExtension></extensions></trkpt><trkpt lat="39.036598" lon="-105.079834"><time>2024-08-09T19:54:03.000Z</time><ele>2496.2</ele><extensions><power>168</power><tpx1:TrackPointExtension><tpx1:atemp>14</tpx1:atemp><tpx1:hr>121</tpx1:hr><tpx1:cad>93</tpx1:cad></tpx1:TrackPointExtension></extensions></trkpt><trkpt lat="39.036503" lon="-105.079811"><time>2024-08-09T19:54:04.000Z</time><ele>2496</ele><extensions><power>154</power><tpx1:TrackPointExtension><tpx1:atemp>14</tpx1:atemp><tpx1:hr>120</tpx1:hr><tpx1:cad>93</tpx1:cad></tpx1:TrackPointExtension></extensions></trkpt><trkpt lat="39.036407" lon="-105.079796"><time>2024-08-09T19:54:05.000Z</time><ele>2495.8</ele><extensions><power>141</power><tpx1:TrackPointExtension><tpx1:atemp>14</tpx1:atemp><tpx1:hr>120</tpx1:hr><tpx1:cad>85</tpx1:cad></tpx1:TrackPointExtension></extensions></trkpt><trkpt lat="39.036312" lon="-105.079773"><time>2024-08-09T19:54:06.000Z</time><ele>2495.8</ele><extensions><power>147</power><tpx1:TrackPointExtension><tpx1:atemp>14</tpx1:atemp><tpx1:hr>119</tpx1:hr><tpx1:cad>86</tpx1:cad></tpx1:TrackPointExtension></extensions></trkpt><trkpt lat="39.036221" lon="-105.07975"><time>2024-08-09T19:54:07.000Z</time><ele>2495.8</ele><extensions><power>154</power><tpx1:TrackPointExtension><tpx1:atemp>14</tpx1:atemp><tpx1:hr>118</tpx1:hr><tpx1:cad>86</tpx1:cad></tpx1:TrackPointExtension></extensions></trkpt><trkpt lat="39.036121" lon="-105.079727"><time>2024-08-09T19:54:08.000Z</time><ele>2495.8</ele><extensions><power>163</power><tpx1:TrackPointExtension><tpx1:atemp>14</tpx1:atemp><tpx1:hr>117</tpx1:hr><tpx1:cad>87</tpx1:cad></tpx1:TrackPointExtension></extensions></trkpt><trkpt lat="39.036026" lon="-105.079704"><time>2024-08-09T19:54:09.000Z</time><ele>2495.4</ele><extensions><power>163</power><tpx1:TrackPointExtension><tpx1:atemp>14</tpx1:atemp><tpx1:hr>117</tpx1:hr><tpx1:cad>88</tpx1:cad></tpx1:TrackPointExtension></extensions></trkpt><trkpt lat="39.035931" lon="-105.079689"><time>2024-08-09T19:54:10.000Z</time><ele>2495.2</ele><extensions><power>163</power><tpx1:TrackPointExtension><tpx1:atemp>14</tpx1:atemp><tpx1:hr>116</tpx1:hr><tpx1:cad>87</tpx1:cad></tpx1:TrackPointExtension></extensions></trkpt><trkpt lat="39.035835" lon="-105.079666"><time>2024-08-09T19:54:11.000Z</time><ele>2495.2</ele><extensions><power>161</power><tpx1:TrackPointExtension><tpx1:atemp>14</tpx1:atemp><tpx1:hr>116</tpx1:hr><tpx1:cad>86</tpx1:cad></tpx1:TrackPointExtension></extensions></trkpt><trkpt lat="39.035744" lon="-105.079643"><time>2024-08-09T19:54:12.000Z</time><ele>2495</ele><extensions><power>159</power><tpx1:TrackPointExtension><tpx1:atemp>14</tpx1:atemp><tpx1:hr>115</tpx1:hr><tpx1:cad>85</tpx1:cad></tpx1:TrackPointExtension></extensions></trkpt><trkpt lat="39.035652" lon="-105.07962"><time>2024-08-09T19:54:13.000Z</time><ele>2495</ele><extensions><power>187</power><tpx1:TrackPointExtension><tpx1:atemp>14</tpx1:atemp><tpx1:hr>114</tpx1:hr><tpx1:cad>84</tpx1:cad></tpx1:TrackPointExtension></extensions></trkpt><trkpt lat="39.035564" lon="-105.079605"><time>2024-08-09T19:54:14.000Z</time><ele>2495</ele><extensions><power>204</power><tpx1:TrackPointExtension><tpx1:atemp>14</tpx1:atemp><tpx1:hr>113</tpx1:hr><tpx1:cad>80</tpx1:cad></tpx1:TrackPointExtension></extensions></trkpt><trkpt lat="39.035477" lon="-105.079582"><time>2024-08-09T19:54:15.000Z</time><ele>2495</ele><extensions><power>214</power><tpx1:TrackPointExtension><tpx1:atemp>14</tpx1:atemp><tpx1:hr>113</tpx1:hr><tpx1:cad>79</tpx1:cad></tpx1:TrackPointExtension></extensions></trkpt><trkpt lat="39.035393" lon="-105.079567"><time>2024-08-09T19:54:16.000Z</time><ele>2495</ele><extensions><power>220</power><tpx1:TrackPointExtension><tpx1:atemp>14</tpx1:atemp><tpx1:hr>112</tpx1:hr><tpx1:cad>86</tpx1:cad></tpx1:TrackPointExtension></extensions></trkpt><trkpt lat="39.035309" lon="-105.079544"><time>2024-08-09T19:54:17.000Z</time><ele>2495.2</ele><extensions><power>223</power><tpx1:TrackPointExtension><tpx1:atemp>14</tpx1:atemp><tpx1:hr>112</tpx1:hr><tpx1:cad>88</tpx1:cad></tpx1:TrackPointExtension></extensions></trkpt><trkpt lat="39.035225" lon="-105.079529"><time>2024-08-09T19:54:18.000Z</time><ele>2495.2</ele><extensions><power>218</power><tpx1:TrackPointExtension><tpx1:atemp>14</tpx1:atemp><tpx1:hr>113</tpx1:hr><tpx1:cad>87</tpx1:cad></tpx1:TrackPointExtension></extensions></trkpt><trkpt lat="39.035141" lon="-105.079514"><time>2024-08-09T19:54:19.000Z</time><ele>2495.4</ele><extensions><power>212</power><tpx1:TrackPointExtension><tpx1:atemp>14</tpx1:atemp><tpx1:hr>114</tpx1:hr><tpx1:cad>86</tpx1:cad></tpx1:TrackPointExtension></extensions></trkpt><trkpt lat="39.035061" lon="-105.079491"><time>2024-08-09T19:54:20.000Z</time><ele>2495.4</ele><extensions><power>225</power><tpx1:TrackPointExtension><tpx1:atemp>14</tpx1:atemp><tpx1:hr>114</tpx1:hr><tpx1:cad>85</tpx1:cad></tpx1:TrackPointExtension></extensions></trkpt><trkpt lat="39.034977" lon="-105.079475"><time>2024-08-09T19:54:21.000Z</time><ele>2495.4</ele><extensions><power>243</power><tpx1:TrackPointExtension><tpx1:atemp>14</tpx1:atemp><tpx1:hr>115</tpx1:hr><tpx1:cad>85</tpx1:cad></tpx1:TrackPointExtension></extensions></trkpt><trkpt lat="39.034897" lon="-105.079453"><time>2024-08-09T19:54:22.000Z</time><ele>2495.4</ele><extensions><power>247</power><tpx1:TrackPointExtension><tpx1:atemp>14</tpx1:atemp><tpx1:hr>115</tpx1:hr><tpx1:cad>85</tpx1:cad></tpx1:TrackPointExtension></extensions></trkpt><trkpt lat="39.034813" lon="-105.079437"><time>2024-08-09T19:54:23.000Z</time><ele>2495.4</ele><extensions><power>231</power><tpx1:TrackPointExtension><tpx1:atemp>14</tpx1:atemp><tpx1:hr>116</tpx1:hr><tpx1:cad>85</tpx1:cad></tpx1:TrackPointExtension></extensions></trkpt><trkpt lat="39.034733" lon="-105.079414"><time>2024-08-09T19:54:24.000Z</time><ele>2495.6</ele><extensions><power>233</power><tpx1:TrackPointExtension><tpx1:atemp>14</tpx1:atemp><tpx1:hr>116</tpx1:hr><tpx1:cad>84</tpx1:cad></tpx1:TrackPointExtension></extensions></trkpt><trkpt lat="39.034653" lon="-105.079399"><time>2024-08-09T19:54:25.000Z</time><ele>2495.6</ele><extensions><power>233</power><tpx1:TrackPointExtension><tpx1:atemp>14</tpx1:atemp><tpx1:hr>116</tpx1:hr><tpx1:cad>85</tpx1:cad></tpx1:TrackPointExtension></extensions></trkpt><trkpt lat="39.034569" lon="-105.079376"><time>2024-08-09T19:54:26.000Z</time><ele>2495.6</ele><extensions><power>229</power><tpx1:TrackPointExtension><tpx1:atemp>14</tpx1:atemp><tpx1:hr>116</tpx1:hr><tpx1:cad>85</tpx1:cad></tpx1:TrackPointExtension></extensions></trkpt><trkpt lat="39.034489" lon="-105.079361"><time>2024-08-09T19:54:27.000Z</time><ele>2495.6</ele><extensions><power>223</power><tpx1:TrackPointExtension><tpx1:atemp>14</tpx1:atemp><tpx1:hr>117</tpx1:hr><tpx1:cad>84</tpx1:cad></tpx1:TrackPointExtension></extensions></trkpt><trkpt lat="39.034409" lon="-105.079338"><time>2024-08-09T19:54:28.000Z</time><ele>2495.6</ele><extensions><power>228</power><tpx1:TrackPointExtension><tpx1:atemp>14</tpx1:atemp><tpx1:hr>117</tpx1:hr><tpx1:cad>84</tpx1:cad></tpx1:TrackPointExtension></extensions></trkpt><trkpt lat="39.034325" lon="-105.079323"><time>2024-08-09T19:54:29.000Z</time><ele>2495.6</ele><extensions><power>225</power><tpx1:TrackPointExtension><tpx1:atemp>14</tpx1:atemp><tpx1:hr>117</tpx1:hr><tpx1:cad>86</tpx1:cad></tpx1:TrackPointExtension></extensions></trkpt><trkpt lat="39.034237" lon="-105.0793"><time>2024-08-09T19:54:30.000Z</time><ele>2495.4</ele><extensions><power>199</power><tpx1:TrackPointExtension><tpx1:atemp>14</tpx1:atemp><tpx1:hr>117</tpx1:hr><tpx1:cad>87</tpx1:cad></tpx1:TrackPointExtension></extensions></trkpt><trkpt lat="39.034153" lon="-105.079285"><time>2024-08-09T19:54:31.000Z</time><ele>2495.2</ele><extensions><power>198</power><tpx1:TrackPointExtension><tpx1:atemp>14</tpx1:atemp><tpx1:hr>117</tpx1:hr><tpx1:cad>87</tpx1:cad></tpx1:TrackPointExtension></extensions></trkpt><trkpt lat="39.034069" lon="-105.079262"><time>2024-08-09T19:54:32.000Z</time><ele>2495.2</ele><extensions><power>205</power><tpx1:TrackPointExtension><tpx1:atemp>14</tpx1:atemp><tpx1:hr>118</tpx1:hr><tpx1:cad>88</tpx1:cad></tpx1:TrackPointExtension></extensions></trkpt><trkpt lat="39.033981" lon="-105.079246"><time>2024-08-09T19:54:33.000Z</time><ele>2495</ele><extensions><power>210</power><tpx1:TrackPointExtension><tpx1:atemp>14</tpx1:atemp><tpx1:hr>119</tpx1:hr><tpx1:cad>89</tpx1:cad></tpx1:TrackPointExtension></extensions></trkpt><trkpt lat="39.033894" lon="-105.079224"><time>2024-08-09T19:54:34.000Z</time><ele>2494.8</ele><extensions><power>205</power><tpx1:TrackPointExtension><tpx1:atemp>14</tpx1:atemp><tpx1:hr>119</tpx1:hr><tpx1:cad>90</tpx1:cad></tpx1:TrackPointExtension></extensions></trkpt><trkpt lat="39.033806" lon="-105.079201"><time>2024-08-09T19:54:35.000Z</time><ele>2494.6</ele><extensions><power>188</power><tpx1:TrackPointExtension><tpx1:atemp>14</tpx1:atemp><tpx1:hr>119</tpx1:hr><tpx1:cad>91</tpx1:cad></tpx1:TrackPointExtension></extensions></trkpt><trkpt lat="39.033718" lon="-105.079185"><time>2024-08-09T19:54:36.000Z</time><ele>2494.4</ele><extensions><power>182</power><tpx1:TrackPointExtension><tpx1:atemp>14</tpx1:atemp><tpx1:hr>119</tpx1:hr><tpx1:cad>92</tpx1:cad></tpx1:TrackPointExtension></extensions></trkpt><trkpt lat="39.033623" lon="-105.079155"><time>2024-08-09T19:54:37.000Z</time><ele>2494.2</ele><extensions><power>174</power><tpx1:TrackPointExtension><tpx1:atemp>14</tpx1:atemp><tpx1:hr>120</tpx1:hr><tpx1:cad>93</tpx1:cad></tpx1:TrackPointExtension></extensions></trkpt><trkpt lat="39.033527" lon="-105.079132"><time>2024-08-09T19:54:38.000Z</time><ele>2494</ele><extensions><power>167</power><tpx1:TrackPointExtension><tpx1:atemp>14</tpx1:atemp><tpx1:hr>120</tpx1:hr><tpx1:cad>94</tpx1:cad></tpx1:TrackPointExtension></extensions></trkpt><trkpt lat="39.033428" lon="-105.079117"><time>2024-08-09T19:54:39.000Z</time><ele>2493.8</ele><extensions><power>166</power><tpx1:TrackPointExtension><tpx1:atemp>14</tpx1:atemp><tpx1:hr>120</tpx1:hr><tpx1:cad>89</tpx1:cad></tpx1:TrackPointExtension></extensions></trkpt><trkpt lat="39.033333" lon="-105.079094"><time>2024-08-09T19:54:40.000Z</time><ele>2493.4</ele><extensions><power>161</power><tpx1:TrackPointExtension><tpx1:atemp>14</tpx1:atemp><tpx1:hr>120</tpx1:hr><tpx1:cad>86</tpx1:cad></tpx1:TrackPointExtension></extensions></trkpt><trkpt lat="39.033241" lon="-105.079071"><time>2024-08-09T19:54:41.000Z</time><ele>2493.2</ele><extensions><power>153</power><tpx1:TrackPointExtension><tpx1:atemp>14</tpx1:atemp><tpx1:hr>120</tpx1:hr><tpx1:cad>86</tpx1:cad></tpx1:TrackPointExtension></extensions></trkpt><trkpt lat="39.03315" lon="-105.07904"><time>2024-08-09T19:54:42.000Z</time><ele>2492.8</ele><extensions><power>150</power><tpx1:TrackPointExtension><tpx1:atemp>14</tpx1:atemp><tpx1:hr>120</tpx1:hr><tpx1:cad>87</tpx1:cad></tpx1:TrackPointExtension></extensions></trkpt><trkpt lat="39.033054" lon="-105.079018"><time>2024-08-09T19:54:43.000Z</time><ele>2492.6</ele><extensions><power>157</power><tpx1:TrackPointExtension><tpx1:atemp>14</tpx1:atemp><tpx1:hr>121</tpx1:hr><tpx1:cad>86</tpx1:cad></tpx1:TrackPointExtension></extensions></trkpt><trkpt lat="39.032959" lon="-105.078995"><time>2024-08-09T19:54:44.000Z</time><ele>2492.6</ele><extensions><power>177</power><tpx1:TrackPointExtension><tpx1:atemp>14</tpx1:atemp><tpx1:hr>121</tpx1:hr><tpx1:cad>87</tpx1:cad></tpx1:TrackPointExtension></extensions></trkpt><trkpt lat="39.032867" lon="-105.078979"><time>2024-08-09T19:54:45.000Z</time><ele>2492.4</ele><extensions><power>176</power><tpx1:TrackPointExtension><tpx1:atemp>14</tpx1:atemp><tpx1:hr>122</tpx1:hr><tpx1:cad>87</tpx1:cad></tpx1:TrackPointExtension></extensions></trkpt><trkpt lat="39.032772" lon="-105.078957"><time>2024-08-09T19:54:46.000Z</time><ele>2492.2</ele><extensions><power>182</power><tpx1:TrackPointExtension><tpx1:atemp>14</tpx1:atemp><tpx1:hr>122</tpx1:hr><tpx1:cad>86</tpx1:cad></tpx1:TrackPointExtension></extensions></trkpt><trkpt lat="39.032677" lon="-105.078941"><time>2024-08-09T19:54:47.000Z</time><ele>2492.4</ele><extensions><power>198</power><tpx1:TrackPointExtension><tpx1:atemp>14</tpx1:atemp><tpx1:hr>122</tpx1:hr><tpx1:cad>86</tpx1:cad></tpx1:TrackPointExtension></extensions></trkpt><trkpt lat="39.032581" lon="-105.078911"><time>2024-08-09T19:54:48.000Z</time><ele>2492.4</ele><extensions><power>202</power><tpx1:TrackPointExtension><tpx1:atemp>14</tpx1:atemp><tpx1:hr>121</tpx1:hr><tpx1:cad>85</tpx1:cad></tpx1:TrackPointExtension></extensions></trkpt><trkpt lat="39.032486" lon="-105.078888"><time>2024-08-09T19:54:49.000Z</time><ele>2492.2</ele><extensions><power>206</power><tpx1:TrackPointExtension><tpx1:atemp>14</tpx1:atemp><tpx1:hr>120</tpx1:hr><tpx1:cad>86</tpx1:cad></tpx1:TrackPointExtension></extensions></trkpt><trkpt lat="39.032394" lon="-105.078873"><time>2024-08-09T19:54:50.000Z</time><ele>2492.2</ele><extensions><power>199</power><tpx1:TrackPointExtension><tpx1:atemp>14</tpx1:atemp><tpx1:hr>120</tpx1:hr><tpx1:cad>84</tpx1:cad></tpx1:TrackPointExtension></extensions></trkpt><trkpt lat="39.032299" lon="-105.078842"><time>2024-08-09T19:54:51.000Z</time><ele>2492.2</ele><extensions><power>197</power><tpx1:TrackPointExtension><tpx1:atemp>14</tpx1:atemp><tpx1:hr>120</tpx1:hr><tpx1:cad>86</tpx1:cad></tpx1:TrackPointExtension></extensions></trkpt><trkpt lat="39.032207" lon="-105.078819"><time>2024-08-09T19:54:52.000Z</time><ele>2492.2</ele><extensions><power>220</power><tpx1:TrackPointExtension><tpx1:atemp>14</tpx1:atemp><tpx1:hr>120</tpx1:hr><tpx1:cad>80</tpx1:cad></tpx1:TrackPointExtension></extensions></trkpt><trkpt lat="39.03212" lon="-105.078804"><time>2024-08-09T19:54:53.000Z</time><ele>2492.2</ele><extensions><power>245</power><tpx1:TrackPointExtension><tpx1:atemp>14</tpx1:atemp><tpx1:hr>120</tpx1:hr><tpx1:cad>84</tpx1:cad></tpx1:TrackPointExtension></extensions></trkpt><trkpt lat="39.032032" lon="-105.078773"><time>2024-08-09T19:54:54.000Z</time><ele>2492.2</ele><extensions><power>291</power><tpx1:TrackPointExtension><tpx1:atemp>14</tpx1:atemp><tpx1:hr>120</tpx1:hr><tpx1:cad>81</tpx1:cad></tpx1:TrackPointExtension></extensions></trkpt><trkpt lat="39.031944" lon="-105.078751"><time>2024-08-09T19:54:55.000Z</time><ele>2492.4</ele><extensions><power>266</power><tpx1:TrackPointExtension><tpx1:atemp>14</tpx1:atemp><tpx1:hr>120</tpx1:hr><tpx1:cad>83</tpx1:cad></tpx1:TrackPointExtension></extensions></trkpt><trkpt lat="39.031853" lon="-105.078728"><time>2024-08-09T19:54:56.000Z</time><ele>2492.4</ele><extensions><power>234</power><tpx1:TrackPointExtension><tpx1:atemp>14</tpx1:atemp><tpx1:hr>120</tpx1:hr><tpx1:cad>82</tpx1:cad></tpx1:TrackPointExtension></extensions></trkpt><trkpt lat="39.031761" lon="-105.078697"><time>2024-08-09T19:54:57.000Z</time><ele>2492.4</ele><extensions><power>206</power><tpx1:TrackPointExtension><tpx1:atemp>14</tpx1:atemp><tpx1:hr>121</tpx1:hr><tpx1:cad>88</tpx1:cad></tpx1:TrackPointExtension></extensions></trkpt><trkpt lat="39.031677" lon="-105.078674"><time>2024-08-09T19:54:58.000Z</time><ele>2492.6</ele><extensions><power>208</power><tpx1:TrackPointExtension><tpx1:atemp>14</tpx1:atemp><tpx1:hr>122</tpx1:hr><tpx1:cad>91</tpx1:cad></tpx1:TrackPointExtension></extensions></trkpt><trkpt lat="39.031589" lon="-105.078644"><time>2024-08-09T19:54:59.000Z</time><ele>2492.6</ele><extensions><power>203</power><tpx1:TrackPointExtension><tpx1:atemp>14</tpx1:atemp><tpx1:hr>123</tpx1:hr><tpx1:cad>91</tpx1:cad></tpx1:TrackPointExtension></extensions></trkpt><trkpt lat="39.031506" lon="-105.078621"><time>2024-08-09T19:55:00.000Z</time><ele>2492.6</ele><extensions><power>198</power><tpx1:TrackPointExtension><tpx1:atemp>14</tpx1:atemp><tpx1:hr>123</tpx1:hr><tpx1:cad>89</tpx1:cad></tpx1:TrackPointExtension></extensions></trkpt><trkpt lat="39.031422" lon="-105.07859"><time>2024-08-09T19:55:01.000Z</time><ele>2492.6</ele><extensions><power>196</power><tpx1:TrackPointExtension><tpx1:atemp>14</tpx1:atemp><tpx1:hr>123</tpx1:hr><tpx1:cad>89</tpx1:cad></tpx1:TrackPointExtension></extensions></trkpt><trkpt lat="39.031338" lon="-105.078567"><time>2024-08-09T19:55:02.000Z</time><ele>2492.8</ele><extensions><power>196</power><tpx1:TrackPointExtension><tpx1:atemp>14</tpx1:atemp><tpx1:hr>123</tpx1:hr><tpx1:cad>88</tpx1:cad></tpx1:TrackPointExtension></extensions></trkpt><trkpt lat="39.031254" lon="-105.078537"><time>2024-08-09T19:55:03.000Z</time><ele>2492.8</ele><extensions><power>193</power><tpx1:TrackPointExtension><tpx1:atemp>14</tpx1:atemp><tpx1:hr>123</tpx1:hr><tpx1:cad>89</tpx1:cad></tpx1:TrackPointExtension></extensions></trkpt><trkpt lat="39.03117" lon="-105.078506"><time>2024-08-09T19:55:04.000Z</time><ele>2492.8</ele><extensions><power>201</power><tpx1:TrackPointExtension><tpx1:atemp>14</tpx1:atemp><tpx1:hr>122</tpx1:hr><tpx1:cad>88</tpx1:cad></tpx1:TrackPointExtension></extensions></trkpt><trkpt lat="39.031086" lon="-105.078484"><time>2024-08-09T19:55:05.000Z</time><ele>2492.8</ele><extensions><power>203</power><tpx1:TrackPointExtension><tpx1:atemp>14</tpx1:atemp><tpx1:hr>122</tpx1:hr><tpx1:cad>89</tpx1:cad></tpx1:TrackPointExtension></extensions></trkpt><trkpt lat="39.031006" lon="-105.078453"><time>2024-08-09T19:55:06.000Z</time><ele>2492.8</ele><extensions><power>204</power><tpx1:TrackPointExtension><tpx1:atemp>14</tpx1:atemp><tpx1:hr>121</tpx1:hr><tpx1:cad>88</tpx1:cad></tpx1:TrackPointExtension></extensions></trkpt><trkpt lat="39.030922" lon="-105.078423"><time>2024-08-09T19:55:07.000Z</time><ele>2492.8</ele><extensions><power>212</power><tpx1:TrackPointExtension><tpx1:atemp>14</tpx1:atemp><tpx1:hr>121</tpx1:hr><tpx1:cad>87</tpx1:cad></tpx1:TrackPointExtension></extensions></trkpt><trkpt lat="39.030842" lon="-105.078392"><time>2024-08-09T19:55:08.000Z</time><ele>2492.8</ele><extensions><power>223</power><tpx1:TrackPointExtension><tpx1:atemp>14</tpx1:atemp><tpx1:hr>121</tpx1:hr><tpx1:cad>87</tpx1:cad></tpx1:TrackPointExtension></extensions></trkpt><trkpt lat="39.030758" lon="-105.078361"><time>2024-08-09T19:55:09.000Z</time><ele>2492.8</ele><extensions><power>224</power><tpx1:TrackPointExtension><tpx1:atemp>14</tpx1:atemp><tpx1:hr>120</tpx1:hr><tpx1:cad>88</tpx1:cad></tpx1:TrackPointExtension></extensions></trkpt><trkpt lat="39.030678" lon="-105.078323"><time>2024-08-09T19:55:10.000Z</time><ele>2492.8</ele><extensions><power>209</power><tpx1:TrackPointExtension><tpx1:atemp>14</tpx1:atemp><tpx1:hr>120</tpx1:hr><tpx1:cad>87</tpx1:cad></tpx1:TrackPointExtension></extensions></trkpt><trkpt lat="39.030598" lon="-105.078293"><time>2024-08-09T19:55:11.000Z</time><ele>2492.6</ele><extensions><power>204</power><tpx1:TrackPointExtension><tpx1:atemp>14</tpx1:atemp><tpx1:hr>120</tpx1:hr><tpx1:cad>87</tpx1:cad></tpx1:TrackPointExtension></extensions></trkpt><trkpt lat="39.030521" lon="-105.078262"><time>2024-08-09T19:55:12.000Z</time><ele>2492.8</ele><extensions><power>204</power><tpx1:TrackPointExtension><tpx1:atemp>14</tpx1:atemp><tpx1:hr>120</tpx1:hr><tpx1:cad>86</tpx1:cad></tpx1:TrackPointExtension></extensions></trkpt><trkpt lat="39.030441" lon="-105.078224"><time>2024-08-09T19:55:13.000Z</time><ele>2492.8</ele><extensions><power>211</power><tpx1:TrackPointExtension><tpx1:atemp>14</tpx1:atemp><tpx1:hr>120</tpx1:hr><tpx1:cad>85</tpx1:cad></tpx1:TrackPointExtension></extensions></trkpt><trkpt lat="39.030365" lon="-105.078194"><time>2024-08-09T19:55:14.000Z</time><ele>2493</ele><extensions><power>219</power><tpx1:TrackPointExtension><tpx1:atemp>14</tpx1:atemp><tpx1:hr>120</tpx1:hr><tpx1:cad>85</tpx1:cad></tpx1:TrackPointExtension></extensions></trkpt><trkpt lat="39.030289" lon="-105.078163"><time>2024-08-09T19:55:15.000Z</time><ele>2492.8</ele><extensions><power>246</power><tpx1:TrackPointExtension><tpx1:atemp>14</tpx1:atemp><tpx1:hr>120</tpx1:hr><tpx1:cad>84</tpx1:cad></tpx1:TrackPointExtension></extensions></trkpt><trkpt lat="39.030212" lon="-105.078125"><time>2024-08-09T19:55:16.000Z</time><ele>2492.6</ele><extensions><power>238</power><tpx1:TrackPointExtension><tpx1:atemp>14</tpx1:atemp><tpx1:hr>121</tpx1:hr><tpx1:cad>83</tpx1:cad></tpx1:TrackPointExtension></extensions></trkpt><trkpt lat="39.030136" lon="-105.078094"><time>2024-08-09T19:55:17.000Z</time><ele>2492.6</ele><extensions><power>231</power><tpx1:TrackPointExtension><tpx1:atemp>14</tpx1:atemp><tpx1:hr>121</tpx1:hr><tpx1:cad>90</tpx1:cad></tpx1:TrackPointExtension></extensions></trkpt><trkpt lat="39.03006" lon="-105.078056"><time>2024-08-09T19:55:18.000Z</time><ele>2492.6</ele><extensions><power>228</power><tpx1:TrackPointExtension><tpx1:atemp>14</tpx1:atemp><tpx1:hr>122</tpx1:hr><tpx1:cad>91</tpx1:cad></tpx1:TrackPointExtension></extensions></trkpt><trkpt lat="39.029987" lon="-105.078026"><time>2024-08-09T19:55:19.000Z</time><ele>2492.6</ele><extensions><power>211</power><tpx1:TrackPointExtension><tpx1:atemp>14</tpx1:atemp><tpx1:hr>123</tpx1:hr><tpx1:cad>89</tpx1:cad></tpx1:TrackPointExtension></extensions></trkpt><trkpt lat="39.029919" lon="-105.077995"><time>2024-08-09T19:55:20.000Z</time><ele>2492.6</ele><extensions><power>207</power><tpx1:TrackPointExtension><tpx1:atemp>14</tpx1:atemp><tpx1:hr>123</tpx1:hr><tpx1:cad>89</tpx1:cad></tpx1:TrackPointExtension></extensions></trkpt><trkpt lat="39.029842" lon="-105.077957"><time>2024-08-09T19:55:21.000Z</time><ele>2492.6</ele><extensions><power>236</power><tpx1:TrackPointExtension><tpx1:atemp>14</tpx1:atemp><tpx1:hr>124</tpx1:hr><tpx1:cad>89</tpx1:cad></tpx1:TrackPointExtension></extensions></trkpt><trkpt lat="39.02977" lon="-105.077927"><time>2024-08-09T19:55:22.000Z</time><ele>2492.6</ele><extensions><power>245</power><tpx1:TrackPointExtension><tpx1:atemp>14</tpx1:atemp><tpx1:hr>124</tpx1:hr><tpx1:cad>90</tpx1:cad></tpx1:TrackPointExtension></extensions></trkpt><trkpt lat="39.029697" lon="-105.077888"><time>2024-08-09T19:55:23.000Z</time><ele>2492.6</ele><extensions><power>243</power><tpx1:TrackPointExtension><tpx1:atemp>14</tpx1:atemp><tpx1:hr>125</tpx1:hr><tpx1:cad>88</tpx1:cad></tpx1:TrackPointExtension></extensions></trkpt><trkpt lat="39.029625" lon="-105.07785"><time>2024-08-09T19:55:24.000Z</time><ele>2492.6</ele><extensions><power>230</power><tpx1:TrackPointExtension><tpx1:atemp>14</tpx1:atemp><tpx1:hr>125</tpx1:hr><tpx1:cad>88</tpx1:cad></tpx1:TrackPointExtension></extensions></trkpt><trkpt lat="39.029556" lon="-105.077812"><time>2024-08-09T19:55:25.000Z</time><ele>2492.4</ele><extensions><power>245</power><tpx1:TrackPointExtension><tpx1:atemp>14</tpx1:atemp><tpx1:hr>125</tpx1:hr><tpx1:cad>87</tpx1:cad></tpx1:TrackPointExtension></extensions></trkpt><trkpt lat="39.029484" lon="-105.077782"><time>2024-08-09T19:55:26.000Z</time><ele>2492.4</ele><extensions><power>247</power><tpx1:TrackPointExtension><tpx1:atemp>14</tpx1:atemp><tpx1:hr>125</tpx1:hr><tpx1:cad>86</tpx1:cad></tpx1:TrackPointExtension></extensions></trkpt><trkpt lat="39.029415" lon="-105.077744"><time>2024-08-09T19:55:27.000Z</time><ele>2492.2</ele><extensions><power>236</power><tpx1:TrackPointExtension><tpx1:atemp>14</tpx1:atemp><tpx1:hr>126</tpx1:hr><tpx1:cad>88</tpx1:cad></tpx1:TrackPointExtension></extensions></trkpt><trkpt lat="39.029343" lon="-105.077705"><time>2024-08-09T19:55:28.000Z</time><ele>2492.2</ele><extensions><power>237</power><tpx1:TrackPointExtension><tpx1:atemp>14</tpx1:atemp><tpx1:hr>126</tpx1:hr><tpx1:cad>89</tpx1:cad></tpx1:TrackPointExtension></extensions></trkpt><trkpt lat="39.02927" lon="-105.077667"><time>2024-08-09T19:55:29.000Z</time><ele>2492</ele><extensions><power>235</power><tpx1:TrackPointExtension><tpx1:atemp>14</tpx1:atemp><tpx1:hr>126</tpx1:hr><tpx1:cad>87</tpx1:cad></tpx1:TrackPointExtension></extensions></trkpt><trkpt lat="39.029201" lon="-105.077621"><time>2024-08-09T19:55:30.000Z</time><ele>2492</ele><extensions><power>232</power><tpx1:TrackPointExtension><tpx1:atemp>14</tpx1:atemp><tpx1:hr>126</tpx1:hr><tpx1:cad>90</tpx1:cad></tpx1:TrackPointExtension></extensions></trkpt><trkpt lat="39.029129" lon="-105.077583"><time>2024-08-09T19:55:31.000Z</time><ele>2492</ele><extensions><power>233</power><tpx1:TrackPointExtension><tpx1:atemp>14</tpx1:atemp><tpx1:hr>126</tpx1:hr><tpx1:cad>88</tpx1:cad></tpx1:TrackPointExtension></extensions></trkpt><trkpt lat="39.029057" lon="-105.077545"><time>2024-08-09T19:55:32.000Z</time><ele>2492</ele><extensions><power>219</power><tpx1:TrackPointExtension><tpx1:atemp>14</tpx1:atemp><tpx1:hr>126</tpx1:hr><tpx1:cad>91</tpx1:cad></tpx1:TrackPointExtension></extensions></trkpt><trkpt lat="39.028988" lon="-105.077499"><time>2024-08-09T19:55:33.000Z</time><ele>2492</ele><extensions><power>208</power><tpx1:TrackPointExtension><tpx1:atemp>14</tpx1:atemp><tpx1:hr>126</tpx1:hr><tpx1:cad>90</tpx1:cad></tpx1:TrackPointExtension></extensions></trkpt><trkpt lat="39.028915" lon="-105.077461"><time>2024-08-09T19:55:34.000Z</time><ele>2492.2</ele><extensions><power>208</power><tpx1:TrackPointExtension><tpx1:atemp>14</tpx1:atemp><tpx1:hr>126</tpx1:hr><tpx1:cad>92</tpx1:cad></tpx1:TrackPointExtension></extensions></trkpt><trkpt lat="39.028843" lon="-105.077415"><time>2024-08-09T19:55:35.000Z</time><ele>2492.2</ele><extensions><power>195</power><tpx1:TrackPointExtension><tpx1:atemp>14</tpx1:atemp><tpx1:hr>127</tpx1:hr><tpx1:cad>92</tpx1:cad></tpx1:TrackPointExtension></extensions></trkpt><trkpt lat="39.02877" lon="-105.07737"><time>2024-08-09T19:55:36.000Z</time><ele>2492.2</ele><extensions><power>194</power><tpx1:TrackPointExtension><tpx1:atemp>14</tpx1:atemp><tpx1:hr>127</tpx1:hr><tpx1:cad>93</tpx1:cad></tpx1:TrackPointExtension></extensions></trkpt><trkpt lat="39.028698" lon="-105.077324"><time>2024-08-09T19:55:37.000Z</time><ele>2492.4</ele><extensions><power>204</power><tpx1:TrackPointExtension><tpx1:atemp>14</tpx1:atemp><tpx1:hr>127</tpx1:hr><tpx1:cad>93</tpx1:cad></tpx1:TrackPointExtension></extensions></trkpt><trkpt lat="39.028622" lon="-105.077278"><time>2024-08-09T19:55:38.000Z</time><ele>2492.4</ele><extensions><power>214</power><tpx1:TrackPointExtension><tpx1:atemp>14</tpx1:atemp><tpx1:hr>127</tpx1:hr><tpx1:cad>93</tpx1:cad></tpx1:TrackPointExtension></extensions></trkpt><trkpt lat="39.028549" lon="-105.07724"><time>2024-08-09T19:55:39.000Z</time><ele>2492.4</ele><extensions><power>285</power><tpx1:TrackPointExtension><tpx1:atemp>14</tpx1:atemp><tpx1:hr>126</tpx1:hr><tpx1:cad>97</tpx1:cad></tpx1:TrackPointExtension></extensions></trkpt><trkpt lat="39.028469" lon="-105.077187"><time>2024-08-09T19:55:40.000Z</time><ele>2492.6</ele><extensions><power>381</power><tpx1:TrackPointExtension><tpx1:atemp>14</tpx1:atemp><tpx1:hr>126</tpx1:hr><tpx1:cad>96</tpx1:cad></tpx1:TrackPointExtension></extensions></trkpt><trkpt lat="39.028385" lon="-105.077133"><time>2024-08-09T19:55:41.000Z</time><ele>2492.8</ele><extensions><power>663</power><tpx1:TrackPointExtension><tpx1:atemp>14</tpx1:atemp><tpx1:hr>127</tpx1:hr><tpx1:cad>112</tpx1:cad></tpx1:TrackPointExtension></extensions></trkpt><trkpt lat="39.028294" lon="-105.077072"><time>2024-08-09T19:55:42.000Z</time><ele>2492.8</ele><extensions><power>728</power><tpx1:TrackPointExtension><tpx1:atemp>14</tpx1:atemp><tpx1:hr>129</tpx1:hr><tpx1:cad>107</tpx1:cad></tpx1:TrackPointExtension></extensions></trkpt><trkpt lat="39.028198" lon="-105.077011"><time>2024-08-09T19:55:43.000Z</time><ele>2492.8</ele><extensions><power>813</power><tpx1:TrackPointExtension><tpx1:atemp>14</tpx1:atemp><tpx1:hr>133</tpx1:hr><tpx1:cad>103</tpx1:cad></tpx1:TrackPointExtension></extensions></trkpt><trkpt lat="39.028103" lon="-105.07695"><time>2024-08-09T19:55:44.000Z</time><ele>2492.6</ele><extensions><power>945</power><tpx1:TrackPointExtension><tpx1:atemp>14</tpx1:atemp><tpx1:hr>133</tpx1:hr><tpx1:cad>108</tpx1:cad></tpx1:TrackPointExtension></extensions></trkpt><trkpt lat="39.028011" lon="-105.076889"><time>2024-08-09T19:55:45.000Z</time><ele>2492.6</ele><extensions><power>808</power><tpx1:TrackPointExtension><tpx1:atemp>14</tpx1:atemp><tpx1:hr>134</tpx1:hr><tpx1:cad>111</tpx1:cad></tpx1:TrackPointExtension></extensions></trkpt><trkpt lat="39.027924" lon="-105.07682"><time>2024-08-09T19:55:46.000Z</time><ele>2492.6</ele><extensions><power>539</power><tpx1:TrackPointExtension><tpx1:atemp>14</tpx1:atemp><tpx1:hr>134</tpx1:hr><tpx1:cad>108</tpx1:cad></tpx1:TrackPointExtension></extensions></trkpt><trkpt lat="39.027828" lon="-105.076759"><time>2024-08-09T19:55:47.000Z</time><ele>2492.6</ele><extensions><power>384</power><tpx1:TrackPointExtension><tpx1:atemp>14</tpx1:atemp><tpx1:hr>140</tpx1:hr><tpx1:cad>106</tpx1:cad></tpx1:TrackPointExtension></extensions></trkpt><trkpt lat="39.02774" lon="-105.076698"><time>2024-08-09T19:55:48.000Z</time><ele>2492.8</ele><extensions><power>313</power><tpx1:TrackPointExtension><tpx1:atemp>14</tpx1:atemp><tpx1:hr>144</tpx1:hr><tpx1:cad>104</tpx1:cad></tpx1:TrackPointExtension></extensions></trkpt><trkpt lat="39.027653" lon="-105.076637"><time>2024-08-09T19:55:49.000Z</time><ele>2493</ele><extensions><power>340</power><tpx1:TrackPointExtension><tpx1:atemp>14</tpx1:atemp><tpx1:hr>146</tpx1:hr><tpx1:cad>103</tpx1:cad></tpx1:TrackPointExtension></extensions></trkpt><trkpt lat="39.027565" lon="-105.076569"><time>2024-08-09T19:55:50.000Z</time><ele>2493</ele><extensions><power>315</power><tpx1:TrackPointExtension><tpx1:atemp>14</tpx1:atemp><tpx1:hr>149</tpx1:hr><tpx1:cad>102</tpx1:cad></tpx1:TrackPointExtension></extensions></trkpt><trkpt lat="39.027477" lon="-105.076508"><time>2024-08-09T19:55:51.000Z</time><ele>2493.2</ele><extensions><power>357</power><tpx1:TrackPointExtension><tpx1:atemp>14</tpx1:atemp><tpx1:hr>153</tpx1:hr><tpx1:cad>101</tpx1:cad></tpx1:TrackPointExtension></extensions></trkpt><trkpt lat="39.027397" lon="-105.076439"><time>2024-08-09T19:55:52.000Z</time><ele>2493.2</ele><extensions><power>403</power><tpx1:TrackPointExtension><tpx1:atemp>14</tpx1:atemp><tpx1:hr>155</tpx1:hr><tpx1:cad>102</tpx1:cad></tpx1:TrackPointExtension></extensions></trkpt><trkpt lat="39.027313" lon="-105.076378"><time>2024-08-09T19:55:53.000Z</time><ele>2493.2</ele><extensions><power>420</power><tpx1:TrackPointExtension><tpx1:atemp>14</tpx1:atemp><tpx1:hr>159</tpx1:hr><tpx1:cad>100</tpx1:cad></tpx1:TrackPointExtension></extensions></trkpt><trkpt lat="39.027225" lon="-105.076309"><time>2024-08-09T19:55:54.000Z</time><ele>2493.4</ele><extensions><power>418</power><tpx1:TrackPointExtension><tpx1:atemp>14</tpx1:atemp><tpx1:hr>160</tpx1:hr><tpx1:cad>100</tpx1:cad></tpx1:TrackPointExtension></extensions></trkpt><trkpt lat="39.027138" lon="-105.07624"><time>2024-08-09T19:55:55.000Z</time><ele>2493.6</ele><extensions><power>333</power><tpx1:TrackPointExtension><tpx1:atemp>14</tpx1:atemp><tpx1:hr>161</tpx1:hr><tpx1:cad>102</tpx1:cad></tpx1:TrackPointExtension></extensions></trkpt><trkpt lat="39.027054" lon="-105.076179"><time>2024-08-09T19:55:56.000Z</time><ele>2493.8</ele><extensions><power>274</power><tpx1:TrackPointExtension><tpx1:atemp>14</tpx1:atemp><tpx1:hr>162</tpx1:hr><tpx1:cad>98</tpx1:cad></tpx1:TrackPointExtension></extensions></trkpt><trkpt lat="39.026981" lon="-105.076126"><time>2024-08-09T19:55:57.000Z</time><ele>2493.8</ele><extensions><power>256</power><tpx1:TrackPointExtension><tpx1:atemp>14</tpx1:atemp><tpx1:hr>163</tpx1:hr><tpx1:cad>98</tpx1:cad></tpx1:TrackPointExtension></extensions></trkpt><trkpt lat="39.026909" lon="-105.076065"><time>2024-08-09T19:55:58.000Z</time><ele>2494.2</ele><extensions><power>262</power><tpx1:TrackPointExtension><tpx1:atemp>14</tpx1:atemp><tpx1:hr>163</tpx1:hr><tpx1:cad>94</tpx1:cad></tpx1:TrackPointExtension></extensions></trkpt><trkpt lat="39.026829" lon="-105.076004"><time>2024-08-09T19:55:59.000Z</time><ele>2494.4</ele><extensions><power>264</power><tpx1:TrackPointExtension><tpx1:atemp>14</tpx1:atemp><tpx1:hr>163</tpx1:hr><tpx1:cad>94</tpx1:cad></tpx1:TrackPointExtension></extensions></trkpt><trkpt lat="39.026752" lon="-105.075935"><time>2024-08-09T19:56:00.000Z</time><ele>2494.6</ele><extensions><power>307</power><tpx1:TrackPointExtension><tpx1:atemp>14</tpx1:atemp><tpx1:hr>163</tpx1:hr><tpx1:cad>94</tpx1:cad></tpx1:TrackPointExtension></extensions></trkpt><trkpt lat="39.02668" lon="-105.075874"><time>2024-08-09T19:56:01.000Z</time><ele>2494.8</ele><extensions><power>301</power><tpx1:TrackPointExtension><tpx1:atemp>14</tpx1:atemp><tpx1:hr>163</tpx1:hr><tpx1:cad>98</tpx1:cad></tpx1:TrackPointExtension></extensions></trkpt><trkpt lat="39.026608" lon="-105.075813"><time>2024-08-09T19:56:02.000Z</time><ele>2495.2</ele><extensions><power>267</power><tpx1:TrackPointExtension><tpx1:atemp>14</tpx1:atemp><tpx1:hr>163</tpx1:hr><tpx1:cad>102</tpx1:cad></tpx1:TrackPointExtension></extensions></trkpt><trkpt lat="39.026539" lon="-105.075752"><time>2024-08-09T19:56:03.000Z</time><ele>2495.4</ele><extensions><power>245</power><tpx1:TrackPointExtension><tpx1:atemp>14</tpx1:atemp><tpx1:hr>162</tpx1:hr><tpx1:cad>96</tpx1:cad></tpx1:TrackPointExtension></extensions></trkpt><trkpt lat="39.026474" lon="-105.075699"><time>2024-08-09T19:56:04.000Z</time><ele>2495.6</ele><extensions><power>260</power><tpx1:TrackPointExtension><tpx1:atemp>14</tpx1:atemp><tpx1:hr>162</tpx1:hr><tpx1:cad>94</tpx1:cad></tpx1:TrackPointExtension></extensions></trkpt><trkpt lat="39.026409" lon="-105.075645"><time>2024-08-09T19:56:05.000Z</time><ele>2496</ele><extensions><power>275</power><tpx1:TrackPointExtension><tpx1:atemp>14</tpx1:atemp><tpx1:hr>162</tpx1:hr><tpx1:cad>92</tpx1:cad></tpx1:TrackPointExtension></extensions></trkpt><trkpt lat="39.026344" lon="-105.075584"><time>2024-08-09T19:56:06.000Z</time><ele>2496.2</ele><extensions><power>275</power><tpx1:TrackPointExtension><tpx1:atemp>14</tpx1:atemp><tpx1:hr>162</tpx1:hr><tpx1:cad>95</tpx1:cad></tpx1:TrackPointExtension></extensions></trkpt><trkpt lat="39.026283" lon="-105.075531"><time>2024-08-09T19:56:07.000Z</time><ele>2496.6</ele><extensions><power>288</power><tpx1:TrackPointExtension><tpx1:atemp>14</tpx1:atemp><tpx1:hr>162</tpx1:hr><tpx1:cad>98</tpx1:cad></tpx1:TrackPointExtension></extensions></trkpt><trkpt lat="39.026226" lon="-105.075478"><time>2024-08-09T19:56:08.000Z</time><ele>2497</ele><extensions><power>316</power><tpx1:TrackPointExtension><tpx1:atemp>14</tpx1:atemp><tpx1:hr>162</tpx1:hr><tpx1:cad>94</tpx1:cad></tpx1:TrackPointExtension></extensions></trkpt><trkpt lat="39.026165" lon="-105.075424"><time>2024-08-09T19:56:09.000Z</time><ele>2497.2</ele><extensions><power>328</power><tpx1:TrackPointExtension><tpx1:atemp>14</tpx1:atemp><tpx1:hr>162</tpx1:hr><tpx1:cad>93</tpx1:cad></tpx1:TrackPointExtension></extensions></trkpt><trkpt lat="39.026112" lon="-105.075371"><time>2024-08-09T19:56:10.000Z</time><ele>2497.4</ele><extensions><power>328</power><tpx1:TrackPointExtension><tpx1:atemp>14</tpx1:atemp><tpx1:hr>162</tpx1:hr><tpx1:cad>93</tpx1:cad></tpx1:TrackPointExtension></extensions></trkpt><trkpt lat="39.026054" lon="-105.075317"><time>2024-08-09T19:56:11.000Z</time><ele>2497.8</ele><extensions><power>336</power><tpx1:TrackPointExtension><tpx1:atemp>14</tpx1:atemp><tpx1:hr>162</tpx1:hr><tpx1:cad>98</tpx1:cad></tpx1:TrackPointExtension></extensions></trkpt><trkpt lat="39.025997" lon="-105.075272"><time>2024-08-09T19:56:12.000Z</time><ele>2498.2</ele><extensions><power>362</power><tpx1:TrackPointExtension><tpx1:atemp>14</tpx1:atemp><tpx1:hr>162</tpx1:hr><tpx1:cad>97</tpx1:cad></tpx1:TrackPointExtension></extensions></trkpt><trkpt lat="39.025944" lon="-105.075226"><time>2024-08-09T19:56:13.000Z</time><ele>2498.6</ele><extensions><power>364</power><tpx1:TrackPointExtension><tpx1:atemp>14</tpx1:atemp><tpx1:hr>162</tpx1:hr><tpx1:cad>96</tpx1:cad></tpx1:TrackPointExtension></extensions></trkpt><trkpt lat="39.02589" lon="-105.075172"><time>2024-08-09T19:56:14.000Z</time><ele>2499</ele><extensions><power>323</power><tpx1:TrackPointExtension><tpx1:atemp>14</tpx1:atemp><tpx1:hr>162</tpx1:hr><tpx1:cad>94</tpx1:cad></tpx1:TrackPointExtension></extensions></trkpt><trkpt lat="39.025837" lon="-105.075127"><time>2024-08-09T19:56:15.000Z</time><ele>2499.2</ele><extensions><power>294</power><tpx1:TrackPointExtension><tpx1:atemp>14</tpx1:atemp><tpx1:hr>162</tpx1:hr><tpx1:cad>90</tpx1:cad></tpx1:TrackPointExtension></extensions></trkpt><trkpt lat="39.025787" lon="-105.075081"><time>2024-08-09T19:56:16.000Z</time><ele>2499.6</ele><extensions><power>287</power><tpx1:TrackPointExtension><tpx1:atemp>14</tpx1:atemp><tpx1:hr>162</tpx1:hr><tpx1:cad>93</tpx1:cad></tpx1:TrackPointExtension></extensions></trkpt><trkpt lat="39.025738" lon="-105.075035"><time>2024-08-09T19:56:17.000Z</time><ele>2499.8</ele><extensions><power>281</power><tpx1:TrackPointExtension><tpx1:atemp>14</tpx1:atemp><tpx1:hr>162</tpx1:hr><tpx1:cad>99</tpx1:cad></tpx1:TrackPointExtension></extensions></trkpt><trkpt lat="39.025692" lon="-105.074989"><time>2024-08-09T19:56:18.000Z</time><ele>2500.2</ele><extensions><power>281</power><tpx1:TrackPointExtension><tpx1:atemp>14</tpx1:atemp><tpx1:hr>161</tpx1:hr><tpx1:cad>98</tpx1:cad></tpx1:TrackPointExtension></extensions></trkpt><trkpt lat="39.025642" lon="-105.074943"><time>2024-08-09T19:56:19.000Z</time><ele>2500.4</ele><extensions><power>318</power><tpx1:TrackPointExtension><tpx1:atemp>14</tpx1:atemp><tpx1:hr>161</tpx1:hr><tpx1:cad>95</tpx1:cad></tpx1:TrackPointExtension></extensions></trkpt><trkpt lat="39.025597" lon="-105.074898"><time>2024-08-09T19:56:20.000Z</time><ele>2500.8</ele><extensions><power>380</power><tpx1:TrackPointExtension><tpx1:atemp>14</tpx1:atemp><tpx1:hr>161</tpx1:hr><tpx1:cad>97</tpx1:cad></tpx1:TrackPointExtension></extensions></trkpt><trkpt lat="39.025547" lon="-105.07486"><time>2024-08-09T19:56:21.000Z</time><ele>2501.2</ele><extensions><power>369</power><tpx1:TrackPointExtension><tpx1:atemp>14</tpx1:atemp><tpx1:hr>161</tpx1:hr><tpx1:cad>99</tpx1:cad></tpx1:TrackPointExtension></extensions></trkpt><trkpt lat="39.025501" lon="-105.074814"><time>2024-08-09T19:56:22.000Z</time><ele>2501.6</ele><extensions><power>307</power><tpx1:TrackPointExtension><tpx1:atemp>14</tpx1:atemp><tpx1:hr>161</tpx1:hr><tpx1:cad>97</tpx1:cad></tpx1:TrackPointExtension></extensions></trkpt><trkpt lat="39.025455" lon="-105.074768"><time>2024-08-09T19:56:23.000Z</time><ele>2502</ele><extensions><power>284</power><tpx1:TrackPointExtension><tpx1:atemp>14</tpx1:atemp><tpx1:hr>161</tpx1:hr><tpx1:cad>95</tpx1:cad></tpx1:TrackPointExtension></extensions></trkpt><trkpt lat="39.025406" lon="-105.074722"><time>2024-08-09T19:56:24.000Z</time><ele>2502.2</ele><extensions><power>299</power><tpx1:TrackPointExtension><tpx1:atemp>14</tpx1:atemp><tpx1:hr>161</tpx1:hr><tpx1:cad>95</tpx1:cad></tpx1:TrackPointExtension></extensions></trkpt><trkpt lat="39.02536" lon="-105.074676"><time>2024-08-09T19:56:25.000Z</time><ele>2502.6</ele><extensions><power>309</power><tpx1:TrackPointExtension><tpx1:atemp>14</tpx1:atemp><tpx1:hr>160</tpx1:hr><tpx1:cad>94</tpx1:cad></tpx1:TrackPointExtension></extensions></trkpt><trkpt lat="39.025314" lon="-105.074631"><time>2024-08-09T19:56:26.000Z</time><ele>2502.8</ele><extensions><power>314</power><tpx1:TrackPointExtension><tpx1:atemp>14</tpx1:atemp><tpx1:hr>160</tpx1:hr><tpx1:cad>94</tpx1:cad></tpx1:TrackPointExtension></extensions></trkpt><trkpt lat="39.025269" lon="-105.074585"><time>2024-08-09T19:56:27.000Z</time><ele>2503</ele><extensions><power>325</power><tpx1:TrackPointExtension><tpx1:atemp>14</tpx1:atemp><tpx1:hr>160</tpx1:hr><tpx1:cad>93</tpx1:cad></tpx1:TrackPointExtension></extensions></trkpt><trkpt lat="39.025223" lon="-105.074531"><time>2024-08-09T19:56:28.000Z</time><ele>2503.2</ele><extensions><power>374</power><tpx1:TrackPointExtension><tpx1:atemp>14</tpx1:atemp><tpx1:hr>160</tpx1:hr><tpx1:cad>96</tpx1:cad></tpx1:TrackPointExtension></extensions></trkpt><trkpt lat="39.025177" lon="-105.074486"><time>2024-08-09T19:56:29.000Z</time><ele>2503.4</ele><extensions><power>376</power><tpx1:TrackPointExtension><tpx1:atemp>14</tpx1:atemp><tpx1:hr>160</tpx1:hr><tpx1:cad>95</tpx1:cad></tpx1:TrackPointExtension></extensions></trkpt><trkpt lat="39.025131" lon="-105.07444"><time>2024-08-09T19:56:30.000Z</time><ele>2503.4</ele><extensions><power>355</power><tpx1:TrackPointExtension><tpx1:atemp>14</tpx1:atemp><tpx1:hr>160</tpx1:hr><tpx1:cad>95</tpx1:cad></tpx1:TrackPointExtension></extensions></trkpt><trkpt lat="39.025082" lon="-105.074394"><time>2024-08-09T19:56:31.000Z</time><ele>2503.6</ele><extensions><power>318</power><tpx1:TrackPointExtension><tpx1:atemp>14</tpx1:atemp><tpx1:hr>159</tpx1:hr><tpx1:cad>96</tpx1:cad></tpx1:TrackPointExtension></extensions></trkpt><trkpt lat="39.025036" lon="-105.074341"><time>2024-08-09T19:56:32.000Z</time><ele>2503.8</ele><extensions><power>322</power><tpx1:TrackPointExtension><tpx1:atemp>14</tpx1:atemp><tpx1:hr>159</tpx1:hr><tpx1:cad>97</tpx1:cad></tpx1:TrackPointExtension></extensions></trkpt><trkpt lat="39.02499" lon="-105.074287"><time>2024-08-09T19:56:33.000Z</time><ele>2504</ele><extensions><power>337</power><tpx1:TrackPointExtension><tpx1:atemp>14</tpx1:atemp><tpx1:hr>159</tpx1:hr><tpx1:cad>96</tpx1:cad></tpx1:TrackPointExtension></extensions></trkpt><trkpt lat="39.024944" lon="-105.074242"><time>2024-08-09T19:56:34.000Z</time><ele>2504.2</ele><extensions><power>348</power><tpx1:TrackPointExtension><tpx1:atemp>14</tpx1:atemp><tpx1:hr>158</tpx1:hr><tpx1:cad>97</tpx1:cad></tpx1:TrackPointExtension></extensions></trkpt><trkpt lat="39.024899" lon="-105.074196"><time>2024-08-09T19:56:35.000Z</time><ele>2504.4</ele><extensions><power>345</power><tpx1:TrackPointExtension><tpx1:atemp>14</tpx1:atemp><tpx1:hr>159</tpx1:hr><tpx1:cad>97</tpx1:cad></tpx1:TrackPointExtension></extensions></trkpt><trkpt lat="39.024853" lon="-105.074135"><time>2024-08-09T19:56:36.000Z</time><ele>2504.6</ele><extensions><power>356</power><tpx1:TrackPointExtension><tpx1:atemp>14</tpx1:atemp><tpx1:hr>159</tpx1:hr><tpx1:cad>97</tpx1:cad></tpx1:TrackPointExtension></extensions></trkpt><trkpt lat="39.024807" lon="-105.074089"><time>2024-08-09T19:56:37.000Z</time><ele>2504.6</ele><extensions><power>367</power><tpx1:TrackPointExtension><tpx1:atemp>14</tpx1:atemp><tpx1:hr>160</tpx1:hr><tpx1:cad>97</tpx1:cad></tpx1:TrackPointExtension></extensions></trkpt><trkpt lat="39.024761" lon="-105.074036"><time>2024-08-09T19:56:38.000Z</time><ele>2505</ele><extensions><power>353</power><tpx1:TrackPointExtension><tpx1:atemp>14</tpx1:atemp><tpx1:hr>160</tpx1:hr><tpx1:cad>101</tpx1:cad></tpx1:TrackPointExtension></extensions></trkpt><trkpt lat="39.024715" lon="-105.073982"><time>2024-08-09T19:56:39.000Z</time><ele>2505.2</ele><extensions><power>312</power><tpx1:TrackPointExtension><tpx1:atemp>14</tpx1:atemp><tpx1:hr>160</tpx1:hr><tpx1:cad>99</tpx1:cad></tpx1:TrackPointExtension></extensions></trkpt><trkpt lat="39.02467" lon="-105.073936"><time>2024-08-09T19:56:40.000Z</time><ele>2505.4</ele><extensions><power>297</power><tpx1:TrackPointExtension><tpx1:atemp>14</tpx1:atemp><tpx1:hr>160</tpx1:hr><tpx1:cad>102</tpx1:cad></tpx1:TrackPointExtension></extensions></trkpt><trkpt lat="39.024624" lon="-105.073875"><time>2024-08-09T19:56:41.000Z</time><ele>2505.6</ele><extensions><power>272</power><tpx1:TrackPointExtension><tpx1:atemp>14</tpx1:atemp><tpx1:hr>159</tpx1:hr><tpx1:cad>100</tpx1:cad></tpx1:TrackPointExtension></extensions></trkpt><trkpt lat="39.024578" lon="-105.073822"><time>2024-08-09T19:56:42.000Z</time><ele>2505.6</ele><extensions><power>237</power><tpx1:TrackPointExtension><tpx1:atemp>14</tpx1:atemp><tpx1:hr>159</tpx1:hr><tpx1:cad>100</tpx1:cad></tpx1:TrackPointExtension></extensions></trkpt><trkpt lat="39.024532" lon="-105.073769"><time>2024-08-09T19:56:43.000Z</time><ele>2505.8</ele><extensions><power>242</power><tpx1:TrackPointExtension><tpx1:atemp>14</tpx1:atemp><tpx1:hr>158</tpx1:hr><tpx1:cad>99</tpx1:cad></tpx1:TrackPointExtension></extensions></trkpt><trkpt lat="39.024486" lon="-105.073715"><time>2024-08-09T19:56:44.000Z</time><ele>2506</ele><extensions><power>249</power><tpx1:TrackPointExtension><tpx1:atemp>14</tpx1:atemp><tpx1:hr>159</tpx1:hr><tpx1:cad>100</tpx1:cad></tpx1:TrackPointExtension></extensions></trkpt><trkpt lat="39.024445" lon="-105.073662"><time>2024-08-09T19:56:45.000Z</time><ele>2506.2</ele><extensions><power>269</power><tpx1:TrackPointExtension><tpx1:atemp>14</tpx1:atemp><tpx1:hr>159</tpx1:hr><tpx1:cad>99</tpx1:cad></tpx1:TrackPointExtension></extensions></trkpt><trkpt lat="39.024399" lon="-105.073601"><time>2024-08-09T19:56:46.000Z</time><ele>2506.2</ele><extensions><power>269</power><tpx1:TrackPointExtension><tpx1:atemp>14</tpx1:atemp><tpx1:hr>159</tpx1:hr><tpx1:cad>101</tpx1:cad></tpx1:TrackPointExtension></extensions></trkpt><trkpt lat="39.024353" lon="-105.073547"><time>2024-08-09T19:56:47.000Z</time><ele>2506.4</ele><extensions><power>260</power><tpx1:TrackPointExtension><tpx1:atemp>14</tpx1:atemp><tpx1:hr>159</tpx1:hr><tpx1:cad>100</tpx1:cad></tpx1:TrackPointExtension></extensions></trkpt><trkpt lat="39.024311" lon="-105.073494"><time>2024-08-09T19:56:48.000Z</time><ele>2506.4</ele><extensions><power>227</power><tpx1:TrackPointExtension><tpx1:atemp>14</tpx1:atemp><tpx1:hr>159</tpx1:hr><tpx1:cad>97</tpx1:cad></tpx1:TrackPointExtension></extensions></trkpt><trkpt lat="39.024265" lon="-105.073433"><time>2024-08-09T19:56:49.000Z</time><ele>2506.6</ele><extensions><power>209</power><tpx1:TrackPointExtension><tpx1:atemp>14</tpx1:atemp><tpx1:hr>159</tpx1:hr><tpx1:cad>87</tpx1:cad></tpx1:TrackPointExtension></extensions></trkpt><trkpt lat="39.02422" lon="-105.073372"><time>2024-08-09T19:56:50.000Z</time><ele>2506.8</ele><extensions><power>195</power><tpx1:TrackPointExtension><tpx1:atemp>14</tpx1:atemp><tpx1:hr>158</tpx1:hr><tpx1:cad>85</tpx1:cad></tpx1:TrackPointExtension></extensions></trkpt><trkpt lat="39.024178" lon="-105.073318"><time>2024-08-09T19:56:51.000Z</time><ele>2506.8</ele><extensions><power>202</power><tpx1:TrackPointExtension><tpx1:atemp>14</tpx1:atemp><tpx1:hr>158</tpx1:hr><tpx1:cad>90</tpx1:cad></tpx1:TrackPointExtension></extensions></trkpt><trkpt lat="39.024132" lon="-105.073257"><time>2024-08-09T19:56:52.000Z</time><ele>2507</ele><extensions><power>214</power><tpx1:TrackPointExtension><tpx1:atemp>14</tpx1:atemp><tpx1:hr>158</tpx1:hr><tpx1:cad>90</tpx1:cad></tpx1:TrackPointExtension></extensions></trkpt><trkpt lat="39.024086" lon="-105.073196"><time>2024-08-09T19:56:53.000Z</time><ele>2507</ele><extensions><power>211</power><tpx1:TrackPointExtension><tpx1:atemp>14</tpx1:atemp><tpx1:hr>157</tpx1:hr><tpx1:cad>91</tpx1:cad></tpx1:TrackPointExtension></extensions></trkpt><trkpt lat="39.02404" lon="-105.073143"><time>2024-08-09T19:56:54.000Z</time><ele>2507</ele><extensions><power>206</power><tpx1:TrackPointExtension><tpx1:atemp>14</tpx1:atemp><tpx1:hr>157</tpx1:hr><tpx1:cad>91</tpx1:cad></tpx1:TrackPointExtension></extensions></trkpt><trkpt lat="39.023998" lon="-105.073082"><time>2024-08-09T19:56:55.000Z</time><ele>2507.2</ele><extensions><power>205</power><tpx1:TrackPointExtension><tpx1:atemp>14</tpx1:atemp><tpx1:hr>157</tpx1:hr><tpx1:cad>90</tpx1:cad></tpx1:TrackPointExtension></extensions></trkpt><trkpt lat="39.023952" lon="-105.073021"><time>2024-08-09T19:56:56.000Z</time><ele>2507.2</ele><extensions><power>211</power><tpx1:TrackPointExtension><tpx1:atemp>14</tpx1:atemp><tpx1:hr>157</tpx1:hr><tpx1:cad>91</tpx1:cad></tpx1:TrackPointExtension></extensions></trkpt><trkpt lat="39.023907" lon="-105.07296"><time>2024-08-09T19:56:57.000Z</time><ele>2507.2</ele><extensions><power>219</power><tpx1:TrackPointExtension><tpx1:atemp>14</tpx1:atemp><tpx1:hr>157</tpx1:hr><tpx1:cad>91</tpx1:cad></tpx1:TrackPointExtension></extensions></trkpt><trkpt lat="39.023865" lon="-105.072899"><time>2024-08-09T19:56:58.000Z</time><ele>2507.4</ele><extensions><power>228</power><tpx1:TrackPointExtension><tpx1:atemp>14</tpx1:atemp><tpx1:hr>155</tpx1:hr><tpx1:cad>91</tpx1:cad></tpx1:TrackPointExtension></extensions></trkpt><trkpt lat="39.023819" lon="-105.072838"><time>2024-08-09T19:56:59.000Z</time><ele>2507.6</ele><extensions><power>233</power><tpx1:TrackPointExtension><tpx1:atemp>14</tpx1:atemp><tpx1:hr>155</tpx1:hr><tpx1:cad>91</tpx1:cad></tpx1:TrackPointExtension></extensions></trkpt><trkpt lat="39.023773" lon="-105.072777"><time>2024-08-09T19:57:00.000Z</time><ele>2507.6</ele><extensions><power>247</power><tpx1:TrackPointExtension><tpx1:atemp>14</tpx1:atemp><tpx1:hr>153</tpx1:hr><tpx1:cad>90</tpx1:cad></tpx1:TrackPointExtension></extensions></trkpt><trkpt lat="39.023731" lon="-105.072716"><time>2024-08-09T19:57:01.000Z</time><ele>2507.6</ele><extensions><power>260</power><tpx1:TrackPointExtension><tpx1:atemp>14</tpx1:atemp><tpx1:hr>152</tpx1:hr><tpx1:cad>91</tpx1:cad></tpx1:TrackPointExtension></extensions></trkpt><trkpt lat="39.023685" lon="-105.072662"><time>2024-08-09T19:57:02.000Z</time><ele>2507.6</ele><extensions><power>259</power><tpx1:TrackPointExtension><tpx1:atemp>14</tpx1:atemp><tpx1:hr>152</tpx1:hr><tpx1:cad>93</tpx1:cad></tpx1:TrackPointExtension></extensions></trkpt><trkpt lat="39.02364" lon="-105.072594"><time>2024-08-09T19:57:03.000Z</time><ele>2507.4</ele><extensions><power>249</power><tpx1:TrackPointExtension><tpx1:atemp>14</tpx1:atemp><tpx1:hr>152</tpx1:hr><tpx1:cad>93</tpx1:cad></tpx1:TrackPointExtension></extensions></trkpt><trkpt lat="39.023598" lon="-105.072533"><time>2024-08-09T19:57:04.000Z</time><ele>2507.4</ele><extensions><power>256</power><tpx1:TrackPointExtension><tpx1:atemp>14</tpx1:atemp><tpx1:hr>151</tpx1:hr><tpx1:cad>93</tpx1:cad></tpx1:TrackPointExtension></extensions></trkpt><trkpt lat="39.023552" lon="-105.072464"><time>2024-08-09T19:57:05.000Z</time><ele>2507.4</ele><extensions><power>229</power><tpx1:TrackPointExtension><tpx1:atemp>14</tpx1:atemp><tpx1:hr>151</tpx1:hr><tpx1:cad>96</tpx1:cad></tpx1:TrackPointExtension></extensions></trkpt><trkpt lat="39.023506" lon="-105.072403"><time>2024-08-09T19:57:06.000Z</time><ele>2507.6</ele><extensions><power>218</power><tpx1:TrackPointExtension><tpx1:atemp>14</tpx1:atemp><tpx1:hr>150</tpx1:hr><tpx1:cad>95</tpx1:cad></tpx1:TrackPointExtension></extensions></trkpt><trkpt lat="39.023464" lon="-105.072334"><time>2024-08-09T19:57:07.000Z</time><ele>2507.6</ele><extensions><power>210</power><tpx1:TrackPointExtension><tpx1:atemp>14</tpx1:atemp><tpx1:hr>149</tpx1:hr><tpx1:cad>96</tpx1:cad></tpx1:TrackPointExtension></extensions></trkpt><trkpt lat="39.023418" lon="-105.072266"><time>2024-08-09T19:57:08.000Z</time><ele>2507.8</ele><extensions><power>200</power><tpx1:TrackPointExtension><tpx1:atemp>14</tpx1:atemp><tpx1:hr>147</tpx1:hr><tpx1:cad>97</tpx1:cad></tpx1:TrackPointExtension></extensions></trkpt><trkpt lat="39.023376" lon="-105.072197"><time>2024-08-09T19:57:09.000Z</time><ele>2507.8</ele><extensions><power>194</power><tpx1:TrackPointExtension><tpx1:atemp>14</tpx1:atemp><tpx1:hr>147</tpx1:hr><tpx1:cad>97</tpx1:cad></tpx1:TrackPointExtension></extensions></trkpt><trkpt lat="39.023331" lon="-105.072128"><time>2024-08-09T19:57:10.000Z</time><ele>2507.6</ele><extensions><power>194</power><tpx1:TrackPointExtension><tpx1:atemp>14</tpx1:atemp><tpx1:hr>145</tpx1:hr><tpx1:cad>96</tpx1:cad></tpx1:TrackPointExtension></extensions></trkpt><trkpt lat="39.023289" lon="-105.07206"><time>2024-08-09T19:57:11.000Z</time><ele>2507.6</ele><extensions><power>203</power><tpx1:TrackPointExtension><tpx1:atemp>14</tpx1:atemp><tpx1:hr>145</tpx1:hr><tpx1:cad>96</tpx1:cad></tpx1:TrackPointExtension></extensions></trkpt><trkpt lat="39.023243" lon="-105.071991"><time>2024-08-09T19:57:12.000Z</time><ele>2507.8</ele><extensions><power>209</power><tpx1:TrackPointExtension><tpx1:atemp>14</tpx1:atemp><tpx1:hr>145</tpx1:hr><tpx1:cad>96</tpx1:cad></tpx1:TrackPointExtension></extensions></trkpt><trkpt lat="39.023205" lon="-105.071922"><time>2024-08-09T19:57:13.000Z</time><ele>2507.8</ele><extensions><power>208</power><tpx1:TrackPointExtension><tpx1:atemp>14</tpx1:atemp><tpx1:hr>144</tpx1:hr><tpx1:cad>95</tpx1:cad></tpx1:TrackPointExtension></extensions></trkpt><trkpt lat="39.023163" lon="-105.071854"><time>2024-08-09T19:57:14.000Z</time><ele>2507.8</ele><extensions><power>212</power><tpx1:TrackPointExtension><tpx1:atemp>14</tpx1:atemp><tpx1:hr>144</tpx1:hr><tpx1:cad>95</tpx1:cad></tpx1:TrackPointExtension></extensions></trkpt><trkpt lat="39.023121" lon="-105.071785"><time>2024-08-09T19:57:15.000Z</time><ele>2507.8</ele><extensions><power>220</power><tpx1:TrackPointExtension><tpx1:atemp>14</tpx1:atemp><tpx1:hr>143</tpx1:hr><tpx1:cad>95</tpx1:cad></tpx1:TrackPointExtension></extensions></trkpt><trkpt lat="39.023075" lon="-105.071716"><time>2024-08-09T19:57:16.000Z</time><ele>2508</ele><extensions><power>229</power><tpx1:TrackPointExtension><tpx1:atemp>14</tpx1:atemp><tpx1:hr>142</tpx1:hr><tpx1:cad>95</tpx1:cad></tpx1:TrackPointExtension></extensions></trkpt><trkpt lat="39.023033" lon="-105.071648"><time>2024-08-09T19:57:17.000Z</time><ele>2508</ele><extensions><power>239</power><tpx1:TrackPointExtension><tpx1:atemp>14</tpx1:atemp><tpx1:hr>140</tpx1:hr><tpx1:cad>95</tpx1:cad></tpx1:TrackPointExtension></extensions></trkpt><trkpt lat="39.022991" lon="-105.071579"><time>2024-08-09T19:57:18.000Z</time><ele>2508</ele><extensions><power>249</power><tpx1:TrackPointExtension><tpx1:atemp>14</tpx1:atemp><tpx1:hr>140</tpx1:hr><tpx1:cad>95</tpx1:cad></tpx1:TrackPointExtension></extensions></trkpt><trkpt lat="39.022953" lon="-105.07151"><time>2024-08-09T19:57:19.000Z</time><ele>2508</ele><extensions><power>271</power><tpx1:TrackPointExtension><tpx1:atemp>14</tpx1:atemp><tpx1:hr>139</tpx1:hr><tpx1:cad>95</tpx1:cad></tpx1:TrackPointExtension></extensions></trkpt><trkpt lat="39.022911" lon="-105.071442"><time>2024-08-09T19:57:20.000Z</time><ele>2508</ele><extensions><power>248</power><tpx1:TrackPointExtension><tpx1:atemp>14</tpx1:atemp><tpx1:hr>138</tpx1:hr><tpx1:cad>94</tpx1:cad></tpx1:TrackPointExtension></extensions></trkpt><trkpt lat="39.022869" lon="-105.071381"><time>2024-08-09T19:57:21.000Z</time><ele>2508</ele><extensions><power>242</power><tpx1:TrackPointExtension><tpx1:atemp>14</tpx1:atemp><tpx1:hr>138</tpx1:hr><tpx1:cad>94</tpx1:cad></tpx1:TrackPointExtension></extensions></trkpt><trkpt lat="39.022827" lon="-105.071312"><time>2024-08-09T19:57:22.000Z</time><ele>2508.2</ele><extensions><power>256</power><tpx1:TrackPointExtension><tpx1:atemp>14</tpx1:atemp><tpx1:hr>138</tpx1:hr><tpx1:cad>91</tpx1:cad></tpx1:TrackPointExtension></extensions></trkpt><trkpt lat="39.022789" lon="-105.071243"><time>2024-08-09T19:57:23.000Z</time><ele>2508.4</ele><extensions><power>247</power><tpx1:TrackPointExtension><tpx1:atemp>14</tpx1:atemp><tpx1:hr>139</tpx1:hr><tpx1:cad>92</tpx1:cad></tpx1:TrackPointExtension></extensions></trkpt><trkpt lat="39.022747" lon="-105.071182"><time>2024-08-09T19:57:24.000Z</time><ele>2508.6</ele><extensions><power>243</power><tpx1:TrackPointExtension><tpx1:atemp>14</tpx1:atemp><tpx1:hr>139</tpx1:hr><tpx1:cad>89</tpx1:cad></tpx1:TrackPointExtension></extensions></trkpt><trkpt lat="39.022713" lon="-105.071114"><time>2024-08-09T19:57:25.000Z</time><ele>2508.8</ele><extensions><power>242</power><tpx1:TrackPointExtension><tpx1:atemp>14</tpx1:atemp><tpx1:hr>138</tpx1:hr><tpx1:cad>89</tpx1:cad></tpx1:TrackPointExtension></extensions></trkpt><trkpt lat="39.022675" lon="-105.071052"><time>2024-08-09T19:57:26.000Z</time><ele>2509</ele><extensions><power>246</power><tpx1:TrackPointExtension><tpx1:atemp>14</tpx1:atemp><tpx1:hr>138</tpx1:hr><tpx1:cad>90</tpx1:cad></tpx1:TrackPointExtension></extensions></trkpt><trkpt lat="39.022633" lon="-105.070984"><time>2024-08-09T19:57:27.000Z</time><ele>2509</ele><extensions><power>265</power><tpx1:TrackPointExtension><tpx1:atemp>14</tpx1:atemp><tpx1:hr>137</tpx1:hr><tpx1:cad>89</tpx1:cad></tpx1:TrackPointExtension></extensions></trkpt><trkpt lat="39.022591" lon="-105.070923"><time>2024-08-09T19:57:28.000Z</time><ele>2509.2</ele><extensions><power>268</power><tpx1:TrackPointExtension><tpx1:atemp>14</tpx1:atemp><tpx1:hr>136</tpx1:hr><tpx1:cad>90</tpx1:cad></tpx1:TrackPointExtension></extensions></trkpt><trkpt lat="39.022556" lon="-105.070862"><time>2024-08-09T19:57:29.000Z</time><ele>2509.4</ele><extensions><power>264</power><tpx1:TrackPointExtension><tpx1:atemp>14</tpx1:atemp><tpx1:hr>135</tpx1:hr><tpx1:cad>90</tpx1:cad></tpx1:TrackPointExtension></extensions></trkpt><trkpt lat="39.022514" lon="-105.070793"><time>2024-08-09T19:57:30.000Z</time><ele>2509.8</ele><extensions><power>269</power><tpx1:TrackPointExtension><tpx1:atemp>14</tpx1:atemp><tpx1:hr>135</tpx1:hr><tpx1:cad>90</tpx1:cad></tpx1:TrackPointExtension></extensions></trkpt><trkpt lat="39.022476" lon="-105.070724"><time>2024-08-09T19:57:31.000Z</time><ele>2510</ele><extensions><power>263</power><tpx1:TrackPointExtension><tpx1:atemp>14</tpx1:atemp><tpx1:hr>135</tpx1:hr><tpx1:cad>90</tpx1:cad></tpx1:TrackPointExtension></extensions></trkpt><trkpt lat="39.022434" lon="-105.070663"><time>2024-08-09T19:57:32.000Z</time><ele>2510.2</ele><extensions><power>250</power><tpx1:TrackPointExtension><tpx1:atemp>14</tpx1:atemp><tpx1:hr>135</tpx1:hr><tpx1:cad>90</tpx1:cad></tpx1:TrackPointExtension></extensions></trkpt><trkpt lat="39.0224" lon="-105.070602"><time>2024-08-09T19:57:33.000Z</time><ele>2510.4</ele><extensions><power>239</power><tpx1:TrackPointExtension><tpx1:atemp>14</tpx1:atemp><tpx1:hr>135</tpx1:hr><tpx1:cad>87</tpx1:cad></tpx1:TrackPointExtension></extensions></trkpt><trkpt lat="39.022362" lon="-105.070534"><time>2024-08-09T19:57:34.000Z</time><ele>2510.6</ele><extensions><power>257</power><tpx1:TrackPointExtension><tpx1:atemp>14</tpx1:atemp><tpx1:hr>134</tpx1:hr><tpx1:cad>96</tpx1:cad></tpx1:TrackPointExtension></extensions></trkpt><trkpt lat="39.022316" lon="-105.070473"><time>2024-08-09T19:57:35.000Z</time><ele>2510.8</ele><extensions><power>268</power><tpx1:TrackPointExtension><tpx1:atemp>14</tpx1:atemp><tpx1:hr>134</tpx1:hr><tpx1:cad>89</tpx1:cad></tpx1:TrackPointExtension></extensions></trkpt><trkpt lat="39.022278" lon="-105.070412"><time>2024-08-09T19:57:36.000Z</time><ele>2510.8</ele><extensions><power>269</power><tpx1:TrackPointExtension><tpx1:atemp>14</tpx1:atemp><tpx1:hr>134</tpx1:hr><tpx1:cad>89</tpx1:cad></tpx1:TrackPointExtension></extensions></trkpt><trkpt lat="39.022236" lon="-105.070343"><time>2024-08-09T19:57:37.000Z</time><ele>2510.8</ele><extensions><power>264</power><tpx1:TrackPointExtension><tpx1:atemp>14</tpx1:atemp><tpx1:hr>134</tpx1:hr><tpx1:cad>91</tpx1:cad></tpx1:TrackPointExtension></extensions></trkpt><trkpt lat="39.022198" lon="-105.070282"><time>2024-08-09T19:57:38.000Z</time><ele>2510.8</ele><extensions><power>257</power><tpx1:TrackPointExtension><tpx1:atemp>14</tpx1:atemp><tpx1:hr>135</tpx1:hr><tpx1:cad>91</tpx1:cad></tpx1:TrackPointExtension></extensions></trkpt><trkpt lat="39.022156" lon="-105.070213"><time>2024-08-09T19:57:39.000Z</time><ele>2511</ele><extensions><power>252</power><tpx1:TrackPointExtension><tpx1:atemp>14</tpx1:atemp><tpx1:hr>135</tpx1:hr><tpx1:cad>90</tpx1:cad></tpx1:TrackPointExtension></extensions></trkpt><trkpt lat="39.022118" lon="-105.070145"><time>2024-08-09T19:57:40.000Z</time><ele>2511</ele><extensions><power>250</power><tpx1:TrackPointExtension><tpx1:atemp>14</tpx1:atemp><tpx1:hr>135</tpx1:hr><tpx1:cad>91</tpx1:cad></tpx1:TrackPointExtension></extensions></trkpt><trkpt lat="39.022076" lon="-105.070084"><time>2024-08-09T19:57:41.000Z</time><ele>2511</ele><extensions><power>247</power><tpx1:TrackPointExtension><tpx1:atemp>14</tpx1:atemp><tpx1:hr>134</tpx1:hr><tpx1:cad>92</tpx1:cad></tpx1:TrackPointExtension></extensions></trkpt><trkpt lat="39.022034" lon="-105.070015"><time>2024-08-09T19:57:42.000Z</time><ele>2511.2</ele><extensions><power>252</power><tpx1:TrackPointExtension><tpx1:atemp>14</tpx1:atemp><tpx1:hr>134</tpx1:hr><tpx1:cad>90</tpx1:cad></tpx1:TrackPointExtension></extensions></trkpt><trkpt lat="39.021996" lon="-105.069954"><time>2024-08-09T19:57:43.000Z</time><ele>2511.2</ele><extensions><power>243</power><tpx1:TrackPointExtension><tpx1:atemp>14</tpx1:atemp><tpx1:hr>134</tpx1:hr><tpx1:cad>91</tpx1:cad></tpx1:TrackPointExtension></extensions></trkpt><trkpt lat="39.021954" lon="-105.069885"><time>2024-08-09T19:57:44.000Z</time><ele>2511.4</ele><extensions><power>226</power><tpx1:TrackPointExtension><tpx1:atemp>14</tpx1:atemp><tpx1:hr>134</tpx1:hr><tpx1:cad>90</tpx1:cad></tpx1:TrackPointExtension></extensions></trkpt><trkpt lat="39.021912" lon="-105.069824"><time>2024-08-09T19:57:45.000Z</time><ele>2511.6</ele><extensions><power>230</power><tpx1:TrackPointExtension><tpx1:atemp>14</tpx1:atemp><tpx1:hr>134</tpx1:hr><tpx1:cad>91</tpx1:cad></tpx1:TrackPointExtension></extensions></trkpt><trkpt lat="39.021873" lon="-105.069763"><time>2024-08-09T19:57:46.000Z</time><ele>2511.8</ele><extensions><power>239</power><tpx1:TrackPointExtension><tpx1:atemp>14</tpx1:atemp><tpx1:hr>135</tpx1:hr><tpx1:cad>89</tpx1:cad></tpx1:TrackPointExtension></extensions></trkpt><trkpt lat="39.021832" lon="-105.069702"><time>2024-08-09T19:57:47.000Z</time><ele>2511.8</ele><extensions><power>239</power><tpx1:TrackPointExtension><tpx1:atemp>14</tpx1:atemp><tpx1:hr>135</tpx1:hr><tpx1:cad>90</tpx1:cad></tpx1:TrackPointExtension></extensions></trkpt><trkpt lat="39.021793" lon="-105.069633"><time>2024-08-09T19:57:48.000Z</time><ele>2512</ele><extensions><power>235</power><tpx1:TrackPointExtension><tpx1:atemp>14</tpx1:atemp><tpx1:hr>134</tpx1:hr><tpx1:cad>90</tpx1:cad></tpx1:TrackPointExtension></extensions></trkpt><trkpt lat="39.021751" lon="-105.069572"><time>2024-08-09T19:57:49.000Z</time><ele>2512.2</ele><extensions><power>232</power><tpx1:TrackPointExtension><tpx1:atemp>14</tpx1:atemp><tpx1:hr>134</tpx1:hr><tpx1:cad>89</tpx1:cad></tpx1:TrackPointExtension></extensions></trkpt><trkpt lat="39.021713" lon="-105.069511"><time>2024-08-09T19:57:50.000Z</time><ele>2512.4</ele><extensions><power>236</power><tpx1:TrackPointExtension><tpx1:atemp>14</tpx1:atemp><tpx1:hr>132</tpx1:hr><tpx1:cad>88</tpx1:cad></tpx1:TrackPointExtension></extensions></trkpt><trkpt lat="39.021675" lon="-105.06945"><time>2024-08-09T19:57:51.000Z</time><ele>2512.4</ele><extensions><power>253</power><tpx1:TrackPointExtension><tpx1:atemp>14</tpx1:atemp><tpx1:hr>132</tpx1:hr><tpx1:cad>87</tpx1:cad></tpx1:TrackPointExtension></extensions></trkpt><trkpt lat="39.021641" lon="-105.069389"><time>2024-08-09T19:57:52.000Z</time><ele>2512.6</ele><extensions><power>265</power><tpx1:TrackPointExtension><tpx1:atemp>14</tpx1:atemp><tpx1:hr>131</tpx1:hr><tpx1:cad>87</tpx1:cad></tpx1:TrackPointExtension></extensions></trkpt><trkpt lat="39.021603" lon="-105.069328"><time>2024-08-09T19:57:53.000Z</time><ele>2512.6</ele><extensions><power>273</power><tpx1:TrackPointExtension><tpx1:atemp>14</tpx1:atemp><tpx1:hr>131</tpx1:hr><tpx1:cad>86</tpx1:cad></tpx1:TrackPointExtension></extensions></trkpt><trkpt lat="39.021568" lon="-105.069267"><time>2024-08-09T19:57:54.000Z</time><ele>2512.8</ele><extensions><power>281</power><tpx1:TrackPointExtension><tpx1:atemp>14</tpx1:atemp><tpx1:hr>131</tpx1:hr><tpx1:cad>90</tpx1:cad></tpx1:TrackPointExtension></extensions></trkpt><trkpt lat="39.02153" lon="-105.069206"><time>2024-08-09T19:57:55.000Z</time><ele>2512.8</ele><extensions><power>283</power><tpx1:TrackPointExtension><tpx1:atemp>14</tpx1:atemp><tpx1:hr>132</tpx1:hr><tpx1:cad>98</tpx1:cad></tpx1:TrackPointExtension></extensions></trkpt><trkpt lat="39.021492" lon="-105.069145"><time>2024-08-09T19:57:56.000Z</time><ele>2513</ele><extensions><power>245</power><tpx1:TrackPointExtension><tpx1:atemp>14</tpx1:atemp><tpx1:hr>132</tpx1:hr><tpx1:cad>95</tpx1:cad></tpx1:TrackPointExtension></extensions></trkpt><trkpt lat="39.021454" lon="-105.069092"><time>2024-08-09T19:57:57.000Z</time><ele>2513.2</ele><extensions><power>234</power><tpx1:TrackPointExtension><tpx1:atemp>14</tpx1:atemp><tpx1:hr>133</tpx1:hr><tpx1:cad>94</tpx1:cad></tpx1:TrackPointExtension></extensions></trkpt><trkpt lat="39.021419" lon="-105.069038"><time>2024-08-09T19:57:58.000Z</time><ele>2513.4</ele><extensions><power>240</power><tpx1:TrackPointExtension><tpx1:atemp>14</tpx1:atemp><tpx1:hr>133</tpx1:hr><tpx1:cad>93</tpx1:cad></tpx1:TrackPointExtension></extensions></trkpt><trkpt lat="39.021381" lon="-105.068977"><time>2024-08-09T19:57:59.000Z</time><ele>2513.6</ele><extensions><power>269</power><tpx1:TrackPointExtension><tpx1:atemp>14</tpx1:atemp><tpx1:hr>134</tpx1:hr><tpx1:cad>93</tpx1:cad></tpx1:TrackPointExtension></extensions></trkpt><trkpt lat="39.021347" lon="-105.068916"><time>2024-08-09T19:58:00.000Z</time><ele>2513.6</ele><extensions><power>310</power><tpx1:TrackPointExtension><tpx1:atemp>14</tpx1:atemp><tpx1:hr>134</tpx1:hr><tpx1:cad>93</tpx1:cad></tpx1:TrackPointExtension></extensions></trkpt><trkpt lat="39.021309" lon="-105.068855"><time>2024-08-09T19:58:01.000Z</time><ele>2513.6</ele><extensions><power>324</power><tpx1:TrackPointExtension><tpx1:atemp>14</tpx1:atemp><tpx1:hr>134</tpx1:hr><tpx1:cad>95</tpx1:cad></tpx1:TrackPointExtension></extensions></trkpt><trkpt lat="39.021275" lon="-105.068802"><time>2024-08-09T19:58:02.000Z</time><ele>2513.6</ele><extensions><power>312</power><tpx1:TrackPointExtension><tpx1:atemp>14</tpx1:atemp><tpx1:hr>135</tpx1:hr><tpx1:cad>93</tpx1:cad></tpx1:TrackPointExtension></extensions></trkpt><trkpt lat="39.02124" lon="-105.068748"><time>2024-08-09T19:58:03.000Z</time><ele>2513.6</ele><extensions><power>305</power><tpx1:TrackPointExtension><tpx1:atemp>14</tpx1:atemp><tpx1:hr>136</tpx1:hr><tpx1:cad>92</tpx1:cad></tpx1:TrackPointExtension></extensions></trkpt><trkpt lat="39.021202" lon="-105.068695"><time>2024-08-09T19:58:04.000Z</time><ele>2513.6</ele><extensions><power>311</power><tpx1:TrackPointExtension><tpx1:atemp>14</tpx1:atemp><tpx1:hr>137</tpx1:hr><tpx1:cad>96</tpx1:cad></tpx1:TrackPointExtension></extensions></trkpt><trkpt lat="39.021164" lon="-105.068634"><time>2024-08-09T19:58:05.000Z</time><ele>2513.6</ele><extensions><power>371</power><tpx1:TrackPointExtension><tpx1:atemp>14</tpx1:atemp><tpx1:hr>138</tpx1:hr><tpx1:cad>101</tpx1:cad></tpx1:TrackPointExtension></extensions></trkpt><trkpt lat="39.02113" lon="-105.068573"><time>2024-08-09T19:58:06.000Z</time><ele>2513.8</ele><extensions><power>333</power><tpx1:TrackPointExtension><tpx1:atemp>14</tpx1:atemp><tpx1:hr>139</tpx1:hr><tpx1:cad>92</tpx1:cad></tpx1:TrackPointExtension></extensions></trkpt><trkpt lat="39.021095" lon="-105.06852"><time>2024-08-09T19:58:07.000Z</time><ele>2514</ele><extensions><power>311</power><tpx1:TrackPointExtension><tpx1:atemp>14</tpx1:atemp><tpx1:hr>139</tpx1:hr><tpx1:cad>89</tpx1:cad></tpx1:TrackPointExtension></extensions></trkpt><trkpt lat="39.021057" lon="-105.068466"><time>2024-08-09T19:58:08.000Z</time><ele>2514.2</ele><extensions><power>304</power><tpx1:TrackPointExtension><tpx1:atemp>14</tpx1:atemp><tpx1:hr>140</tpx1:hr><tpx1:cad>88</tpx1:cad></tpx1:TrackPointExtension></extensions></trkpt><trkpt lat="39.021023" lon="-105.068413"><time>2024-08-09T19:58:09.000Z</time><ele>2514.4</ele><extensions><power>313</power><tpx1:TrackPointExtension><tpx1:atemp>14</tpx1:atemp><tpx1:hr>140</tpx1:hr><tpx1:cad>86</tpx1:cad></tpx1:TrackPointExtension></extensions></trkpt><trkpt lat="39.020992" lon="-105.068367"><time>2024-08-09T19:58:10.000Z</time><ele>2514.8</ele><extensions><power>276</power><tpx1:TrackPointExtension><tpx1:atemp>14</tpx1:atemp><tpx1:hr>140</tpx1:hr><tpx1:cad>92</tpx1:cad></tpx1:TrackPointExtension></extensions></trkpt><trkpt lat="39.020962" lon="-105.068321"><time>2024-08-09T19:58:11.000Z</time><ele>2515</ele><extensions><power>253</power><tpx1:TrackPointExtension><tpx1:atemp>14</tpx1:atemp><tpx1:hr>140</tpx1:hr><tpx1:cad>90</tpx1:cad></tpx1:TrackPointExtension></extensions></trkpt><trkpt lat="39.020931" lon="-105.068268"><time>2024-08-09T19:58:12.000Z</time><ele>2515.4</ele><extensions><power>246</power><tpx1:TrackPointExtension><tpx1:atemp>14</tpx1:atemp><tpx1:hr>141</tpx1:hr><tpx1:cad>89</tpx1:cad></tpx1:TrackPointExtension></extensions></trkpt><trkpt lat="39.020901" lon="-105.068222"><time>2024-08-09T19:58:13.000Z</time><ele>2515.8</ele><extensions><power>274</power><tpx1:TrackPointExtension><tpx1:atemp>14</tpx1:atemp><tpx1:hr>141</tpx1:hr><tpx1:cad>84</tpx1:cad></tpx1:TrackPointExtension></extensions></trkpt><trkpt lat="39.02087" lon="-105.068176"><time>2024-08-09T19:58:14.000Z</time><ele>2516.2</ele><extensions><power>299</power><tpx1:TrackPointExtension><tpx1:atemp>14</tpx1:atemp><tpx1:hr>142</tpx1:hr><tpx1:cad>93</tpx1:cad></tpx1:TrackPointExtension></extensions></trkpt><trkpt lat="39.020843" lon="-105.06813"><time>2024-08-09T19:58:15.000Z</time><ele>2516.4</ele><extensions><power>259</power><tpx1:TrackPointExtension><tpx1:atemp>14</tpx1:atemp><tpx1:hr>142</tpx1:hr><tpx1:cad>87</tpx1:cad></tpx1:TrackPointExtension></extensions></trkpt><trkpt lat="39.020813" lon="-105.068085"><time>2024-08-09T19:58:16.000Z</time><ele>2516.6</ele><extensions><power>249</power><tpx1:TrackPointExtension><tpx1:atemp>14</tpx1:atemp><tpx1:hr>143</tpx1:hr><tpx1:cad>85</tpx1:cad></tpx1:TrackPointExtension></extensions></trkpt><trkpt lat="39.02079" lon="-105.068046"><time>2024-08-09T19:58:17.000Z</time><ele>2516.8</ele><extensions><power>263</power><tpx1:TrackPointExtension><tpx1:atemp>14</tpx1:atemp><tpx1:hr>143</tpx1:hr><tpx1:cad>87</tpx1:cad></tpx1:TrackPointExtension></extensions></trkpt><trkpt lat="39.020763" lon="-105.068001"><time>2024-08-09T19:58:18.000Z</time><ele>2517</ele><extensions><power>267</power><tpx1:TrackPointExtension><tpx1:atemp>14</tpx1:atemp><tpx1:hr>143</tpx1:hr><tpx1:cad>96</tpx1:cad></tpx1:TrackPointExtension></extensions></trkpt><trkpt lat="39.020737" lon="-105.067963"><time>2024-08-09T19:58:19.000Z</time><ele>2517.2</ele><extensions><power>252</power><tpx1:TrackPointExtension><tpx1:atemp>14</tpx1:atemp><tpx1:hr>143</tpx1:hr><tpx1:cad>94</tpx1:cad></tpx1:TrackPointExtension></extensions></trkpt><trkpt lat="39.02071" lon="-105.067924"><time>2024-08-09T19:58:20.000Z</time><ele>2517.4</ele><extensions><power>251</power><tpx1:TrackPointExtension><tpx1:atemp>14</tpx1:atemp><tpx1:hr>143</tpx1:hr><tpx1:cad>91</tpx1:cad></tpx1:TrackPointExtension></extensions></trkpt><trkpt lat="39.020683" lon="-105.067886"><time>2024-08-09T19:58:21.000Z</time><ele>2517.6</ele><extensions><power>251</power><tpx1:TrackPointExtension><tpx1:atemp>14</tpx1:atemp><tpx1:hr>143</tpx1:hr><tpx1:cad>92</tpx1:cad></tpx1:TrackPointExtension></extensions></trkpt><trkpt lat="39.020657" lon="-105.067841"><time>2024-08-09T19:58:22.000Z</time><ele>2517.8</ele><extensions><power>277</power><tpx1:TrackPointExtension><tpx1:atemp>14</tpx1:atemp><tpx1:hr>142</tpx1:hr><tpx1:cad>91</tpx1:cad></tpx1:TrackPointExtension></extensions></trkpt><trkpt lat="39.02063" lon="-105.067795"><time>2024-08-09T19:58:23.000Z</time><ele>2518</ele><extensions><power>313</power><tpx1:TrackPointExtension><tpx1:atemp>14</tpx1:atemp><tpx1:hr>142</tpx1:hr><tpx1:cad>90</tpx1:cad></tpx1:TrackPointExtension></extensions></trkpt><trkpt lat="39.020607" lon="-105.067757"><time>2024-08-09T19:58:24.000Z</time><ele>2518.2</ele><extensions><power>296</power><tpx1:TrackPointExtension><tpx1:atemp>14</tpx1:atemp><tpx1:hr>142</tpx1:hr><tpx1:cad>93</tpx1:cad></tpx1:TrackPointExtension></extensions></trkpt><trkpt lat="39.02058" lon="-105.067718"><time>2024-08-09T19:58:25.000Z</time><ele>2518.6</ele><extensions><power>283</power><tpx1:TrackPointExtension><tpx1:atemp>14</tpx1:atemp><tpx1:hr>141</tpx1:hr><tpx1:cad>93</tpx1:cad></tpx1:TrackPointExtension></extensions></trkpt><trkpt lat="39.020554" lon="-105.067673"><time>2024-08-09T19:58:26.000Z</time><ele>2518.8</ele><extensions><power>279</power><tpx1:TrackPointExtension><tpx1:atemp>14</tpx1:atemp><tpx1:hr>141</tpx1:hr><tpx1:cad>93</tpx1:cad></tpx1:TrackPointExtension></extensions></trkpt><trkpt lat="39.020531" lon="-105.067627"><time>2024-08-09T19:58:27.000Z</time><ele>2519</ele><extensions><power>276</power><tpx1:TrackPointExtension><tpx1:atemp>14</tpx1:atemp><tpx1:hr>141</tpx1:hr><tpx1:cad>93</tpx1:cad></tpx1:TrackPointExtension></extensions></trkpt><trkpt lat="39.0205" lon="-105.067581"><time>2024-08-09T19:58:28.000Z</time><ele>2519.4</ele><extensions><power>261</power><tpx1:TrackPointExtension><tpx1:atemp>14</tpx1:atemp><tpx1:hr>141</tpx1:hr><tpx1:cad>92</tpx1:cad></tpx1:TrackPointExtension></extensions></trkpt><trkpt lat="39.02047" lon="-105.067535"><time>2024-08-09T19:58:29.000Z</time><ele>2519.6</ele><extensions><power>257</power><tpx1:TrackPointExtension><tpx1:atemp>14</tpx1:atemp><tpx1:hr>141</tpx1:hr><tpx1:cad>93</tpx1:cad></tpx1:TrackPointExtension></extensions></trkpt><trkpt lat="39.020443" lon="-105.06749"><time>2024-08-09T19:58:30.000Z</time><ele>2519.8</ele><extensions><power>255</power><tpx1:TrackPointExtension><tpx1:atemp>14</tpx1:atemp><tpx1:hr>141</tpx1:hr><tpx1:cad>91</tpx1:cad></tpx1:TrackPointExtension></extensions></trkpt><trkpt lat="39.020416" lon="-105.067444"><time>2024-08-09T19:58:31.000Z</time><ele>2520</ele><extensions><power>259</power><tpx1:TrackPointExtension><tpx1:atemp>14</tpx1:atemp><tpx1:hr>141</tpx1:hr><tpx1:cad>92</tpx1:cad></tpx1:TrackPointExtension></extensions></trkpt><trkpt lat="39.02039" lon="-105.067398"><time>2024-08-09T19:58:32.000Z</time><ele>2520.2</ele><extensions><power>260</power><tpx1:TrackPointExtension><tpx1:atemp>14</tpx1:atemp><tpx1:hr>142</tpx1:hr><tpx1:cad>91</tpx1:cad></tpx1:TrackPointExtension></extensions></trkpt><trkpt lat="39.020359" lon="-105.067352"><time>2024-08-09T19:58:33.000Z</time><ele>2520.4</ele><extensions><power>262</power><tpx1:TrackPointExtension><tpx1:atemp>14</tpx1:atemp><tpx1:hr>142</tpx1:hr><tpx1:cad>90</tpx1:cad></tpx1:TrackPointExtension></extensions></trkpt><trkpt lat="39.020332" lon="-105.067306"><time>2024-08-09T19:58:34.000Z</time><ele>2520.6</ele><extensions><power>273</power><tpx1:TrackPointExtension><tpx1:atemp>14</tpx1:atemp><tpx1:hr>143</tpx1:hr><tpx1:cad>91</tpx1:cad></tpx1:TrackPointExtension></extensions></trkpt><trkpt lat="39.020306" lon="-105.067268"><time>2024-08-09T19:58:35.000Z</time><ele>2520.8</ele><extensions><power>282</power><tpx1:TrackPointExtension><tpx1:atemp>14</tpx1:atemp><tpx1:hr>143</tpx1:hr><tpx1:cad>92</tpx1:cad></tpx1:TrackPointExtension></extensions></trkpt><trkpt lat="39.020275" lon="-105.067223"><time>2024-08-09T19:58:36.000Z</time><ele>2521.2</ele><extensions><power>275</power><tpx1:TrackPointExtension><tpx1:atemp>14</tpx1:atemp><tpx1:hr>143</tpx1:hr><tpx1:cad>90</tpx1:cad></tpx1:TrackPointExtension></extensions></trkpt><trkpt lat="39.020245" lon="-105.067177"><time>2024-08-09T19:58:37.000Z</time><ele>2521.4</ele><extensions><power>264</power><tpx1:TrackPointExtension><tpx1:atemp>14</tpx1:atemp><tpx1:hr>143</tpx1:hr><tpx1:cad>90</tpx1:cad></tpx1:TrackPointExtension></extensions></trkpt><trkpt lat="39.020218" lon="-105.067131"><time>2024-08-09T19:58:38.000Z</time><ele>2521.6</ele><extensions><power>264</power><tpx1:TrackPointExtension><tpx1:atemp>14</tpx1:atemp><tpx1:hr>143</tpx1:hr><tpx1:cad>91</tpx1:cad></tpx1:TrackPointExtension></extensions></trkpt><trkpt lat="39.020191" lon="-105.067093"><time>2024-08-09T19:58:39.000Z</time><ele>2521.8</ele><extensions><power>265</power><tpx1:TrackPointExtension><tpx1:atemp>14</tpx1:atemp><tpx1:hr>143</tpx1:hr><tpx1:cad>90</tpx1:cad></tpx1:TrackPointExtension></extensions></trkpt><trkpt lat="39.020164" lon="-105.067047"><time>2024-08-09T19:58:40.000Z</time><ele>2522</ele><extensions><power>258</power><tpx1:TrackPointExtension><tpx1:atemp>14</tpx1:atemp><tpx1:hr>143</tpx1:hr><tpx1:cad>89</tpx1:cad></tpx1:TrackPointExtension></extensions></trkpt><trkpt lat="39.020138" lon="-105.067001"><time>2024-08-09T19:58:41.000Z</time><ele>2522.2</ele><extensions><power>268</power><tpx1:TrackPointExtension><tpx1:atemp>14</tpx1:atemp><tpx1:hr>142</tpx1:hr><tpx1:cad>90</tpx1:cad></tpx1:TrackPointExtension></extensions></trkpt><trkpt lat="39.020111" lon="-105.066963"><time>2024-08-09T19:58:42.000Z</time><ele>2522.4</ele><extensions><power>276</power><tpx1:TrackPointExtension><tpx1:atemp>14</tpx1:atemp><tpx1:hr>141</tpx1:hr><tpx1:cad>89</tpx1:cad></tpx1:TrackPointExtension></extensions></trkpt><trkpt lat="39.020081" lon="-105.066917"><time>2024-08-09T19:58:43.000Z</time><ele>2522.6</ele><extensions><power>272</power><tpx1:TrackPointExtension><tpx1:atemp>14</tpx1:atemp><tpx1:hr>141</tpx1:hr><tpx1:cad>89</tpx1:cad></tpx1:TrackPointExtension></extensions></trkpt><trkpt lat="39.020054" lon="-105.066872"><time>2024-08-09T19:58:44.000Z</time><ele>2523</ele><extensions><power>277</power><tpx1:TrackPointExtension><tpx1:atemp>14</tpx1:atemp><tpx1:hr>141</tpx1:hr><tpx1:cad>91</tpx1:cad></tpx1:TrackPointExtension></extensions></trkpt><trkpt lat="39.020023" lon="-105.066833"><time>2024-08-09T19:58:45.000Z</time><ele>2523.2</ele><extensions><power>283</power><tpx1:TrackPointExtension><tpx1:atemp>14</tpx1:atemp><tpx1:hr>141</tpx1:hr><tpx1:cad>90</tpx1:cad></tpx1:TrackPointExtension></extensions></trkpt><trkpt lat="39.019993" lon="-105.06678"><time>2024-08-09T19:58:46.000Z</time><ele>2523.4</ele><extensions><power>300</power><tpx1:TrackPointExtension><tpx1:atemp>14</tpx1:atemp><tpx1:hr>141</tpx1:hr><tpx1:cad>92</tpx1:cad></tpx1:TrackPointExtension></extensions></trkpt><trkpt lat="39.019962" lon="-105.066734"><time>2024-08-09T19:58:47.000Z</time><ele>2523.6</ele><extensions><power>327</power><tpx1:TrackPointExtension><tpx1:atemp>14</tpx1:atemp><tpx1:hr>141</tpx1:hr><tpx1:cad>90</tpx1:cad></tpx1:TrackPointExtension></extensions></trkpt><trkpt lat="39.019936" lon="-105.066688"><time>2024-08-09T19:58:48.000Z</time><ele>2523.8</ele><extensions><power>321</power><tpx1:TrackPointExtension><tpx1:atemp>14</tpx1:atemp><tpx1:hr>141</tpx1:hr><tpx1:cad>95</tpx1:cad></tpx1:TrackPointExtension></extensions></trkpt><trkpt lat="39.019905" lon="-105.066643"><time>2024-08-09T19:58:49.000Z</time><ele>2524</ele><extensions><power>287</power><tpx1:TrackPointExtension><tpx1:atemp>14</tpx1:atemp><tpx1:hr>141</tpx1:hr><tpx1:cad>96</tpx1:cad></tpx1:TrackPointExtension></extensions></trkpt><trkpt lat="39.019875" lon="-105.066597"><time>2024-08-09T19:58:50.000Z</time><ele>2524.4</ele><extensions><power>263</power><tpx1:TrackPointExtension><tpx1:atemp>14</tpx1:atemp><tpx1:hr>141</tpx1:hr><tpx1:cad>91</tpx1:cad></tpx1:TrackPointExtension></extensions></trkpt><trkpt lat="39.019848" lon="-105.066551"><time>2024-08-09T19:58:51.000Z</time><ele>2524.8</ele><extensions><power>270</power><tpx1:TrackPointExtension><tpx1:atemp>14</tpx1:atemp><tpx1:hr>141</tpx1:hr><tpx1:cad>95</tpx1:cad></tpx1:TrackPointExtension></extensions></trkpt><trkpt lat="39.019817" lon="-105.066505"><time>2024-08-09T19:58:52.000Z</time><ele>2525.2</ele><extensions><power>305</power><tpx1:TrackPointExtension><tpx1:atemp>14</tpx1:atemp><tpx1:hr>141</tpx1:hr><tpx1:cad>94</tpx1:cad></tpx1:TrackPointExtension></extensions></trkpt><trkpt lat="39.019791" lon="-105.06646"><time>2024-08-09T19:58:53.000Z</time><ele>2525.6</ele><extensions><power>269</power><tpx1:TrackPointExtension><tpx1:atemp>14</tpx1:atemp><tpx1:hr>142</tpx1:hr><tpx1:cad>93</tpx1:cad></tpx1:TrackPointExtension></extensions></trkpt><trkpt lat="39.01976" lon="-105.066414"><time>2024-08-09T19:58:54.000Z</time><ele>2526</ele><extensions><power>255</power><tpx1:TrackPointExtension><tpx1:atemp>14</tpx1:atemp><tpx1:hr>142</tpx1:hr><tpx1:cad>93</tpx1:cad></tpx1:TrackPointExtension></extensions></trkpt><trkpt lat="39.01973" lon="-105.066368"><time>2024-08-09T19:58:55.000Z</time><ele>2526.4</ele><extensions><power>257</power><tpx1:TrackPointExtension><tpx1:atemp>14</tpx1:atemp><tpx1:hr>143</tpx1:hr><tpx1:cad>93</tpx1:cad></tpx1:TrackPointExtension></extensions></trkpt><trkpt lat="39.019699" lon="-105.06633"><time>2024-08-09T19:58:56.000Z</time><ele>2526.6</ele><extensions><power>264</power><tpx1:TrackPointExtension><tpx1:atemp>14</tpx1:atemp><tpx1:hr>143</tpx1:hr><tpx1:cad>92</tpx1:cad></tpx1:TrackPointExtension></extensions></trkpt><trkpt lat="39.019672" lon="-105.066284"><time>2024-08-09T19:58:57.000Z</time><ele>2526.6</ele><extensions><power>269</power><tpx1:TrackPointExtension><tpx1:atemp>14</tpx1:atemp><tpx1:hr>143</tpx1:hr><tpx1:cad>93</tpx1:cad></tpx1:TrackPointExtension></extensions></trkpt><trkpt lat="39.019642" lon="-105.066238"><time>2024-08-09T19:58:58.000Z</time><ele>2526.8</ele><extensions><power>256</power><tpx1:TrackPointExtension><tpx1:atemp>14</tpx1:atemp><tpx1:hr>143</tpx1:hr><tpx1:cad>93</tpx1:cad></tpx1:TrackPointExtension></extensions></trkpt><trkpt lat="39.019608" lon="-105.066193"><time>2024-08-09T19:58:59.000Z</time><ele>2526.8</ele><extensions><power>256</power><tpx1:TrackPointExtension><tpx1:atemp>14</tpx1:atemp><tpx1:hr>143</tpx1:hr><tpx1:cad>94</tpx1:cad></tpx1:TrackPointExtension></extensions></trkpt><trkpt lat="39.019577" lon="-105.066154"><time>2024-08-09T19:59:00.000Z</time><ele>2526.8</ele><extensions><power>258</power><tpx1:TrackPointExtension><tpx1:atemp>14</tpx1:atemp><tpx1:hr>143</tpx1:hr><tpx1:cad>93</tpx1:cad></tpx1:TrackPointExtension></extensions></trkpt><trkpt lat="39.019546" lon="-105.066109"><time>2024-08-09T19:59:01.000Z</time><ele>2527</ele><extensions><power>256</power><tpx1:TrackPointExtension><tpx1:atemp>14</tpx1:atemp><tpx1:hr>143</tpx1:hr><tpx1:cad>93</tpx1:cad></tpx1:TrackPointExtension></extensions></trkpt><trkpt lat="39.019512" lon="-105.066063"><time>2024-08-09T19:59:02.000Z</time><ele>2527</ele><extensions><power>251</power><tpx1:TrackPointExtension><tpx1:atemp>14</tpx1:atemp><tpx1:hr>143</tpx1:hr><tpx1:cad>96</tpx1:cad></tpx1:TrackPointExtension></extensions></trkpt><trkpt lat="39.019482" lon="-105.066025"><time>2024-08-09T19:59:03.000Z</time><ele>2527</ele><extensions><power>248</power><tpx1:TrackPointExtension><tpx1:atemp>14</tpx1:atemp><tpx1:hr>143</tpx1:hr><tpx1:cad>94</tpx1:cad></tpx1:TrackPointExtension></extensions></trkpt><trkpt lat="39.019451" lon="-105.065987"><time>2024-08-09T19:59:04.000Z</time><ele>2527</ele><extensions><power>258</power><tpx1:TrackPointExtension><tpx1:atemp>14</tpx1:atemp><tpx1:hr>143</tpx1:hr><tpx1:cad>87</tpx1:cad></tpx1:TrackPointExtension></extensions></trkpt><trkpt lat="39.019417" lon="-105.065941"><time>2024-08-09T19:59:05.000Z</time><ele>2527</ele><extensions><power>278</power><tpx1:TrackPointExtension><tpx1:atemp>14</tpx1:atemp><tpx1:hr>143</tpx1:hr><tpx1:cad>85</tpx1:cad></tpx1:TrackPointExtension></extensions></trkpt><trkpt lat="39.019382" lon="-105.065895"><time>2024-08-09T19:59:06.000Z</time><ele>2527</ele><extensions><power>260</power><tpx1:TrackPointExtension><tpx1:atemp>14</tpx1:atemp><tpx1:hr>143</tpx1:hr><tpx1:cad>86</tpx1:cad></tpx1:TrackPointExtension></extensions></trkpt><trkpt lat="39.019352" lon="-105.065849"><time>2024-08-09T19:59:07.000Z</time><ele>2527</ele><extensions><power>245</power><tpx1:TrackPointExtension><tpx1:atemp>14</tpx1:atemp><tpx1:hr>143</tpx1:hr><tpx1:cad>86</tpx1:cad></tpx1:TrackPointExtension></extensions></trkpt><trkpt lat="39.019318" lon="-105.065811"><time>2024-08-09T19:59:08.000Z</time><ele>2527.2</ele><extensions><power>250</power><tpx1:TrackPointExtension><tpx1:atemp>14</tpx1:atemp><tpx1:hr>143</tpx1:hr><tpx1:cad>86</tpx1:cad></tpx1:TrackPointExtension></extensions></trkpt><trkpt lat="39.019283" lon="-105.065765"><time>2024-08-09T19:59:09.000Z</time><ele>2527.2</ele><extensions><power>259</power><tpx1:TrackPointExtension><tpx1:atemp>14</tpx1:atemp><tpx1:hr>143</tpx1:hr><tpx1:cad>88</tpx1:cad></tpx1:TrackPointExtension></extensions></trkpt><trkpt lat="39.019245" lon="-105.06572"><time>2024-08-09T19:59:10.000Z</time><ele>2527.4</ele><extensions><power>269</power><tpx1:TrackPointExtension><tpx1:atemp>14</tpx1:atemp><tpx1:hr>142</tpx1:hr><tpx1:cad>88</tpx1:cad></tpx1:TrackPointExtension></extensions></trkpt><trkpt lat="39.019203" lon="-105.065674"><time>2024-08-09T19:59:11.000Z</time><ele>2527.4</ele><extensions><power>265</power><tpx1:TrackPointExtension><tpx1:atemp>14</tpx1:atemp><tpx1:hr>142</tpx1:hr><tpx1:cad>89</tpx1:cad></tpx1:TrackPointExtension></extensions></trkpt><trkpt lat="39.019165" lon="-105.065636"><time>2024-08-09T19:59:12.000Z</time><ele>2527.6</ele><extensions><power>257</power><tpx1:TrackPointExtension><tpx1:atemp>14</tpx1:atemp><tpx1:hr>142</tpx1:hr><tpx1:cad>90</tpx1:cad></tpx1:TrackPointExtension></extensions></trkpt><trkpt lat="39.019123" lon="-105.06559"><time>2024-08-09T19:59:13.000Z</time><ele>2527.6</ele><extensions><power>257</power><tpx1:TrackPointExtension><tpx1:atemp>14</tpx1:atemp><tpx1:hr>142</tpx1:hr><tpx1:cad>91</tpx1:cad></tpx1:TrackPointExtension></extensions></trkpt><trkpt lat="39.019077" lon="-105.065544"><time>2024-08-09T19:59:14.000Z</time><ele>2527.8</ele><extensions><power>258</power><tpx1:TrackPointExtension><tpx1:atemp>14</tpx1:atemp><tpx1:hr>142</tpx1:hr><tpx1:cad>92</tpx1:cad></tpx1:TrackPointExtension></extensions></trkpt><trkpt lat="39.019035" lon="-105.065506"><time>2024-08-09T19:59:15.000Z</time><ele>2528</ele><extensions><power>257</power><tpx1:TrackPointExtension><tpx1:atemp>14</tpx1:atemp><tpx1:hr>142</tpx1:hr><tpx1:cad>92</tpx1:cad></tpx1:TrackPointExtension></extensions></trkpt><trkpt lat="39.018993" lon="-105.06546"><time>2024-08-09T19:59:16.000Z</time><ele>2528.2</ele><extensions><power>252</power><tpx1:TrackPointExtension><tpx1:atemp>14</tpx1:atemp><tpx1:hr>141</tpx1:hr><tpx1:cad>92</tpx1:cad></tpx1:TrackPointExtension></extensions></trkpt><trkpt lat="39.018951" lon="-105.065422"><time>2024-08-09T19:59:17.000Z</time><ele>2528.2</ele><extensions><power>245</power><tpx1:TrackPointExtension><tpx1:atemp>14</tpx1:atemp><tpx1:hr>141</tpx1:hr><tpx1:cad>92</tpx1:cad></tpx1:TrackPointExtension></extensions></trkpt><trkpt lat="39.018909" lon="-105.065376"><time>2024-08-09T19:59:18.000Z</time><ele>2528.4</ele><extensions><power>245</power><tpx1:TrackPointExtension><tpx1:atemp>14</tpx1:atemp><tpx1:hr>141</tpx1:hr><tpx1:cad>92</tpx1:cad></tpx1:TrackPointExtension></extensions></trkpt><trkpt lat="39.018867" lon="-105.065338"><time>2024-08-09T19:59:19.000Z</time><ele>2528.6</ele><extensions><power>263</power><tpx1:TrackPointExtension><tpx1:atemp>14</tpx1:atemp><tpx1:hr>141</tpx1:hr><tpx1:cad>92</tpx1:cad></tpx1:TrackPointExtension></extensions></trkpt><trkpt lat="39.018826" lon="-105.0653"><time>2024-08-09T19:59:20.000Z</time><ele>2528.6</ele><extensions><power>281</power><tpx1:TrackPointExtension><tpx1:atemp>14</tpx1:atemp><tpx1:hr>140</tpx1:hr><tpx1:cad>91</tpx1:cad></tpx1:TrackPointExtension></extensions></trkpt><trkpt lat="39.01878" lon="-105.065254"><time>2024-08-09T19:59:21.000Z</time><ele>2528.8</ele><extensions><power>283</power><tpx1:TrackPointExtension><tpx1:atemp>14</tpx1:atemp><tpx1:hr>140</tpx1:hr><tpx1:cad>92</tpx1:cad></tpx1:TrackPointExtension></extensions></trkpt><trkpt lat="39.018738" lon="-105.065216"><time>2024-08-09T19:59:22.000Z</time><ele>2529</ele><extensions><power>283</power><tpx1:TrackPointExtension><tpx1:atemp>14</tpx1:atemp><tpx1:hr>140</tpx1:hr><tpx1:cad>93</tpx1:cad></tpx1:TrackPointExtension></extensions></trkpt><trkpt lat="39.018692" lon="-105.065178"><time>2024-08-09T19:59:23.000Z</time><ele>2529.2</ele><extensions><power>284</power><tpx1:TrackPointExtension><tpx1:atemp>14</tpx1:atemp><tpx1:hr>140</tpx1:hr><tpx1:cad>93</tpx1:cad></tpx1:TrackPointExtension></extensions></trkpt><trkpt lat="39.01865" lon="-105.06514"><time>2024-08-09T19:59:24.000Z</time><ele>2529.4</ele><extensions><power>294</power><tpx1:TrackPointExtension><tpx1:atemp>14</tpx1:atemp><tpx1:hr>140</tpx1:hr><tpx1:cad>93</tpx1:cad></tpx1:TrackPointExtension></extensions></trkpt><trkpt lat="39.018608" lon="-105.065102"><time>2024-08-09T19:59:25.000Z</time><ele>2529.6</ele><extensions><power>302</power><tpx1:TrackPointExtension><tpx1:atemp>14</tpx1:atemp><tpx1:hr>140</tpx1:hr><tpx1:cad>94</tpx1:cad></tpx1:TrackPointExtension></extensions></trkpt><trkpt lat="39.018562" lon="-105.065063"><time>2024-08-09T19:59:26.000Z</time><ele>2529.8</ele><extensions><power>302</power><tpx1:TrackPointExtension><tpx1:atemp>14</tpx1:atemp><tpx1:hr>141</tpx1:hr><tpx1:cad>95</tpx1:cad></tpx1:TrackPointExtension></extensions></trkpt><trkpt lat="39.018516" lon="-105.065025"><time>2024-08-09T19:59:27.000Z</time><ele>2530</ele><extensions><power>290</power><tpx1:TrackPointExtension><tpx1:atemp>14</tpx1:atemp><tpx1:hr>142</tpx1:hr><tpx1:cad>93</tpx1:cad></tpx1:TrackPointExtension></extensions></trkpt><trkpt lat="39.018471" lon="-105.064987"><time>2024-08-09T19:59:28.000Z</time><ele>2530.2</ele><extensions><power>275</power><tpx1:TrackPointExtension><tpx1:atemp>14</tpx1:atemp><tpx1:hr>142</tpx1:hr><tpx1:cad>95</tpx1:cad></tpx1:TrackPointExtension></extensions></trkpt><trkpt lat="39.018429" lon="-105.064957"><time>2024-08-09T19:59:29.000Z</time><ele>2530.4</ele><extensions><power>260</power><tpx1:TrackPointExtension><tpx1:atemp>14</tpx1:atemp><tpx1:hr>142</tpx1:hr><tpx1:cad>93</tpx1:cad></tpx1:TrackPointExtension></extensions></trkpt><trkpt lat="39.018383" lon="-105.064918"><time>2024-08-09T19:59:30.000Z</time><ele>2530.6</ele><extensions><power>259</power><tpx1:TrackPointExtension><tpx1:atemp>14</tpx1:atemp><tpx1:hr>142</tpx1:hr><tpx1:cad>93</tpx1:cad></tpx1:TrackPointExtension></extensions></trkpt><trkpt lat="39.018341" lon="-105.064888"><time>2024-08-09T19:59:31.000Z</time><ele>2530.6</ele><extensions><power>250</power><tpx1:TrackPointExtension><tpx1:atemp>14</tpx1:atemp><tpx1:hr>142</tpx1:hr><tpx1:cad>92</tpx1:cad></tpx1:TrackPointExtension></extensions></trkpt><trkpt lat="39.018299" lon="-105.064857"><time>2024-08-09T19:59:32.000Z</time><ele>2530.8</ele><extensions><power>249</power><tpx1:TrackPointExtension><tpx1:atemp>14</tpx1:atemp><tpx1:hr>142</tpx1:hr><tpx1:cad>90</tpx1:cad></tpx1:TrackPointExtension></extensions></trkpt><trkpt lat="39.018253" lon="-105.064827"><time>2024-08-09T19:59:33.000Z</time><ele>2531</ele><extensions><power>257</power><tpx1:TrackPointExtension><tpx1:atemp>14</tpx1:atemp><tpx1:hr>142</tpx1:hr><tpx1:cad>90</tpx1:cad></tpx1:TrackPointExtension></extensions></trkpt><trkpt lat="39.018211" lon="-105.064796"><time>2024-08-09T19:59:34.000Z</time><ele>2531.2</ele><extensions><power>267</power><tpx1:TrackPointExtension><tpx1:atemp>14</tpx1:atemp><tpx1:hr>142</tpx1:hr><tpx1:cad>91</tpx1:cad></tpx1:TrackPointExtension></extensions></trkpt><trkpt lat="39.018169" lon="-105.064766"><time>2024-08-09T19:59:35.000Z</time><ele>2531.4</ele><extensions><power>278</power><tpx1:TrackPointExtension><tpx1:atemp>14</tpx1:atemp><tpx1:hr>142</tpx1:hr><tpx1:cad>98</tpx1:cad></tpx1:TrackPointExtension></extensions></trkpt><trkpt lat="39.018124" lon="-105.064735"><time>2024-08-09T19:59:36.000Z</time><ele>2531.6</ele><extensions><power>252</power><tpx1:TrackPointExtension><tpx1:atemp>14</tpx1:atemp><tpx1:hr>142</tpx1:hr><tpx1:cad>97</tpx1:cad></tpx1:TrackPointExtension></extensions></trkpt><trkpt lat="39.018082" lon="-105.064705"><time>2024-08-09T19:59:37.000Z</time><ele>2532</ele><extensions><power>243</power><tpx1:TrackPointExtension><tpx1:atemp>14</tpx1:atemp><tpx1:hr>142</tpx1:hr><tpx1:cad>95</tpx1:cad></tpx1:TrackPointExtension></extensions></trkpt><trkpt lat="39.018043" lon="-105.064682"><time>2024-08-09T19:59:38.000Z</time><ele>2532.2</ele><extensions><power>247</power><tpx1:TrackPointExtension><tpx1:atemp>14</tpx1:atemp><tpx1:hr>142</tpx1:hr><tpx1:cad>93</tpx1:cad></tpx1:TrackPointExtension></extensions></trkpt><trkpt lat="39.018005" lon="-105.064651"><time>2024-08-09T19:59:39.000Z</time><ele>2532.4</ele><extensions><power>253</power><tpx1:TrackPointExtension><tpx1:atemp>14</tpx1:atemp><tpx1:hr>142</tpx1:hr><tpx1:cad>92</tpx1:cad></tpx1:TrackPointExtension></extensions></trkpt><trkpt lat="39.017963" lon="-105.064629"><time>2024-08-09T19:59:40.000Z</time><ele>2532.8</ele><extensions><power>261</power><tpx1:TrackPointExtension><tpx1:atemp>14</tpx1:atemp><tpx1:hr>143</tpx1:hr><tpx1:cad>91</tpx1:cad></tpx1:TrackPointExtension></extensions></trkpt><trkpt lat="39.017925" lon="-105.064606"><time>2024-08-09T19:59:41.000Z</time><ele>2533</ele><extensions><power>281</power><tpx1:TrackPointExtension><tpx1:atemp>14</tpx1:atemp><tpx1:hr>143</tpx1:hr><tpx1:cad>90</tpx1:cad></tpx1:TrackPointExtension></extensions></trkpt><trkpt lat="39.017879" lon="-105.064583"><time>2024-08-09T19:59:42.000Z</time><ele>2533.2</ele><extensions><power>285</power><tpx1:TrackPointExtension><tpx1:atemp>14</tpx1:atemp><tpx1:hr>143</tpx1:hr><tpx1:cad>91</tpx1:cad></tpx1:TrackPointExtension></extensions></trkpt><trkpt lat="39.017834" lon="-105.06456"><time>2024-08-09T19:59:43.000Z</time><ele>2533.6</ele><extensions><power>292</power><tpx1:TrackPointExtension><tpx1:atemp>14</tpx1:atemp><tpx1:hr>144</tpx1:hr><tpx1:cad>91</tpx1:cad></tpx1:TrackPointExtension></extensions></trkpt><trkpt lat="39.017796" lon="-105.064537"><time>2024-08-09T19:59:44.000Z</time><ele>2533.8</ele><extensions><power>301</power><tpx1:TrackPointExtension><tpx1:atemp>14</tpx1:atemp><tpx1:hr>144</tpx1:hr><tpx1:cad>91</tpx1:cad></tpx1:TrackPointExtension></extensions></trkpt><trkpt lat="39.017754" lon="-105.064514"><time>2024-08-09T19:59:45.000Z</time><ele>2534</ele><extensions><power>307</power><tpx1:TrackPointExtension><tpx1:atemp>14</tpx1:atemp><tpx1:hr>144</tpx1:hr><tpx1:cad>92</tpx1:cad></tpx1:TrackPointExtension></extensions></trkpt><trkpt lat="39.017712" lon="-105.064491"><time>2024-08-09T19:59:46.000Z</time><ele>2534.2</ele><extensions><power>301</power><tpx1:TrackPointExtension><tpx1:atemp>14</tpx1:atemp><tpx1:hr>144</tpx1:hr><tpx1:cad>94</tpx1:cad></tpx1:TrackPointExtension></extensions></trkpt><trkpt lat="39.01767" lon="-105.064468"><time>2024-08-09T19:59:47.000Z</time><ele>2534.4</ele><extensions><power>298</power><tpx1:TrackPointExtension><tpx1:atemp>14</tpx1:atemp><tpx1:hr>144</tpx1:hr><tpx1:cad>93</tpx1:cad></tpx1:TrackPointExtension></extensions></trkpt><trkpt lat="39.017628" lon="-105.064438"><time>2024-08-09T19:59:48.000Z</time><ele>2534.6</ele><extensions><power>300</power><tpx1:TrackPointExtension><tpx1:atemp>14</tpx1:atemp><tpx1:hr>144</tpx1:hr><tpx1:cad>93</tpx1:cad></tpx1:TrackPointExtension></extensions></trkpt><trkpt lat="39.01759" lon="-105.064415"><time>2024-08-09T19:59:49.000Z</time><ele>2534.8</ele><extensions><power>299</power><tpx1:TrackPointExtension><tpx1:atemp>14</tpx1:atemp><tpx1:hr>144</tpx1:hr><tpx1:cad>94</tpx1:cad></tpx1:TrackPointExtension></extensions></trkpt><trkpt lat="39.017544" lon="-105.064392"><time>2024-08-09T19:59:50.000Z</time><ele>2535</ele><extensions><power>280</power><tpx1:TrackPointExtension><tpx1:atemp>14</tpx1:atemp><tpx1:hr>144</tpx1:hr><tpx1:cad>92</tpx1:cad></tpx1:TrackPointExtension></extensions></trkpt><trkpt lat="39.017506" lon="-105.064369"><time>2024-08-09T19:59:51.000Z</time><ele>2535.2</ele><extensions><power>283</power><tpx1:TrackPointExtension><tpx1:atemp>14</tpx1:atemp><tpx1:hr>145</tpx1:hr><tpx1:cad>91</tpx1:cad></tpx1:TrackPointExtension></extensions></trkpt><trkpt lat="39.017467" lon="-105.064354"><time>2024-08-09T19:59:52.000Z</time><ele>2535.4</ele><extensions><power>288</power><tpx1:TrackPointExtension><tpx1:atemp>14</tpx1:atemp><tpx1:hr>145</tpx1:hr><tpx1:cad>92</tpx1:cad></tpx1:TrackPointExtension></extensions></trkpt><trkpt lat="39.017429" lon="-105.064331"><time>2024-08-09T19:59:53.000Z</time><ele>2535.6</ele><extensions><power>288</power><tpx1:TrackPointExtension><tpx1:atemp>14</tpx1:atemp><tpx1:hr>145</tpx1:hr><tpx1:cad>90</tpx1:cad></tpx1:TrackPointExtension></extensions></trkpt><trkpt lat="39.017384" lon="-105.064308"><time>2024-08-09T19:59:54.000Z</time><ele>2535.8</ele><extensions><power>287</power><tpx1:TrackPointExtension><tpx1:atemp>14</tpx1:atemp><tpx1:hr>146</tpx1:hr><tpx1:cad>89</tpx1:cad></tpx1:TrackPointExtension></extensions></trkpt><trkpt lat="39.017342" lon="-105.064285"><time>2024-08-09T19:59:55.000Z</time><ele>2536</ele><extensions><power>291</power><tpx1:TrackPointExtension><tpx1:atemp>14</tpx1:atemp><tpx1:hr>146</tpx1:hr><tpx1:cad>90</tpx1:cad></tpx1:TrackPointExtension></extensions></trkpt><trkpt lat="39.0173" lon="-105.06427"><time>2024-08-09T19:59:56.000Z</time><ele>2536.2</ele><extensions><power>311</power><tpx1:TrackPointExtension><tpx1:atemp>14</tpx1:atemp><tpx1:hr>146</tpx1:hr><tpx1:cad>93</tpx1:cad></tpx1:TrackPointExtension></extensions></trkpt><trkpt lat="39.017261" lon="-105.064247"><time>2024-08-09T19:59:57.000Z</time><ele>2536.4</ele><extensions><power>334</power><tpx1:TrackPointExtension><tpx1:atemp>14</tpx1:atemp><tpx1:hr>146</tpx1:hr><tpx1:cad>93</tpx1:cad></tpx1:TrackPointExtension></extensions></trkpt><trkpt lat="39.01722" lon="-105.064232"><time>2024-08-09T19:59:58.000Z</time><ele>2536.6</ele><extensions><power>295</power><tpx1:TrackPointExtension><tpx1:atemp>14</tpx1:atemp><tpx1:hr>147</tpx1:hr><tpx1:cad>92</tpx1:cad></tpx1:TrackPointExtension></extensions></trkpt><trkpt lat="39.01717" lon="-105.064217"><time>2024-08-09T19:59:59.000Z</time><ele>2536.6</ele><extensions><power>269</power><tpx1:TrackPointExtension><tpx1:atemp>14</tpx1:atemp><tpx1:hr>147</tpx1:hr><tpx1:cad>93</tpx1:cad></tpx1:TrackPointExtension></extensions></trkpt><trkpt lat="39.017124" lon="-105.064194"><time>2024-08-09T20:00:00.000Z</time><ele>2536.8</ele><extensions><power>267</power><tpx1:TrackPointExtension><tpx1:atemp>14</tpx1:atemp><tpx1:hr>148</tpx1:hr><tpx1:cad>92</tpx1:cad></tpx1:TrackPointExtension></extensions></trkpt><trkpt lat="39.017082" lon="-105.064178"><time>2024-08-09T20:00:01.000Z</time><ele>2537</ele><extensions><power>281</power><tpx1:TrackPointExtension><tpx1:atemp>14</tpx1:atemp><tpx1:hr>148</tpx1:hr><tpx1:cad>93</tpx1:cad></tpx1:TrackPointExtension></extensions></trkpt><trkpt lat="39.017036" lon="-105.064156"><time>2024-08-09T20:00:02.000Z</time><ele>2537.2</ele><extensions><power>299</power><tpx1:TrackPointExtension><tpx1:atemp>14</tpx1:atemp><tpx1:hr>148</tpx1:hr><tpx1:cad>94</tpx1:cad></tpx1:TrackPointExtension></extensions></trkpt><trkpt lat="39.016994" lon="-105.06414"><time>2024-08-09T20:00:03.000Z</time><ele>2537.4</ele><extensions><power>311</power><tpx1:TrackPointExtension><tpx1:atemp>14</tpx1:atemp><tpx1:hr>148</tpx1:hr><tpx1:cad>97</tpx1:cad></tpx1:TrackPointExtension></extensions></trkpt><trkpt lat="39.016945" lon="-105.064133"><time>2024-08-09T20:00:04.000Z</time><ele>2537.6</ele><extensions><power>303</power><tpx1:TrackPointExtension><tpx1:atemp>14</tpx1:atemp><tpx1:hr>148</tpx1:hr><tpx1:cad>99</tpx1:cad></tpx1:TrackPointExtension></extensions></trkpt><trkpt lat="39.016899" lon="-105.064117"><time>2024-08-09T20:00:05.000Z</time><ele>2537.6</ele><extensions><power>260</power><tpx1:TrackPointExtension><tpx1:atemp>14</tpx1:atemp><tpx1:hr>149</tpx1:hr><tpx1:cad>100</tpx1:cad></tpx1:TrackPointExtension></extensions></trkpt><trkpt lat="39.016849" lon="-105.064102"><time>2024-08-09T20:00:06.000Z</time><ele>2537.6</ele><extensions><power>241</power><tpx1:TrackPointExtension><tpx1:atemp>14</tpx1:atemp><tpx1:hr>149</tpx1:hr><tpx1:cad>91</tpx1:cad></tpx1:TrackPointExtension></extensions></trkpt><trkpt lat="39.016804" lon="-105.064079"><time>2024-08-09T20:00:07.000Z</time><ele>2537.8</ele><extensions><power>238</power><tpx1:TrackPointExtension><tpx1:atemp>14</tpx1:atemp><tpx1:hr>149</tpx1:hr><tpx1:cad>90</tpx1:cad></tpx1:TrackPointExtension></extensions></trkpt><trkpt lat="39.016754" lon="-105.064064"><time>2024-08-09T20:00:08.000Z</time><ele>2537.8</ele><extensions><power>245</power><tpx1:TrackPointExtension><tpx1:atemp>14</tpx1:atemp><tpx1:hr>149</tpx1:hr><tpx1:cad>91</tpx1:cad></tpx1:TrackPointExtension></extensions></trkpt><trkpt lat="39.016705" lon="-105.064049"><time>2024-08-09T20:00:09.000Z</time><ele>2537.8</ele><extensions><power>257</power><tpx1:TrackPointExtension><tpx1:atemp>14</tpx1:atemp><tpx1:hr>149</tpx1:hr><tpx1:cad>92</tpx1:cad></tpx1:TrackPointExtension></extensions></trkpt><trkpt lat="39.016655" lon="-105.064033"><time>2024-08-09T20:00:10.000Z</time><ele>2538</ele><extensions><power>247</power><tpx1:TrackPointExtension><tpx1:atemp>14</tpx1:atemp><tpx1:hr>149</tpx1:hr><tpx1:cad>92</tpx1:cad></tpx1:TrackPointExtension></extensions></trkpt><trkpt lat="39.016602" lon="-105.064018"><time>2024-08-09T20:00:11.000Z</time><ele>2538</ele><extensions><power>247</power><tpx1:TrackPointExtension><tpx1:atemp>14</tpx1:atemp><tpx1:hr>149</tpx1:hr><tpx1:cad>91</tpx1:cad></tpx1:TrackPointExtension></extensions></trkpt><trkpt lat="39.016552" lon="-105.064003"><time>2024-08-09T20:00:12.000Z</time><ele>2538</ele><extensions><power>251</power><tpx1:TrackPointExtension><tpx1:atemp>14</tpx1:atemp><tpx1:hr>149</tpx1:hr><tpx1:cad>95</tpx1:cad></tpx1:TrackPointExtension></extensions></trkpt><trkpt lat="39.016499" lon="-105.063988"><time>2024-08-09T20:00:13.000Z</time><ele>2538</ele><extensions><power>250</power><tpx1:TrackPointExtension><tpx1:atemp>14</tpx1:atemp><tpx1:hr>149</tpx1:hr><tpx1:cad>94</tpx1:cad></tpx1:TrackPointExtension></extensions></trkpt><trkpt lat="39.016441" lon="-105.063972"><time>2024-08-09T20:00:14.000Z</time><ele>2538</ele><extensions><power>227</power><tpx1:TrackPointExtension><tpx1:atemp>14</tpx1:atemp><tpx1:hr>148</tpx1:hr><tpx1:cad>95</tpx1:cad></tpx1:TrackPointExtension></extensions></trkpt><trkpt lat="39.016392" lon="-105.063957"><time>2024-08-09T20:00:15.000Z</time><ele>2538</ele><extensions><power>224</power><tpx1:TrackPointExtension><tpx1:atemp>14</tpx1:atemp><tpx1:hr>148</tpx1:hr><tpx1:cad>96</tpx1:cad></tpx1:TrackPointExtension></extensions></trkpt><trkpt lat="39.016335" lon="-105.063942"><time>2024-08-09T20:00:16.000Z</time><ele>2538</ele><extensions><power>238</power><tpx1:TrackPointExtension><tpx1:atemp>14</tpx1:atemp><tpx1:hr>148</tpx1:hr><tpx1:cad>98</tpx1:cad></tpx1:TrackPointExtension></extensions></trkpt><trkpt lat="39.016285" lon="-105.063927"><time>2024-08-09T20:00:17.000Z</time><ele>2538</ele><extensions><power>237</power><tpx1:TrackPointExtension><tpx1:atemp>14</tpx1:atemp><tpx1:hr>148</tpx1:hr><tpx1:cad>95</tpx1:cad></tpx1:TrackPointExtension></extensions></trkpt><trkpt lat="39.016228" lon="-105.063911"><time>2024-08-09T20:00:18.000Z</time><ele>2538</ele><extensions><power>222</power><tpx1:TrackPointExtension><tpx1:atemp>14</tpx1:atemp><tpx1:hr>147</tpx1:hr><tpx1:cad>88</tpx1:cad></tpx1:TrackPointExtension></extensions></trkpt><trkpt lat="39.01617" lon="-105.063896"><time>2024-08-09T20:00:19.000Z</time><ele>2538</ele><extensions><power>224</power><tpx1:TrackPointExtension><tpx1:atemp>14</tpx1:atemp><tpx1:hr>147</tpx1:hr><tpx1:cad>93</tpx1:cad></tpx1:TrackPointExtension></extensions></trkpt><trkpt lat="39.016109" lon="-105.063881"><time>2024-08-09T20:00:20.000Z</time><ele>2538</ele><extensions><power>241</power><tpx1:TrackPointExtension><tpx1:atemp>14</tpx1:atemp><tpx1:hr>146</tpx1:hr><tpx1:cad>94</tpx1:cad></tpx1:TrackPointExtension></extensions></trkpt><trkpt lat="39.016052" lon="-105.063866"><time>2024-08-09T20:00:21.000Z</time><ele>2538</ele><extensions><power>227</power><tpx1:TrackPointExtension><tpx1:atemp>14</tpx1:atemp><tpx1:hr>146</tpx1:hr><tpx1:cad>96</tpx1:cad></tpx1:TrackPointExtension></extensions></trkpt><trkpt lat="39.015991" lon="-105.063858"><time>2024-08-09T20:00:22.000Z</time><ele>2538</ele><extensions><power>212</power><tpx1:TrackPointExtension><tpx1:atemp>14</tpx1:atemp><tpx1:hr>146</tpx1:hr><tpx1:cad>95</tpx1:cad></tpx1:TrackPointExtension></extensions></trkpt><trkpt lat="39.01593" lon="-105.063843"><time>2024-08-09T20:00:23.000Z</time><ele>2538</ele><extensions><power>203</power><tpx1:TrackPointExtension><tpx1:atemp>14</tpx1:atemp><tpx1:hr>146</tpx1:hr><tpx1:cad>88</tpx1:cad></tpx1:TrackPointExtension></extensions></trkpt><trkpt lat="39.015873" lon="-105.063835"><time>2024-08-09T20:00:24.000Z</time><ele>2538</ele><extensions><power>181</power><tpx1:TrackPointExtension><tpx1:atemp>14</tpx1:atemp><tpx1:hr>146</tpx1:hr><tpx1:cad>90</tpx1:cad></tpx1:TrackPointExtension></extensions></trkpt><trkpt lat="39.0158" lon="-105.063835"><time>2024-08-09T20:00:25.000Z</time><ele>2537.8</ele><extensions><power>176</power><tpx1:TrackPointExtension><tpx1:atemp>14</tpx1:atemp><tpx1:hr>146</tpx1:hr><tpx1:cad>91</tpx1:cad></tpx1:TrackPointExtension></extensions></trkpt><trkpt lat="39.015732" lon="-105.063827"><time>2024-08-09T20:00:26.000Z</time><ele>2537.6</ele><extensions><power>176</power><tpx1:TrackPointExtension><tpx1:atemp>14</tpx1:atemp><tpx1:hr>145</tpx1:hr><tpx1:cad>93</tpx1:cad></tpx1:TrackPointExtension></extensions></trkpt><trkpt lat="39.015663" lon="-105.06382"><time>2024-08-09T20:00:27.000Z</time><ele>2537.4</ele><extensions><power>171</power><tpx1:TrackPointExtension><tpx1:atemp>14</tpx1:atemp><tpx1:hr>145</tpx1:hr><tpx1:cad>96</tpx1:cad></tpx1:TrackPointExtension></extensions></trkpt><trkpt lat="39.015591" lon="-105.063812"><time>2024-08-09T20:00:28.000Z</time><ele>2537.2</ele><extensions><power>170</power><tpx1:TrackPointExtension><tpx1:atemp>14</tpx1:atemp><tpx1:hr>144</tpx1:hr><tpx1:cad>95</tpx1:cad></tpx1:TrackPointExtension></extensions></trkpt><trkpt lat="39.015522" lon="-105.063805"><time>2024-08-09T20:00:29.000Z</time><ele>2537</ele><extensions><power>164</power><tpx1:TrackPointExtension><tpx1:atemp>14</tpx1:atemp><tpx1:hr>143</tpx1:hr><tpx1:cad>92</tpx1:cad></tpx1:TrackPointExtension></extensions></trkpt><trkpt lat="39.015442" lon="-105.063805"><time>2024-08-09T20:00:30.000Z</time><ele>2536.6</ele><extensions><power>181</power><tpx1:TrackPointExtension><tpx1:atemp>14</tpx1:atemp><tpx1:hr>143</tpx1:hr><tpx1:cad>95</tpx1:cad></tpx1:TrackPointExtension></extensions></trkpt><trkpt lat="39.015369" lon="-105.063797"><time>2024-08-09T20:00:31.000Z</time><ele>2536.4</ele><extensions><power>201</power><tpx1:TrackPointExtension><tpx1:atemp>14</tpx1:atemp><tpx1:hr>141</tpx1:hr><tpx1:cad>99</tpx1:cad></tpx1:TrackPointExtension></extensions></trkpt><trkpt lat="39.015289" lon="-105.063797"><time>2024-08-09T20:00:32.000Z</time><ele>2536.2</ele><extensions><power>191</power><tpx1:TrackPointExtension><tpx1:atemp>14</tpx1:atemp><tpx1:hr>140</tpx1:hr><tpx1:cad>95</tpx1:cad></tpx1:TrackPointExtension></extensions></trkpt><trkpt lat="39.015209" lon="-105.063789"><time>2024-08-09T20:00:33.000Z</time><ele>2535.8</ele><extensions><power>185</power><tpx1:TrackPointExtension><tpx1:atemp>14</tpx1:atemp><tpx1:hr>139</tpx1:hr><tpx1:cad>93</tpx1:cad></tpx1:TrackPointExtension></extensions></trkpt><trkpt lat="39.015125" lon="-105.063782"><time>2024-08-09T20:00:34.000Z</time><ele>2535.6</ele><extensions><power>182</power><tpx1:TrackPointExtension><tpx1:atemp>14</tpx1:atemp><tpx1:hr>138</tpx1:hr><tpx1:cad>87</tpx1:cad></tpx1:TrackPointExtension></extensions></trkpt><trkpt lat="39.015045" lon="-105.063782"><time>2024-08-09T20:00:35.000Z</time><ele>2535.4</ele><extensions><power>176</power><tpx1:TrackPointExtension><tpx1:atemp>14</tpx1:atemp><tpx1:hr>138</tpx1:hr><tpx1:cad>59</tpx1:cad></tpx1:TrackPointExtension></extensions></trkpt><trkpt lat="39.014957" lon="-105.063774"><time>2024-08-09T20:00:36.000Z</time><ele>2535.2</ele><extensions><power>171</power><tpx1:TrackPointExtension><tpx1:atemp>14</tpx1:atemp><tpx1:hr>137</tpx1:hr><tpx1:cad>31</tpx1:cad></tpx1:TrackPointExtension></extensions></trkpt><trkpt lat="39.014873" lon="-105.063774"><time>2024-08-09T20:00:37.000Z</time><ele>2535</ele><extensions><power>0</power><tpx1:TrackPointExtension><tpx1:atemp>14</tpx1:atemp><tpx1:hr>136</tpx1:hr><tpx1:cad>3</tpx1:cad></tpx1:TrackPointExtension></extensions></trkpt><trkpt lat="39.014793" lon="-105.063766"><time>2024-08-09T20:00:38.000Z</time><ele>2535</ele><extensions><power>0</power><tpx1:TrackPointExtension><tpx1:atemp>14</tpx1:atemp><tpx1:hr>135</tpx1:hr><tpx1:cad>0</tpx1:cad></tpx1:TrackPointExtension></extensions></trkpt><trkpt lat="39.014709" lon="-105.063766"><time>2024-08-09T20:00:39.000Z</time><ele>2534.6</ele><extensions><power>6</power><tpx1:TrackPointExtension><tpx1:atemp>14</tpx1:atemp><tpx1:hr>135</tpx1:hr><tpx1:cad>20</tpx1:cad></tpx1:TrackPointExtension></extensions></trkpt><trkpt lat="39.014622" lon="-105.063759"><time>2024-08-09T20:00:40.000Z</time><ele>2534.2</ele><extensions><power>24</power><tpx1:TrackPointExtension><tpx1:atemp>14</tpx1:atemp><tpx1:hr>134</tpx1:hr><tpx1:cad>80</tpx1:cad></tpx1:TrackPointExtension></extensions></trkpt><trkpt lat="39.01453" lon="-105.063759"><time>2024-08-09T20:00:41.000Z</time><ele>2534</ele><extensions><power>125</power><tpx1:TrackPointExtension><tpx1:atemp>14</tpx1:atemp><tpx1:hr>133</tpx1:hr><tpx1:cad>88</tpx1:cad></tpx1:TrackPointExtension></extensions></trkpt><trkpt lat="39.014439" lon="-105.063751"><time>2024-08-09T20:00:42.000Z</time><ele>2533.6</ele><extensions><power>164</power><tpx1:TrackPointExtension><tpx1:atemp>14</tpx1:atemp><tpx1:hr>133</tpx1:hr><tpx1:cad>89</tpx1:cad></tpx1:TrackPointExtension></extensions></trkpt><trkpt lat="39.014347" lon="-105.063744"><time>2024-08-09T20:00:43.000Z</time><ele>2533.4</ele><extensions><power>181</power><tpx1:TrackPointExtension><tpx1:atemp>14</tpx1:atemp><tpx1:hr>132</tpx1:hr><tpx1:cad>94</tpx1:cad></tpx1:TrackPointExtension></extensions></trkpt><trkpt lat="39.014252" lon="-105.063744"><time>2024-08-09T20:00:44.000Z</time><ele>2533.2</ele><extensions><power>201</power><tpx1:TrackPointExtension><tpx1:atemp>14</tpx1:atemp><tpx1:hr>130</tpx1:hr><tpx1:cad>94</tpx1:cad></tpx1:TrackPointExtension></extensions></trkpt><trkpt lat="39.01416" lon="-105.063736"><time>2024-08-09T20:00:45.000Z</time><ele>2532.8</ele><extensions><power>190</power><tpx1:TrackPointExtension><tpx1:atemp>14</tpx1:atemp><tpx1:hr>129</tpx1:hr><tpx1:cad>94</tpx1:cad></tpx1:TrackPointExtension></extensions></trkpt><trkpt lat="39.014061" lon="-105.063728"><time>2024-08-09T20:00:46.000Z</time><ele>2532.2</ele><extensions><power>165</power><tpx1:TrackPointExtension><tpx1:atemp>14</tpx1:atemp><tpx1:hr>128</tpx1:hr><tpx1:cad>95</tpx1:cad></tpx1:TrackPointExtension></extensions></trkpt><trkpt lat="39.013962" lon="-105.063728"><time>2024-08-09T20:00:47.000Z</time><ele>2532</ele><extensions><power>168</power><tpx1:TrackPointExtension><tpx1:atemp>14</tpx1:atemp><tpx1:hr>128</tpx1:hr><tpx1:cad>95</tpx1:cad></tpx1:TrackPointExtension></extensions></trkpt><trkpt lat="39.01387" lon="-105.063728"><time>2024-08-09T20:00:48.000Z</time><ele>2531.4</ele><extensions><power>175</power><tpx1:TrackPointExtension><tpx1:atemp>14</tpx1:atemp><tpx1:hr>128</tpx1:hr><tpx1:cad>95</tpx1:cad></tpx1:TrackPointExtension></extensions></trkpt><trkpt lat="39.013779" lon="-105.063721"><time>2024-08-09T20:00:49.000Z</time><ele>2531.4</ele><extensions><power>183</power><tpx1:TrackPointExtension><tpx1:atemp>14</tpx1:atemp><tpx1:hr>128</tpx1:hr><tpx1:cad>96</tpx1:cad></tpx1:TrackPointExtension></extensions></trkpt><trkpt lat="39.013691" lon="-105.063713"><time>2024-08-09T20:00:50.000Z</time><ele>2531.2</ele><extensions><power>201</power><tpx1:TrackPointExtension><tpx1:atemp>14</tpx1:atemp><tpx1:hr>129</tpx1:hr><tpx1:cad>95</tpx1:cad></tpx1:TrackPointExtension></extensions></trkpt><trkpt lat="39.013599" lon="-105.063705"><time>2024-08-09T20:00:51.000Z</time><ele>2531</ele><extensions><power>208</power><tpx1:TrackPointExtension><tpx1:atemp>14</tpx1:atemp><tpx1:hr>129</tpx1:hr><tpx1:cad>94</tpx1:cad></tpx1:TrackPointExtension></extensions></trkpt><trkpt lat="39.013504" lon="-105.063698"><time>2024-08-09T20:00:52.000Z</time><ele>2530.8</ele><extensions><power>210</power><tpx1:TrackPointExtension><tpx1:atemp>14</tpx1:atemp><tpx1:hr>129</tpx1:hr><tpx1:cad>95</tpx1:cad></tpx1:TrackPointExtension></extensions></trkpt><trkpt lat="39.013416" lon="-105.063683"><time>2024-08-09T20:00:53.000Z</time><ele>2530.6</ele><extensions><power>218</power><tpx1:TrackPointExtension><tpx1:atemp>14</tpx1:atemp><tpx1:hr>128</tpx1:hr><tpx1:cad>95</tpx1:cad></tpx1:TrackPointExtension></extensions></trkpt><trkpt lat="39.013321" lon="-105.063675"><time>2024-08-09T20:00:54.000Z</time><ele>2530.4</ele><extensions><power>227</power><tpx1:TrackPointExtension><tpx1:atemp>14</tpx1:atemp><tpx1:hr>127</tpx1:hr><tpx1:cad>96</tpx1:cad></tpx1:TrackPointExtension></extensions></trkpt><trkpt lat="39.013226" lon="-105.063667"><time>2024-08-09T20:00:55.000Z</time><ele>2530.2</ele><extensions><power>231</power><tpx1:TrackPointExtension><tpx1:atemp>14</tpx1:atemp><tpx1:hr>125</tpx1:hr><tpx1:cad>95</tpx1:cad></tpx1:TrackPointExtension></extensions></trkpt><trkpt lat="39.013134" lon="-105.063652"><time>2024-08-09T20:00:56.000Z</time><ele>2530</ele><extensions><power>231</power><tpx1:TrackPointExtension><tpx1:atemp>14</tpx1:atemp><tpx1:hr>123</tpx1:hr><tpx1:cad>95</tpx1:cad></tpx1:TrackPointExtension></extensions></trkpt><trkpt lat="39.013046" lon="-105.06366"><time>2024-08-09T20:00:57.000Z</time><ele>2529.8</ele><extensions><power>226</power><tpx1:TrackPointExtension><tpx1:atemp>14</tpx1:atemp><tpx1:hr>121</tpx1:hr><tpx1:cad>94</tpx1:cad></tpx1:TrackPointExtension></extensions></trkpt><trkpt lat="39.012955" lon="-105.06366"><time>2024-08-09T20:00:58.000Z</time><ele>2529.6</ele><extensions><power>212</power><tpx1:TrackPointExtension><tpx1:atemp>14</tpx1:atemp><tpx1:hr>120</tpx1:hr><tpx1:cad>93</tpx1:cad></tpx1:TrackPointExtension></extensions></trkpt><trkpt lat="39.012867" lon="-105.063652"><time>2024-08-09T20:00:59.000Z</time><ele>2529.6</ele><extensions><power>209</power><tpx1:TrackPointExtension><tpx1:atemp>14</tpx1:atemp><tpx1:hr>120</tpx1:hr><tpx1:cad>93</tpx1:cad></tpx1:TrackPointExtension></extensions></trkpt><trkpt lat="39.012779" lon="-105.063644"><time>2024-08-09T20:01:00.000Z</time><ele>2529.6</ele><extensions><power>217</power><tpx1:TrackPointExtension><tpx1:atemp>14</tpx1:atemp><tpx1:hr>121</tpx1:hr><tpx1:cad>89</tpx1:cad></tpx1:TrackPointExtension></extensions></trkpt><trkpt lat="39.012688" lon="-105.063637"><time>2024-08-09T20:01:01.000Z</time><ele>2529.6</ele><extensions><power>229</power><tpx1:TrackPointExtension><tpx1:atemp>14</tpx1:atemp><tpx1:hr>122</tpx1:hr><tpx1:cad>90</tpx1:cad></tpx1:TrackPointExtension></extensions></trkpt><trkpt lat="39.012604" lon="-105.063629"><time>2024-08-09T20:01:02.000Z</time><ele>2529.4</ele><extensions><power>227</power><tpx1:TrackPointExtension><tpx1:atemp>14</tpx1:atemp><tpx1:hr>123</tpx1:hr><tpx1:cad>89</tpx1:cad></tpx1:TrackPointExtension></extensions></trkpt><trkpt lat="39.01252" lon="-105.063621"><time>2024-08-09T20:01:03.000Z</time><ele>2529.4</ele><extensions><power>235</power><tpx1:TrackPointExtension><tpx1:atemp>14</tpx1:atemp><tpx1:hr>124</tpx1:hr><tpx1:cad>88</tpx1:cad></tpx1:TrackPointExtension></extensions></trkpt><trkpt lat="39.012436" lon="-105.063621"><time>2024-08-09T20:01:04.000Z</time><ele>2529.4</ele><extensions><power>240</power><tpx1:TrackPointExtension><tpx1:atemp>14</tpx1:atemp><tpx1:hr>124</tpx1:hr><tpx1:cad>87</tpx1:cad></tpx1:TrackPointExtension></extensions></trkpt><trkpt lat="39.012352" lon="-105.063614"><time>2024-08-09T20:01:05.000Z</time><ele>2529.6</ele><extensions><power>245</power><tpx1:TrackPointExtension><tpx1:atemp>14</tpx1:atemp><tpx1:hr>124</tpx1:hr><tpx1:cad>97</tpx1:cad></tpx1:TrackPointExtension></extensions></trkpt><trkpt lat="39.012268" lon="-105.063606"><time>2024-08-09T20:01:06.000Z</time><ele>2529.8</ele><extensions><power>253</power><tpx1:TrackPointExtension><tpx1:atemp>14</tpx1:atemp><tpx1:hr>124</tpx1:hr><tpx1:cad>95</tpx1:cad></tpx1:TrackPointExtension></extensions></trkpt><trkpt lat="39.012192" lon="-105.063606"><time>2024-08-09T20:01:07.000Z</time><ele>2530</ele><extensions><power>273</power><tpx1:TrackPointExtension><tpx1:atemp>14</tpx1:atemp><tpx1:hr>123</tpx1:hr><tpx1:cad>94</tpx1:cad></tpx1:TrackPointExtension></extensions></trkpt><trkpt lat="39.012112" lon="-105.063599"><time>2024-08-09T20:01:08.000Z</time><ele>2530</ele><extensions><power>257</power><tpx1:TrackPointExtension><tpx1:atemp>14</tpx1:atemp><tpx1:hr>123</tpx1:hr><tpx1:cad>94</tpx1:cad></tpx1:TrackPointExtension></extensions></trkpt><trkpt lat="39.012028" lon="-105.063591"><time>2024-08-09T20:01:09.000Z</time><ele>2530</ele><extensions><power>252</power><tpx1:TrackPointExtension><tpx1:atemp>14</tpx1:atemp><tpx1:hr>124</tpx1:hr><tpx1:cad>93</tpx1:cad></tpx1:TrackPointExtension></extensions></trkpt><trkpt lat="39.011944" lon="-105.063583"><time>2024-08-09T20:01:10.000Z</time><ele>2530.2</ele><extensions><power>258</power><tpx1:TrackPointExtension><tpx1:atemp>14</tpx1:atemp><tpx1:hr>125</tpx1:hr><tpx1:cad>93</tpx1:cad></tpx1:TrackPointExtension></extensions></trkpt><trkpt lat="39.011868" lon="-105.063583"><time>2024-08-09T20:01:11.000Z</time><ele>2530.2</ele><extensions><power>252</power><tpx1:TrackPointExtension><tpx1:atemp>14</tpx1:atemp><tpx1:hr>126</tpx1:hr><tpx1:cad>93</tpx1:cad></tpx1:TrackPointExtension></extensions></trkpt><trkpt lat="39.011791" lon="-105.063576"><time>2024-08-09T20:01:12.000Z</time><ele>2530.2</ele><extensions><power>252</power><tpx1:TrackPointExtension><tpx1:atemp>14</tpx1:atemp><tpx1:hr>127</tpx1:hr><tpx1:cad>91</tpx1:cad></tpx1:TrackPointExtension></extensions></trkpt><trkpt lat="39.011711" lon="-105.063576"><time>2024-08-09T20:01:13.000Z</time><ele>2530.2</ele><extensions><power>252</power><tpx1:TrackPointExtension><tpx1:atemp>14</tpx1:atemp><tpx1:hr>127</tpx1:hr><tpx1:cad>90</tpx1:cad></tpx1:TrackPointExtension></extensions></trkpt><trkpt lat="39.011635" lon="-105.063568"><time>2024-08-09T20:01:14.000Z</time><ele>2530.4</ele><extensions><power>251</power><tpx1:TrackPointExtension><tpx1:atemp>14</tpx1:atemp><tpx1:hr>128</tpx1:hr><tpx1:cad>89</tpx1:cad></tpx1:TrackPointExtension></extensions></trkpt><trkpt lat="39.011558" lon="-105.063568"><time>2024-08-09T20:01:15.000Z</time><ele>2530.8</ele><extensions><power>248</power><tpx1:TrackPointExtension><tpx1:atemp>14</tpx1:atemp><tpx1:hr>129</tpx1:hr><tpx1:cad>87</tpx1:cad></tpx1:TrackPointExtension></extensions></trkpt><trkpt lat="39.011482" lon="-105.06356"><time>2024-08-09T20:01:16.000Z</time><ele>2531</ele><extensions><power>248</power><tpx1:TrackPointExtension><tpx1:atemp>14</tpx1:atemp><tpx1:hr>129</tpx1:hr><tpx1:cad>88</tpx1:cad></tpx1:TrackPointExtension></extensions></trkpt><trkpt lat="39.01141" lon="-105.063553"><time>2024-08-09T20:01:17.000Z</time><ele>2531</ele><extensions><power>248</power><tpx1:TrackPointExtension><tpx1:atemp>14</tpx1:atemp><tpx1:hr>129</tpx1:hr><tpx1:cad>87</tpx1:cad></tpx1:TrackPointExtension></extensions></trkpt><trkpt lat="39.011333" lon="-105.063545"><time>2024-08-09T20:01:18.000Z</time><ele>2531.2</ele><extensions><power>251</power><tpx1:TrackPointExtension><tpx1:atemp>14</tpx1:atemp><tpx1:hr>130</tpx1:hr><tpx1:cad>88</tpx1:cad></tpx1:TrackPointExtension></extensions></trkpt><trkpt lat="39.011261" lon="-105.063545"><time>2024-08-09T20:01:19.000Z</time><ele>2531.2</ele><extensions><power>249</power><tpx1:TrackPointExtension><tpx1:atemp>14</tpx1:atemp><tpx1:hr>130</tpx1:hr><tpx1:cad>88</tpx1:cad></tpx1:TrackPointExtension></extensions></trkpt><trkpt lat="39.011189" lon="-105.063538"><time>2024-08-09T20:01:20.000Z</time><ele>2531.4</ele><extensions><power>247</power><tpx1:TrackPointExtension><tpx1:atemp>14</tpx1:atemp><tpx1:hr>130</tpx1:hr><tpx1:cad>93</tpx1:cad></tpx1:TrackPointExtension></extensions></trkpt><trkpt lat="39.011116" lon="-105.06353"><time>2024-08-09T20:01:21.000Z</time><ele>2531.6</ele><extensions><power>246</power><tpx1:TrackPointExtension><tpx1:atemp>14</tpx1:atemp><tpx1:hr>130</tpx1:hr><tpx1:cad>92</tpx1:cad></tpx1:TrackPointExtension></extensions></trkpt><trkpt lat="39.011044" lon="-105.063522"><time>2024-08-09T20:01:22.000Z</time><ele>2532</ele><extensions><power>236</power><tpx1:TrackPointExtension><tpx1:atemp>14</tpx1:atemp><tpx1:hr>130</tpx1:hr><tpx1:cad>90</tpx1:cad></tpx1:TrackPointExtension></extensions></trkpt><trkpt lat="39.010979" lon="-105.063522"><time>2024-08-09T20:01:23.000Z</time><ele>2532.2</ele><extensions><power>289</power><tpx1:TrackPointExtension><tpx1:atemp>14</tpx1:atemp><tpx1:hr>130</tpx1:hr><tpx1:cad>88</tpx1:cad></tpx1:TrackPointExtension></extensions></trkpt><trkpt lat="39.01091" lon="-105.063515"><time>2024-08-09T20:01:24.000Z</time><ele>2532.4</ele><extensions><power>321</power><tpx1:TrackPointExtension><tpx1:atemp>14</tpx1:atemp><tpx1:hr>130</tpx1:hr><tpx1:cad>93</tpx1:cad></tpx1:TrackPointExtension></extensions></trkpt><trkpt lat="39.010838" lon="-105.063507"><time>2024-08-09T20:01:25.000Z</time><ele>2532.4</ele><extensions><power>292</power><tpx1:TrackPointExtension><tpx1:atemp>14</tpx1:atemp><tpx1:hr>130</tpx1:hr><tpx1:cad>98</tpx1:cad></tpx1:TrackPointExtension></extensions></trkpt><trkpt lat="39.010773" lon="-105.063507"><time>2024-08-09T20:01:26.000Z</time><ele>2532.6</ele><extensions><power>276</power><tpx1:TrackPointExtension><tpx1:atemp>14</tpx1:atemp><tpx1:hr>130</tpx1:hr><tpx1:cad>97</tpx1:cad></tpx1:TrackPointExtension></extensions></trkpt><trkpt lat="39.0107" lon="-105.063499"><time>2024-08-09T20:01:27.000Z</time><ele>2532.6</ele><extensions><power>276</power><tpx1:TrackPointExtension><tpx1:atemp>14</tpx1:atemp><tpx1:hr>130</tpx1:hr><tpx1:cad>96</tpx1:cad></tpx1:TrackPointExtension></extensions></trkpt><trkpt lat="39.010632" lon="-105.063492"><time>2024-08-09T20:01:28.000Z</time><ele>2532.8</ele><extensions><power>283</power><tpx1:TrackPointExtension><tpx1:atemp>14</tpx1:atemp><tpx1:hr>130</tpx1:hr><tpx1:cad>96</tpx1:cad></tpx1:TrackPointExtension></extensions></trkpt><trkpt lat="39.010567" lon="-105.063484"><time>2024-08-09T20:01:29.000Z</time><ele>2533</ele><extensions><power>293</power><tpx1:TrackPointExtension><tpx1:atemp>14</tpx1:atemp><tpx1:hr>130</tpx1:hr><tpx1:cad>95</tpx1:cad></tpx1:TrackPointExtension></extensions></trkpt><trkpt lat="39.010502" lon="-105.063484"><time>2024-08-09T20:01:30.000Z</time><ele>2533.4</ele><extensions><power>291</power><tpx1:TrackPointExtension><tpx1:atemp>14</tpx1:atemp><tpx1:hr>130</tpx1:hr><tpx1:cad>93</tpx1:cad></tpx1:TrackPointExtension></extensions></trkpt><trkpt lat="39.010433" lon="-105.063477"><time>2024-08-09T20:01:31.000Z</time><ele>2533.8</ele><extensions><power>289</power><tpx1:TrackPointExtension><tpx1:atemp>14</tpx1:atemp><tpx1:hr>130</tpx1:hr><tpx1:cad>94</tpx1:cad></tpx1:TrackPointExtension></extensions></trkpt><trkpt lat="39.010368" lon="-105.063469"><time>2024-08-09T20:01:32.000Z</time><ele>2534</ele><extensions><power>290</power><tpx1:TrackPointExtension><tpx1:atemp>14</tpx1:atemp><tpx1:hr>131</tpx1:hr><tpx1:cad>94</tpx1:cad></tpx1:TrackPointExtension></extensions></trkpt><trkpt lat="39.0103" lon="-105.063469"><time>2024-08-09T20:01:33.000Z</time><ele>2534.2</ele><extensions><power>313</power><tpx1:TrackPointExtension><tpx1:atemp>14</tpx1:atemp><tpx1:hr>131</tpx1:hr><tpx1:cad>91</tpx1:cad></tpx1:TrackPointExtension></extensions></trkpt><trkpt lat="39.010235" lon="-105.063461"><time>2024-08-09T20:01:34.000Z</time><ele>2534.4</ele><extensions><power>331</power><tpx1:TrackPointExtension><tpx1:atemp>14</tpx1:atemp><tpx1:hr>132</tpx1:hr><tpx1:cad>93</tpx1:cad></tpx1:TrackPointExtension></extensions></trkpt><trkpt lat="39.01017" lon="-105.063461"><time>2024-08-09T20:01:35.000Z</time><ele>2534.6</ele><extensions><power>328</power><tpx1:TrackPointExtension><tpx1:atemp>14</tpx1:atemp><tpx1:hr>133</tpx1:hr><tpx1:cad>92</tpx1:cad></tpx1:TrackPointExtension></extensions></trkpt><trkpt lat="39.010109" lon="-105.063454"><time>2024-08-09T20:01:36.000Z</time><ele>2534.8</ele><extensions><power>320</power><tpx1:TrackPointExtension><tpx1:atemp>14</tpx1:atemp><tpx1:hr>133</tpx1:hr><tpx1:cad>89</tpx1:cad></tpx1:TrackPointExtension></extensions></trkpt><trkpt lat="39.010044" lon="-105.063454"><time>2024-08-09T20:01:37.000Z</time><ele>2535</ele><extensions><power>312</power><tpx1:TrackPointExtension><tpx1:atemp>14</tpx1:atemp><tpx1:hr>134</tpx1:hr><tpx1:cad>90</tpx1:cad></tpx1:TrackPointExtension></extensions></trkpt><trkpt lat="39.009979" lon="-105.063446"><time>2024-08-09T20:01:38.000Z</time><ele>2535.2</ele><extensions><power>327</power><tpx1:TrackPointExtension><tpx1:atemp>14</tpx1:atemp><tpx1:hr>134</tpx1:hr><tpx1:cad>89</tpx1:cad></tpx1:TrackPointExtension></extensions></trkpt><trkpt lat="39.009918" lon="-105.063438"><time>2024-08-09T20:01:39.000Z</time><ele>2535.6</ele><extensions><power>319</power><tpx1:TrackPointExtension><tpx1:atemp>14</tpx1:atemp><tpx1:hr>134</tpx1:hr><tpx1:cad>89</tpx1:cad></tpx1:TrackPointExtension></extensions></trkpt><trkpt lat="39.009857" lon="-105.063438"><time>2024-08-09T20:01:40.000Z</time><ele>2536</ele><extensions><power>337</power><tpx1:TrackPointExtension><tpx1:atemp>14</tpx1:atemp><tpx1:hr>135</tpx1:hr><tpx1:cad>89</tpx1:cad></tpx1:TrackPointExtension></extensions></trkpt><trkpt lat="39.009796" lon="-105.063431"><time>2024-08-09T20:01:41.000Z</time><ele>2536.4</ele><extensions><power>358</power><tpx1:TrackPointExtension><tpx1:atemp>14</tpx1:atemp><tpx1:hr>135</tpx1:hr><tpx1:cad>90</tpx1:cad></tpx1:TrackPointExtension></extensions></trkpt><trkpt lat="39.009727" lon="-105.063431"><time>2024-08-09T20:01:42.000Z</time><ele>2536.6</ele><extensions><power>380</power><tpx1:TrackPointExtension><tpx1:atemp>14</tpx1:atemp><tpx1:hr>135</tpx1:hr><tpx1:cad>90</tpx1:cad></tpx1:TrackPointExtension></extensions></trkpt><trkpt lat="39.009663" lon="-105.063423"><time>2024-08-09T20:01:43.000Z</time><ele>2536.8</ele><extensions><power>351</power><tpx1:TrackPointExtension><tpx1:atemp>14</tpx1:atemp><tpx1:hr>136</tpx1:hr><tpx1:cad>91</tpx1:cad></tpx1:TrackPointExtension></extensions></trkpt><trkpt lat="39.009598" lon="-105.063415"><time>2024-08-09T20:01:44.000Z</time><ele>2537</ele><extensions><power>312</power><tpx1:TrackPointExtension><tpx1:atemp>14</tpx1:atemp><tpx1:hr>136</tpx1:hr><tpx1:cad>89</tpx1:cad></tpx1:TrackPointExtension></extensions></trkpt><trkpt lat="39.009541" lon="-105.063415"><time>2024-08-09T20:01:45.000Z</time><ele>2537.2</ele><extensions><power>303</power><tpx1:TrackPointExtension><tpx1:atemp>14</tpx1:atemp><tpx1:hr>136</tpx1:hr><tpx1:cad>89</tpx1:cad></tpx1:TrackPointExtension></extensions></trkpt><trkpt lat="39.009483" lon="-105.063408"><time>2024-08-09T20:01:46.000Z</time><ele>2537.4</ele><extensions><power>276</power><tpx1:TrackPointExtension><tpx1:atemp>14</tpx1:atemp><tpx1:hr>137</tpx1:hr><tpx1:cad>87</tpx1:cad></tpx1:TrackPointExtension></extensions></trkpt><trkpt lat="39.009422" lon="-105.063408"><time>2024-08-09T20:01:47.000Z</time><ele>2537.6</ele><extensions><power>266</power><tpx1:TrackPointExtension><tpx1:atemp>14</tpx1:atemp><tpx1:hr>138</tpx1:hr><tpx1:cad>89</tpx1:cad></tpx1:TrackPointExtension></extensions></trkpt><trkpt lat="39.009361" lon="-105.0634"><time>2024-08-09T20:01:48.000Z</time><ele>2537.8</ele><extensions><power>281</power><tpx1:TrackPointExtension><tpx1:atemp>14</tpx1:atemp><tpx1:hr>138</tpx1:hr><tpx1:cad>98</tpx1:cad></tpx1:TrackPointExtension></extensions></trkpt><trkpt lat="39.0093" lon="-105.0634"><time>2024-08-09T20:01:49.000Z</time><ele>2538.2</ele><extensions><power>285</power><tpx1:TrackPointExtension><tpx1:atemp>14</tpx1:atemp><tpx1:hr>138</tpx1:hr><tpx1:cad>92</tpx1:cad></tpx1:TrackPointExtension></extensions></trkpt><trkpt lat="39.009247" lon="-105.063393"><time>2024-08-09T20:01:50.000Z</time><ele>2538.4</ele><extensions><power>293</power><tpx1:TrackPointExtension><tpx1:atemp>14</tpx1:atemp><tpx1:hr>139</tpx1:hr><tpx1:cad>90</tpx1:cad></tpx1:TrackPointExtension></extensions></trkpt><trkpt lat="39.00919" lon="-105.063393"><time>2024-08-09T20:01:51.000Z</time><ele>2538.8</ele><extensions><power>283</power><tpx1:TrackPointExtension><tpx1:atemp>14</tpx1:atemp><tpx1:hr>140</tpx1:hr><tpx1:cad>90</tpx1:cad></tpx1:TrackPointExtension></extensions></trkpt><trkpt lat="39.009136" lon="-105.063393"><time>2024-08-09T20:01:52.000Z</time><ele>2539</ele><extensions><power>291</power><tpx1:TrackPointExtension><tpx1:atemp>14</tpx1:atemp><tpx1:hr>141</tpx1:hr><tpx1:cad>89</tpx1:cad></tpx1:TrackPointExtension></extensions></trkpt><trkpt lat="39.009083" lon="-105.063385"><time>2024-08-09T20:01:53.000Z</time><ele>2539.2</ele><extensions><power>301</power><tpx1:TrackPointExtension><tpx1:atemp>14</tpx1:atemp><tpx1:hr>141</tpx1:hr><tpx1:cad>88</tpx1:cad></tpx1:TrackPointExtension></extensions></trkpt><trkpt lat="39.009029" lon="-105.063385"><time>2024-08-09T20:01:54.000Z</time><ele>2539.4</ele><extensions><power>311</power><tpx1:TrackPointExtension><tpx1:atemp>14</tpx1:atemp><tpx1:hr>142</tpx1:hr><tpx1:cad>88</tpx1:cad></tpx1:TrackPointExtension></extensions></trkpt><trkpt lat="39.008972" lon="-105.063385"><time>2024-08-09T20:01:55.000Z</time><ele>2539.8</ele><extensions><power>306</power><tpx1:TrackPointExtension><tpx1:atemp>13</tpx1:atemp><tpx1:hr>142</tpx1:hr><tpx1:cad>89</tpx1:cad></tpx1:TrackPointExtension></extensions></trkpt><trkpt lat="39.008919" lon="-105.063385"><time>2024-08-09T20:01:56.000Z</time><ele>2540</ele><extensions><power>287</power><tpx1:TrackPointExtension><tpx1:atemp>13</tpx1:atemp><tpx1:hr>142</tpx1:hr><tpx1:cad>87</tpx1:cad></tpx1:TrackPointExtension></extensions></trkpt><trkpt lat="39.008869" lon="-105.063377"><time>2024-08-09T20:01:57.000Z</time><ele>2540.2</ele><extensions><power>280</power><tpx1:TrackPointExtension><tpx1:atemp>13</tpx1:atemp><tpx1:hr>143</tpx1:hr><tpx1:cad>86</tpx1:cad></tpx1:TrackPointExtension></extensions></trkpt><trkpt lat="39.008812" lon="-105.063377"><time>2024-08-09T20:01:58.000Z</time><ele>2540.4</ele><extensions><power>275</power><tpx1:TrackPointExtension><tpx1:atemp>13</tpx1:atemp><tpx1:hr>143</tpx1:hr><tpx1:cad>86</tpx1:cad></tpx1:TrackPointExtension></extensions></trkpt><trkpt lat="39.008762" lon="-105.06337"><time>2024-08-09T20:01:59.000Z</time><ele>2540.6</ele><extensions><power>280</power><tpx1:TrackPointExtension><tpx1:atemp>13</tpx1:atemp><tpx1:hr>143</tpx1:hr><tpx1:cad>90</tpx1:cad></tpx1:TrackPointExtension></extensions></trkpt><trkpt lat="39.008713" lon="-105.06337"><time>2024-08-09T20:02:00.000Z</time><ele>2541</ele><extensions><power>282</power><tpx1:TrackPointExtension><tpx1:atemp>13</tpx1:atemp><tpx1:hr>143</tpx1:hr><tpx1:cad>92</tpx1:cad></tpx1:TrackPointExtension></extensions></trkpt><trkpt lat="39.008659" lon="-105.06337"><time>2024-08-09T20:02:01.000Z</time><ele>2541.2</ele><extensions><power>279</power><tpx1:TrackPointExtension><tpx1:atemp>13</tpx1:atemp><tpx1:hr>144</tpx1:hr><tpx1:cad>89</tpx1:cad></tpx1:TrackPointExtension></extensions></trkpt><trkpt lat="39.008614" lon="-105.063362"><time>2024-08-09T20:02:02.000Z</time><ele>2541.4</ele><extensions><power>274</power><tpx1:TrackPointExtension><tpx1:atemp>13</tpx1:atemp><tpx1:hr>144</tpx1:hr><tpx1:cad>87</tpx1:cad></tpx1:TrackPointExtension></extensions></trkpt><trkpt lat="39.008568" lon="-105.063362"><time>2024-08-09T20:02:03.000Z</time><ele>2541.6</ele><extensions><power>258</power><tpx1:TrackPointExtension><tpx1:atemp>13</tpx1:atemp><tpx1:hr>144</tpx1:hr><tpx1:cad>86</tpx1:cad></tpx1:TrackPointExtension></extensions></trkpt><trkpt lat="39.008518" lon="-105.063354"><time>2024-08-09T20:02:04.000Z</time><ele>2541.8</ele><extensions><power>264</power><tpx1:TrackPointExtension><tpx1:atemp>13</tpx1:atemp><tpx1:hr>145</tpx1:hr><tpx1:cad>84</tpx1:cad></tpx1:TrackPointExtension></extensions></trkpt><trkpt lat="39.008469" lon="-105.063347"><time>2024-08-09T20:02:05.000Z</time><ele>2542</ele><extensions><power>315</power><tpx1:TrackPointExtension><tpx1:atemp>13</tpx1:atemp><tpx1:hr>145</tpx1:hr><tpx1:cad>86</tpx1:cad></tpx1:TrackPointExtension></extensions></trkpt><trkpt lat="39.008423" lon="-105.063339"><time>2024-08-09T20:02:06.000Z</time><ele>2542.4</ele><extensions><power>353</power><tpx1:TrackPointExtension><tpx1:atemp>13</tpx1:atemp><tpx1:hr>145</tpx1:hr><tpx1:cad>87</tpx1:cad></tpx1:TrackPointExtension></extensions></trkpt><trkpt lat="39.008377" lon="-105.063332"><time>2024-08-09T20:02:07.000Z</time><ele>2542.6</ele><extensions><power>346</power><tpx1:TrackPointExtension><tpx1:atemp>13</tpx1:atemp><tpx1:hr>146</tpx1:hr><tpx1:cad>86</tpx1:cad></tpx1:TrackPointExtension></extensions></trkpt><trkpt lat="39.008327" lon="-105.063316"><time>2024-08-09T20:02:08.000Z</time><ele>2543</ele><extensions><power>324</power><tpx1:TrackPointExtension><tpx1:atemp>13</tpx1:atemp><tpx1:hr>146</tpx1:hr><tpx1:cad>85</tpx1:cad></tpx1:TrackPointExtension></extensions></trkpt><trkpt lat="39.008282" lon="-105.063309"><time>2024-08-09T20:02:09.000Z</time><ele>2543.2</ele><extensions><power>320</power><tpx1:TrackPointExtension><tpx1:atemp>13</tpx1:atemp><tpx1:hr>147</tpx1:hr><tpx1:cad>86</tpx1:cad></tpx1:TrackPointExtension></extensions></trkpt><trkpt lat="39.008236" lon="-105.063301"><time>2024-08-09T20:02:10.000Z</time><ele>2543.4</ele><extensions><power>309</power><tpx1:TrackPointExtension><tpx1:atemp>13</tpx1:atemp><tpx1:hr>147</tpx1:hr><tpx1:cad>85</tpx1:cad></tpx1:TrackPointExtension></extensions></trkpt><trkpt lat="39.00819" lon="-105.063286"><time>2024-08-09T20:02:11.000Z</time><ele>2543.8</ele><extensions><power>308</power><tpx1:TrackPointExtension><tpx1:atemp>13</tpx1:atemp><tpx1:hr>147</tpx1:hr><tpx1:cad>83</tpx1:cad></tpx1:TrackPointExtension></extensions></trkpt><trkpt lat="39.008144" lon="-105.063278"><time>2024-08-09T20:02:12.000Z</time><ele>2544</ele><extensions><power>317</power><tpx1:TrackPointExtension><tpx1:atemp>13</tpx1:atemp><tpx1:hr>147</tpx1:hr><tpx1:cad>83</tpx1:cad></tpx1:TrackPointExtension></extensions></trkpt><trkpt lat="39.008099" lon="-105.06327"><time>2024-08-09T20:02:13.000Z</time><ele>2544.4</ele><extensions><power>314</power><tpx1:TrackPointExtension><tpx1:atemp>13</tpx1:atemp><tpx1:hr>148</tpx1:hr><tpx1:cad>83</tpx1:cad></tpx1:TrackPointExtension></extensions></trkpt><trkpt lat="39.008049" lon="-105.06327"><time>2024-08-09T20:02:14.000Z</time><ele>2544.6</ele><extensions><power>317</power><tpx1:TrackPointExtension><tpx1:atemp>13</tpx1:atemp><tpx1:hr>148</tpx1:hr><tpx1:cad>83</tpx1:cad></tpx1:TrackPointExtension></extensions></trkpt><trkpt lat="39.008003" lon="-105.063263"><time>2024-08-09T20:02:15.000Z</time><ele>2544.8</ele><extensions><power>328</power><tpx1:TrackPointExtension><tpx1:atemp>13</tpx1:atemp><tpx1:hr>148</tpx1:hr><tpx1:cad>85</tpx1:cad></tpx1:TrackPointExtension></extensions></trkpt><trkpt lat="39.007957" lon="-105.063255"><time>2024-08-09T20:02:16.000Z</time><ele>2545.2</ele><extensions><power>353</power><tpx1:TrackPointExtension><tpx1:atemp>13</tpx1:atemp><tpx1:hr>148</tpx1:hr><tpx1:cad>87</tpx1:cad></tpx1:TrackPointExtension></extensions></trkpt><trkpt lat="39.007912" lon="-105.063248"><time>2024-08-09T20:02:17.000Z</time><ele>2545.4</ele><extensions><power>296</power><tpx1:TrackPointExtension><tpx1:atemp>13</tpx1:atemp><tpx1:hr>148</tpx1:hr><tpx1:cad>87</tpx1:cad></tpx1:TrackPointExtension></extensions></trkpt><trkpt lat="39.00787" lon="-105.06324"><time>2024-08-09T20:02:18.000Z</time><ele>2545.6</ele><extensions><power>243</power><tpx1:TrackPointExtension><tpx1:atemp>13</tpx1:atemp><tpx1:hr>148</tpx1:hr><tpx1:cad>79</tpx1:cad></tpx1:TrackPointExtension></extensions></trkpt><trkpt lat="39.007828" lon="-105.06324"><time>2024-08-09T20:02:19.000Z</time><ele>2545.8</ele><extensions><power>211</power><tpx1:TrackPointExtension><tpx1:atemp>13</tpx1:atemp><tpx1:hr>148</tpx1:hr><tpx1:cad>78</tpx1:cad></tpx1:TrackPointExtension></extensions></trkpt><trkpt lat="39.007786" lon="-105.063232"><time>2024-08-09T20:02:20.000Z</time><ele>2546</ele><extensions><power>223</power><tpx1:TrackPointExtension><tpx1:atemp>13</tpx1:atemp><tpx1:hr>148</tpx1:hr><tpx1:cad>80</tpx1:cad></tpx1:TrackPointExtension></extensions></trkpt><trkpt lat="39.007748" lon="-105.063232"><time>2024-08-09T20:02:21.000Z</time><ele>2546.2</ele><extensions><power>228</power><tpx1:TrackPointExtension><tpx1:atemp>13</tpx1:atemp><tpx1:hr>148</tpx1:hr><tpx1:cad>83</tpx1:cad></tpx1:TrackPointExtension></extensions></trkpt><trkpt lat="39.007709" lon="-105.063232"><time>2024-08-09T20:02:22.000Z</time><ele>2546.4</ele><extensions><power>232</power><tpx1:TrackPointExtension><tpx1:atemp>13</tpx1:atemp><tpx1:hr>148</tpx1:hr><tpx1:cad>80</tpx1:cad></tpx1:TrackPointExtension></extensions></trkpt><trkpt lat="39.007668" lon="-105.063225"><time>2024-08-09T20:02:23.000Z</time><ele>2546.6</ele><extensions><power>257</power><tpx1:TrackPointExtension><tpx1:atemp>13</tpx1:atemp><tpx1:hr>148</tpx1:hr><tpx1:cad>84</tpx1:cad></tpx1:TrackPointExtension></extensions></trkpt><trkpt lat="39.007626" lon="-105.063225"><time>2024-08-09T20:02:24.000Z</time><ele>2546.8</ele><extensions><power>269</power><tpx1:TrackPointExtension><tpx1:atemp>13</tpx1:atemp><tpx1:hr>148</tpx1:hr><tpx1:cad>82</tpx1:cad></tpx1:TrackPointExtension></extensions></trkpt><trkpt lat="39.007587" lon="-105.063225"><time>2024-08-09T20:02:25.000Z</time><ele>2547</ele><extensions><power>241</power><tpx1:TrackPointExtension><tpx1:atemp>13</tpx1:atemp><tpx1:hr>148</tpx1:hr><tpx1:cad>80</tpx1:cad></tpx1:TrackPointExtension></extensions></trkpt><trkpt lat="39.007549" lon="-105.063225"><time>2024-08-09T20:02:26.000Z</time><ele>2547.2</ele><extensions><power>260</power><tpx1:TrackPointExtension><tpx1:atemp>13</tpx1:atemp><tpx1:hr>148</tpx1:hr><tpx1:cad>80</tpx1:cad></tpx1:TrackPointExtension></extensions></trkpt><trkpt lat="39.007511" lon="-105.063217"><time>2024-08-09T20:02:27.000Z</time><ele>2547.4</ele><extensions><power>268</power><tpx1:TrackPointExtension><tpx1:atemp>13</tpx1:atemp><tpx1:hr>148</tpx1:hr><tpx1:cad>77</tpx1:cad></tpx1:TrackPointExtension></extensions></trkpt><trkpt lat="39.007473" lon="-105.063209"><time>2024-08-09T20:02:28.000Z</time><ele>2547.6</ele><extensions><power>273</power><tpx1:TrackPointExtension><tpx1:atemp>13</tpx1:atemp><tpx1:hr>148</tpx1:hr><tpx1:cad>76</tpx1:cad></tpx1:TrackPointExtension></extensions></trkpt><trkpt lat="39.007435" lon="-105.063209"><time>2024-08-09T20:02:29.000Z</time><ele>2547.8</ele><extensions><power>302</power><tpx1:TrackPointExtension><tpx1:atemp>13</tpx1:atemp><tpx1:hr>148</tpx1:hr><tpx1:cad>79</tpx1:cad></tpx1:TrackPointExtension></extensions></trkpt><trkpt lat="39.007393" lon="-105.063217"><time>2024-08-09T20:02:30.000Z</time><ele>2548</ele><extensions><power>322</power><tpx1:TrackPointExtension><tpx1:atemp>13</tpx1:atemp><tpx1:hr>148</tpx1:hr><tpx1:cad>82</tpx1:cad></tpx1:TrackPointExtension></extensions></trkpt><trkpt lat="39.007355" lon="-105.063209"><time>2024-08-09T20:02:31.000Z</time><ele>2548</ele><extensions><power>331</power><tpx1:TrackPointExtension><tpx1:atemp>13</tpx1:atemp><tpx1:hr>148</tpx1:hr><tpx1:cad>82</tpx1:cad></tpx1:TrackPointExtension></extensions></trkpt><trkpt lat="39.007313" lon="-105.063209"><time>2024-08-09T20:02:32.000Z</time><ele>2548.2</ele><extensions><power>349</power><tpx1:TrackPointExtension><tpx1:atemp>13</tpx1:atemp><tpx1:hr>148</tpx1:hr><tpx1:cad>90</tpx1:cad></tpx1:TrackPointExtension></extensions></trkpt><trkpt lat="39.007271" lon="-105.063209"><time>2024-08-09T20:02:33.000Z</time><ele>2548.4</ele><extensions><power>353</power><tpx1:TrackPointExtension><tpx1:atemp>13</tpx1:atemp><tpx1:hr>148</tpx1:hr><tpx1:cad>89</tpx1:cad></tpx1:TrackPointExtension></extensions></trkpt><trkpt lat="39.007229" lon="-105.063209"><time>2024-08-09T20:02:34.000Z</time><ele>2548.6</ele><extensions><power>303</power><tpx1:TrackPointExtension><tpx1:atemp>13</tpx1:atemp><tpx1:hr>148</tpx1:hr><tpx1:cad>83</tpx1:cad></tpx1:TrackPointExtension></extensions></trkpt><trkpt lat="39.007187" lon="-105.063202"><time>2024-08-09T20:02:35.000Z</time><ele>2548.8</ele><extensions><power>263</power><tpx1:TrackPointExtension><tpx1:atemp>13</tpx1:atemp><tpx1:hr>148</tpx1:hr><tpx1:cad>84</tpx1:cad></tpx1:TrackPointExtension></extensions></trkpt><trkpt lat="39.007153" lon="-105.063202"><time>2024-08-09T20:02:36.000Z</time><ele>2549</ele><extensions><power>223</power><tpx1:TrackPointExtension><tpx1:atemp>13</tpx1:atemp><tpx1:hr>149</tpx1:hr><tpx1:cad>80</tpx1:cad></tpx1:TrackPointExtension></extensions></trkpt><trkpt lat="39.007114" lon="-105.063202"><time>2024-08-09T20:02:37.000Z</time><ele>2549.2</ele><extensions><power>226</power><tpx1:TrackPointExtension><tpx1:atemp>13</tpx1:atemp><tpx1:hr>149</tpx1:hr><tpx1:cad>78</tpx1:cad></tpx1:TrackPointExtension></extensions></trkpt><trkpt lat="39.00708" lon="-105.063194"><time>2024-08-09T20:02:38.000Z</time><ele>2549.4</ele><extensions><power>224</power><tpx1:TrackPointExtension><tpx1:atemp>13</tpx1:atemp><tpx1:hr>149</tpx1:hr><tpx1:cad>75</tpx1:cad></tpx1:TrackPointExtension></extensions></trkpt><trkpt lat="39.007046" lon="-105.063194"><time>2024-08-09T20:02:39.000Z</time><ele>2549.6</ele><extensions><power>200</power><tpx1:TrackPointExtension><tpx1:atemp>13</tpx1:atemp><tpx1:hr>149</tpx1:hr><tpx1:cad>72</tpx1:cad></tpx1:TrackPointExtension></extensions></trkpt><trkpt lat="39.007015" lon="-105.063187"><time>2024-08-09T20:02:40.000Z</time><ele>2549.8</ele><extensions><power>174</power><tpx1:TrackPointExtension><tpx1:atemp>13</tpx1:atemp><tpx1:hr>149</tpx1:hr><tpx1:cad>60</tpx1:cad></tpx1:TrackPointExtension></extensions></trkpt><trkpt lat="39.006989" lon="-105.063187"><time>2024-08-09T20:02:41.000Z</time><ele>2550</ele><extensions><power>141</power><tpx1:TrackPointExtension><tpx1:atemp>13</tpx1:atemp><tpx1:hr>148</tpx1:hr><tpx1:cad>40</tpx1:cad></tpx1:TrackPointExtension></extensions></trkpt><trkpt lat="39.006966" lon="-105.063187"><time>2024-08-09T20:02:42.000Z</time><ele>2550.2</ele><extensions><power>109</power><tpx1:TrackPointExtension><tpx1:atemp>13</tpx1:atemp><tpx1:hr>148</tpx1:hr><tpx1:cad>19</tpx1:cad></tpx1:TrackPointExtension></extensions></trkpt><trkpt lat="39.00695" lon="-105.063187"><time>2024-08-09T20:02:43.000Z</time><ele>2550.4</ele><extensions><power>0</power><tpx1:TrackPointExtension><tpx1:atemp>13</tpx1:atemp><tpx1:hr>148</tpx1:hr><tpx1:cad>0</tpx1:cad></tpx1:TrackPointExtension></extensions></trkpt><trkpt lat="39.006935" lon="-105.063187"><time>2024-08-09T20:02:44.000Z</time><ele>2550.4</ele><extensions><power>0</power><tpx1:TrackPointExtension><tpx1:atemp>13</tpx1:atemp><tpx1:hr>146</tpx1:hr><tpx1:cad>0</tpx1:cad></tpx1:TrackPointExtension></extensions></trkpt><trkpt lat="39.006927" lon="-105.063187"><time>2024-08-09T20:02:45.000Z</time><ele>2550.6</ele><extensions><power>0</power><tpx1:TrackPointExtension><tpx1:atemp>13</tpx1:atemp><tpx1:hr>146</tpx1:hr><tpx1:cad>0</tpx1:cad></tpx1:TrackPointExtension></extensions></trkpt><trkpt lat="39.00692" lon="-105.063187"><time>2024-08-09T20:02:46.000Z</time><ele>2550.6</ele><extensions><power>0</power><tpx1:TrackPointExtension><tpx1:atemp>13</tpx1:atemp><tpx1:hr>145</tpx1:hr><tpx1:cad>0</tpx1:cad></tpx1:TrackPointExtension></extensions></trkpt><trkpt lat="39.006916" lon="-105.063187"><time>2024-08-09T20:02:47.000Z</time><ele>2550.8</ele><extensions><power>0</power><tpx1:TrackPointExtension><tpx1:atemp>13</tpx1:atemp><tpx1:hr>144</tpx1:hr><tpx1:cad>0</tpx1:cad></tpx1:TrackPointExtension></extensions></trkpt><trkpt lat="39.006874" lon="-105.063179"><time>2024-08-09T20:02:52.000Z</time><ele>2551</ele><extensions><power>63</power><tpx1:TrackPointExtension><tpx1:atemp>13</tpx1:atemp><tpx1:hr>138</tpx1:hr><tpx1:cad>31</tpx1:cad></tpx1:TrackPointExtension></extensions></trkpt><trkpt lat="39.006855" lon="-105.063156"><time>2024-08-09T20:02:53.000Z</time><ele>2551.2</ele><extensions><power>70</power><tpx1:TrackPointExtension><tpx1:atemp>13</tpx1:atemp><tpx1:hr>137</tpx1:hr><tpx1:cad>43</tpx1:cad></tpx1:TrackPointExtension></extensions></trkpt><trkpt lat="39.006844" lon="-105.063103"><time>2024-08-09T20:02:54.000Z</time><ele>2551.2</ele><extensions><power>303</power><tpx1:TrackPointExtension><tpx1:atemp>13</tpx1:atemp><tpx1:hr>136</tpx1:hr><tpx1:cad>66</tpx1:cad></tpx1:TrackPointExtension></extensions></trkpt><trkpt lat="39.006847" lon="-105.063049"><time>2024-08-09T20:02:55.000Z</time><ele>2551</ele><extensions><power>372</power><tpx1:TrackPointExtension><tpx1:atemp>13</tpx1:atemp><tpx1:hr>135</tpx1:hr><tpx1:cad>87</tpx1:cad></tpx1:TrackPointExtension></extensions></trkpt><trkpt lat="39.006859" lon="-105.062988"><time>2024-08-09T20:02:56.000Z</time><ele>2551</ele><extensions><power>364</power><tpx1:TrackPointExtension><tpx1:atemp>13</tpx1:atemp><tpx1:hr>134</tpx1:hr><tpx1:cad>84</tpx1:cad></tpx1:TrackPointExtension></extensions></trkpt><trkpt lat="39.006863" lon="-105.062912"><time>2024-08-09T20:02:57.000Z</time><ele>2550.6</ele><extensions><power>249</power><tpx1:TrackPointExtension><tpx1:atemp>13</tpx1:atemp><tpx1:hr>134</tpx1:hr><tpx1:cad>87</tpx1:cad></tpx1:TrackPointExtension></extensions></trkpt><trkpt lat="39.006863" lon="-105.062836"><time>2024-08-09T20:02:58.000Z</time><ele>2550.4</ele><extensions><power>163</power><tpx1:TrackPointExtension><tpx1:atemp>13</tpx1:atemp><tpx1:hr>134</tpx1:hr><tpx1:cad>85</tpx1:cad></tpx1:TrackPointExtension></extensions></trkpt><trkpt lat="39.006859" lon="-105.062752"><time>2024-08-09T20:02:59.000Z</time><ele>2550.2</ele><extensions><power>152</power><tpx1:TrackPointExtension><tpx1:atemp>13</tpx1:atemp><tpx1:hr>134</tpx1:hr><tpx1:cad>82</tpx1:cad></tpx1:TrackPointExtension></extensions></trkpt><trkpt lat="39.006859" lon="-105.06266"><time>2024-08-09T20:03:00.000Z</time><ele>2550</ele><extensions><power>158</power><tpx1:TrackPointExtension><tpx1:atemp>13</tpx1:atemp><tpx1:hr>134</tpx1:hr><tpx1:cad>84</tpx1:cad></tpx1:TrackPointExtension></extensions></trkpt><trkpt lat="39.006863" lon="-105.062569"><time>2024-08-09T20:03:01.000Z</time><ele>2549.8</ele><extensions><power>163</power><tpx1:TrackPointExtension><tpx1:atemp>14</tpx1:atemp><tpx1:hr>134</tpx1:hr><tpx1:cad>86</tpx1:cad></tpx1:TrackPointExtension></extensions></trkpt><trkpt lat="39.006863" lon="-105.062477"><time>2024-08-09T20:03:02.000Z</time><ele>2549.6</ele><extensions><power>165</power><tpx1:TrackPointExtension><tpx1:atemp>14</tpx1:atemp><tpx1:hr>134</tpx1:hr><tpx1:cad>87</tpx1:cad></tpx1:TrackPointExtension></extensions></trkpt><trkpt lat="39.006863" lon="-105.062386"><time>2024-08-09T20:03:03.000Z</time><ele>2549.4</ele><extensions><power>167</power><tpx1:TrackPointExtension><tpx1:atemp>14</tpx1:atemp><tpx1:hr>134</tpx1:hr><tpx1:cad>88</tpx1:cad></tpx1:TrackPointExtension></extensions></trkpt><trkpt lat="39.006863" lon="-105.062286"><time>2024-08-09T20:03:04.000Z</time><ele>2549.2</ele><extensions><power>156</power><tpx1:TrackPointExtension><tpx1:atemp>14</tpx1:atemp><tpx1:hr>134</tpx1:hr><tpx1:cad>87</tpx1:cad></tpx1:TrackPointExtension></extensions></trkpt><trkpt lat="39.006863" lon="-105.062187"><time>2024-08-09T20:03:05.000Z</time><ele>2549.2</ele><extensions><power>154</power><tpx1:TrackPointExtension><tpx1:atemp>14</tpx1:atemp><tpx1:hr>133</tpx1:hr><tpx1:cad>86</tpx1:cad></tpx1:TrackPointExtension></extensions></trkpt><trkpt lat="39.006859" lon="-105.062088"><time>2024-08-09T20:03:06.000Z</time><ele>2549</ele><extensions><power>156</power><tpx1:TrackPointExtension><tpx1:atemp>14</tpx1:atemp><tpx1:hr>133</tpx1:hr><tpx1:cad>87</tpx1:cad></tpx1:TrackPointExtension></extensions></trkpt><trkpt lat="39.006855" lon="-105.061989"><time>2024-08-09T20:03:07.000Z</time><ele>2549</ele><extensions><power>151</power><tpx1:TrackPointExtension><tpx1:atemp>14</tpx1:atemp><tpx1:hr>132</tpx1:hr><tpx1:cad>61</tpx1:cad></tpx1:TrackPointExtension></extensions></trkpt><trkpt lat="39.006855" lon="-105.061882"><time>2024-08-09T20:03:08.000Z</time><ele>2548.8</ele><extensions><power>147</power><tpx1:TrackPointExtension><tpx1:atemp>14</tpx1:atemp><tpx1:hr>130</tpx1:hr><tpx1:cad>36</tpx1:cad></tpx1:TrackPointExtension></extensions></trkpt><trkpt lat="39.006855" lon="-105.061783"><time>2024-08-09T20:03:09.000Z</time><ele>2548.6</ele><extensions><power>143</power><tpx1:TrackPointExtension><tpx1:atemp>14</tpx1:atemp><tpx1:hr>129</tpx1:hr><tpx1:cad>11</tpx1:cad></tpx1:TrackPointExtension></extensions></trkpt><trkpt lat="39.006855" lon="-105.061684"><time>2024-08-09T20:03:10.000Z</time><ele>2548.4</ele><extensions><power>0</power><tpx1:TrackPointExtension><tpx1:atemp>14</tpx1:atemp><tpx1:hr>127</tpx1:hr><tpx1:cad>0</tpx1:cad></tpx1:TrackPointExtension></extensions></trkpt><trkpt lat="39.006855" lon="-105.061592"><time>2024-08-09T20:03:11.000Z</time><ele>2548.4</ele><extensions><power>0</power><tpx1:TrackPointExtension><tpx1:atemp>14</tpx1:atemp><tpx1:hr>126</tpx1:hr><tpx1:cad>0</tpx1:cad></tpx1:TrackPointExtension></extensions></trkpt><trkpt lat="39.006855" lon="-105.061493"><time>2024-08-09T20:03:12.000Z</time><ele>2548.2</ele><extensions><power>0</power><tpx1:TrackPointExtension><tpx1:atemp>14</tpx1:atemp><tpx1:hr>126</tpx1:hr><tpx1:cad>0</tpx1:cad></tpx1:TrackPointExtension></extensions></trkpt><trkpt lat="39.006855" lon="-105.061401"><time>2024-08-09T20:03:13.000Z</time><ele>2548.2</ele><extensions><power>40</power><tpx1:TrackPointExtension><tpx1:atemp>14</tpx1:atemp><tpx1:hr>126</tpx1:hr><tpx1:cad>55</tpx1:cad></tpx1:TrackPointExtension></extensions></trkpt><trkpt lat="39.006855" lon="-105.061302"><time>2024-08-09T20:03:14.000Z</time><ele>2548.2</ele><extensions><power>149</power><tpx1:TrackPointExtension><tpx1:atemp>14</tpx1:atemp><tpx1:hr>125</tpx1:hr><tpx1:cad>87</tpx1:cad></tpx1:TrackPointExtension></extensions></trkpt><trkpt lat="39.006855" lon="-105.061211"><time>2024-08-09T20:03:15.000Z</time><ele>2548.2</ele><extensions><power>255</power><tpx1:TrackPointExtension><tpx1:atemp>14</tpx1:atemp><tpx1:hr>123</tpx1:hr><tpx1:cad>85</tpx1:cad></tpx1:TrackPointExtension></extensions></trkpt><trkpt lat="39.006855" lon="-105.061111"><time>2024-08-09T20:03:16.000Z</time><ele>2548.2</ele><extensions><power>245</power><tpx1:TrackPointExtension><tpx1:atemp>14</tpx1:atemp><tpx1:hr>123</tpx1:hr><tpx1:cad>86</tpx1:cad></tpx1:TrackPointExtension></extensions></trkpt><trkpt lat="39.006851" lon="-105.061012"><time>2024-08-09T20:03:17.000Z</time><ele>2548</ele><extensions><power>204</power><tpx1:TrackPointExtension><tpx1:atemp>14</tpx1:atemp><tpx1:hr>122</tpx1:hr><tpx1:cad>87</tpx1:cad></tpx1:TrackPointExtension></extensions></trkpt><trkpt lat="39.006847" lon="-105.060921"><time>2024-08-09T20:03:18.000Z</time><ele>2548</ele><extensions><power>204</power><tpx1:TrackPointExtension><tpx1:atemp>14</tpx1:atemp><tpx1:hr>120</tpx1:hr><tpx1:cad>86</tpx1:cad></tpx1:TrackPointExtension></extensions></trkpt><trkpt lat="39.006847" lon="-105.060829"><time>2024-08-09T20:03:19.000Z</time><ele>2548</ele><extensions><power>210</power><tpx1:TrackPointExtension><tpx1:atemp>14</tpx1:atemp><tpx1:hr>119</tpx1:hr><tpx1:cad>86</tpx1:cad></tpx1:TrackPointExtension></extensions></trkpt><trkpt lat="39.006847" lon="-105.060738"><time>2024-08-09T20:03:20.000Z</time><ele>2548</ele><extensions><power>232</power><tpx1:TrackPointExtension><tpx1:atemp>14</tpx1:atemp><tpx1:hr>116</tpx1:hr><tpx1:cad>83</tpx1:cad></tpx1:TrackPointExtension></extensions></trkpt><trkpt lat="39.006847" lon="-105.060646"><time>2024-08-09T20:03:21.000Z</time><ele>2548</ele><extensions><power>247</power><tpx1:TrackPointExtension><tpx1:atemp>14</tpx1:atemp><tpx1:hr>115</tpx1:hr><tpx1:cad>83</tpx1:cad></tpx1:TrackPointExtension></extensions></trkpt><trkpt lat="39.006844" lon="-105.060554"><time>2024-08-09T20:03:22.000Z</time><ele>2548</ele><extensions><power>244</power><tpx1:TrackPointExtension><tpx1:atemp>14</tpx1:atemp><tpx1:hr>114</tpx1:hr><tpx1:cad>85</tpx1:cad></tpx1:TrackPointExtension></extensions></trkpt><trkpt lat="39.006844" lon="-105.060471"><time>2024-08-09T20:03:23.000Z</time><ele>2548.2</ele><extensions><power>234</power><tpx1:TrackPointExtension><tpx1:atemp>14</tpx1:atemp><tpx1:hr>113</tpx1:hr><tpx1:cad>86</tpx1:cad></tpx1:TrackPointExtension></extensions></trkpt><trkpt lat="39.00684" lon="-105.060394"><time>2024-08-09T20:03:24.000Z</time><ele>2548.4</ele><extensions><power>229</power><tpx1:TrackPointExtension><tpx1:atemp>14</tpx1:atemp><tpx1:hr>114</tpx1:hr><tpx1:cad>87</tpx1:cad></tpx1:TrackPointExtension></extensions></trkpt><trkpt lat="39.006836" lon="-105.060318"><time>2024-08-09T20:03:25.000Z</time><ele>2548.4</ele><extensions><power>230</power><tpx1:TrackPointExtension><tpx1:atemp>14</tpx1:atemp><tpx1:hr>118</tpx1:hr><tpx1:cad>90</tpx1:cad></tpx1:TrackPointExtension></extensions></trkpt><trkpt lat="39.006836" lon="-105.060242"><time>2024-08-09T20:03:26.000Z</time><ele>2548.6</ele><extensions><power>242</power><tpx1:TrackPointExtension><tpx1:atemp>14</tpx1:atemp><tpx1:hr>119</tpx1:hr><tpx1:cad>81</tpx1:cad></tpx1:TrackPointExtension></extensions></trkpt><trkpt lat="39.006836" lon="-105.060165"><time>2024-08-09T20:03:27.000Z</time><ele>2548.6</ele><extensions><power>274</power><tpx1:TrackPointExtension><tpx1:atemp>14</tpx1:atemp><tpx1:hr>121</tpx1:hr><tpx1:cad>79</tpx1:cad></tpx1:TrackPointExtension></extensions></trkpt><trkpt lat="39.006836" lon="-105.060097"><time>2024-08-09T20:03:28.000Z</time><ele>2548.8</ele><extensions><power>322</power><tpx1:TrackPointExtension><tpx1:atemp>14</tpx1:atemp><tpx1:hr>123</tpx1:hr><tpx1:cad>80</tpx1:cad></tpx1:TrackPointExtension></extensions></trkpt><trkpt lat="39.006836" lon="-105.060028"><time>2024-08-09T20:03:29.000Z</time><ele>2548.8</ele><extensions><power>333</power><tpx1:TrackPointExtension><tpx1:atemp>14</tpx1:atemp><tpx1:hr>123</tpx1:hr><tpx1:cad>79</tpx1:cad></tpx1:TrackPointExtension></extensions></trkpt><trkpt lat="39.00684" lon="-105.059959"><time>2024-08-09T20:03:30.000Z</time><ele>2549</ele><extensions><power>338</power><tpx1:TrackPointExtension><tpx1:atemp>14</tpx1:atemp><tpx1:hr>122</tpx1:hr><tpx1:cad>77</tpx1:cad></tpx1:TrackPointExtension></extensions></trkpt><trkpt lat="39.00684" lon="-105.059891"><time>2024-08-09T20:03:31.000Z</time><ele>2549.4</ele><extensions><power>364</power><tpx1:TrackPointExtension><tpx1:atemp>14</tpx1:atemp><tpx1:hr>122</tpx1:hr><tpx1:cad>76</tpx1:cad></tpx1:TrackPointExtension></extensions></trkpt><trkpt lat="39.00684" lon="-105.059822"><time>2024-08-09T20:03:32.000Z</time><ele>2549.6</ele><extensions><power>369</power><tpx1:TrackPointExtension><tpx1:atemp>14</tpx1:atemp><tpx1:hr>122</tpx1:hr><tpx1:cad>75</tpx1:cad></tpx1:TrackPointExtension></extensions></trkpt><trkpt lat="39.00684" lon="-105.059753"><time>2024-08-09T20:03:33.000Z</time><ele>2550.2</ele><extensions><power>369</power><tpx1:TrackPointExtension><tpx1:atemp>14</tpx1:atemp><tpx1:hr>123</tpx1:hr><tpx1:cad>75</tpx1:cad></tpx1:TrackPointExtension></extensions></trkpt><trkpt lat="39.006844" lon="-105.059685"><time>2024-08-09T20:03:34.000Z</time><ele>2550.6</ele><extensions><power>362</power><tpx1:TrackPointExtension><tpx1:atemp>14</tpx1:atemp><tpx1:hr>124</tpx1:hr><tpx1:cad>76</tpx1:cad></tpx1:TrackPointExtension></extensions></trkpt><trkpt lat="39.006844" lon="-105.059624"><time>2024-08-09T20:03:35.000Z</time><ele>2551.2</ele><extensions><power>346</power><tpx1:TrackPointExtension><tpx1:atemp>14</tpx1:atemp><tpx1:hr>126</tpx1:hr><tpx1:cad>79</tpx1:cad></tpx1:TrackPointExtension></extensions></trkpt><trkpt lat="39.006847" lon="-105.059563"><time>2024-08-09T20:03:36.000Z</time><ele>2551.8</ele><extensions><power>321</power><tpx1:TrackPointExtension><tpx1:atemp>14</tpx1:atemp><tpx1:hr>127</tpx1:hr><tpx1:cad>80</tpx1:cad></tpx1:TrackPointExtension></extensions></trkpt><trkpt lat="39.006836" lon="-105.059517"><time>2024-08-09T20:03:37.000Z</time><ele>2552.2</ele><extensions><power>244</power><tpx1:TrackPointExtension><tpx1:atemp>14</tpx1:atemp><tpx1:hr>128</tpx1:hr><tpx1:cad>73</tpx1:cad></tpx1:TrackPointExtension></extensions></trkpt><trkpt lat="39.006817" lon="-105.059486"><time>2024-08-09T20:03:38.000Z</time><ele>2552.8</ele><extensions><power>213</power><tpx1:TrackPointExtension><tpx1:atemp>14</tpx1:atemp><tpx1:hr>128</tpx1:hr><tpx1:cad>50</tpx1:cad></tpx1:TrackPointExtension></extensions></trkpt><trkpt lat="39.00679" lon="-105.059471"><time>2024-08-09T20:03:39.000Z</time><ele>2553.2</ele><extensions><power>182</power><tpx1:TrackPointExtension><tpx1:atemp>14</tpx1:atemp><tpx1:hr>128</tpx1:hr><tpx1:cad>26</tpx1:cad></tpx1:TrackPointExtension></extensions></trkpt><trkpt lat="39.006763" lon="-105.059479"><time>2024-08-09T20:03:40.000Z</time><ele>2553.6</ele><extensions><power>0</power><tpx1:TrackPointExtension><tpx1:atemp>14</tpx1:atemp><tpx1:hr>127</tpx1:hr><tpx1:cad>3</tpx1:cad></tpx1:TrackPointExtension></extensions></trkpt><trkpt lat="39.006733" lon="-105.059494"><time>2024-08-09T20:03:41.000Z</time><ele>2553.8</ele><extensions><power>30</power><tpx1:TrackPointExtension><tpx1:atemp>14</tpx1:atemp><tpx1:hr>126</tpx1:hr><tpx1:cad>49</tpx1:cad></tpx1:TrackPointExtension></extensions></trkpt><trkpt lat="39.006702" lon="-105.059517"><time>2024-08-09T20:03:42.000Z</time><ele>2554.2</ele><extensions><power>64</power><tpx1:TrackPointExtension><tpx1:atemp>14</tpx1:atemp><tpx1:hr>125</tpx1:hr><tpx1:cad>52</tpx1:cad></tpx1:TrackPointExtension></extensions></trkpt><trkpt lat="39.006672" lon="-105.059532"><time>2024-08-09T20:03:43.000Z</time><ele>2554.2</ele><extensions><power>367</power><tpx1:TrackPointExtension><tpx1:atemp>14</tpx1:atemp><tpx1:hr>124</tpx1:hr><tpx1:cad>59</tpx1:cad></tpx1:TrackPointExtension></extensions></trkpt><trkpt lat="39.006634" lon="-105.059555"><time>2024-08-09T20:03:44.000Z</time><ele>2554.4</ele><extensions><power>381</power><tpx1:TrackPointExtension><tpx1:atemp>14</tpx1:atemp><tpx1:hr>124</tpx1:hr><tpx1:cad>61</tpx1:cad></tpx1:TrackPointExtension></extensions></trkpt><trkpt lat="39.006596" lon="-105.059578"><time>2024-08-09T20:03:45.000Z</time><ele>2554.6</ele><extensions><power>382</power><tpx1:TrackPointExtension><tpx1:atemp>14</tpx1:atemp><tpx1:hr>124</tpx1:hr><tpx1:cad>62</tpx1:cad></tpx1:TrackPointExtension></extensions></trkpt><trkpt lat="39.006554" lon="-105.059593"><time>2024-08-09T20:03:46.000Z</time><ele>2554.6</ele><extensions><power>357</power><tpx1:TrackPointExtension><tpx1:atemp>14</tpx1:atemp><tpx1:hr>125</tpx1:hr><tpx1:cad>67</tpx1:cad></tpx1:TrackPointExtension></extensions></trkpt><trkpt lat="39.006512" lon="-105.059616"><time>2024-08-09T20:03:47.000Z</time><ele>2554.8</ele><extensions><power>353</power><tpx1:TrackPointExtension><tpx1:atemp>14</tpx1:atemp><tpx1:hr>126</tpx1:hr><tpx1:cad>71</tpx1:cad></tpx1:TrackPointExtension></extensions></trkpt><trkpt lat="39.006466" lon="-105.059631"><time>2024-08-09T20:03:48.000Z</time><ele>2554.8</ele><extensions><power>333</power><tpx1:TrackPointExtension><tpx1:atemp>14</tpx1:atemp><tpx1:hr>127</tpx1:hr><tpx1:cad>72</tpx1:cad></tpx1:TrackPointExtension></extensions></trkpt><trkpt lat="39.00642" lon="-105.059647"><time>2024-08-09T20:03:49.000Z</time><ele>2555.2</ele><extensions><power>345</power><tpx1:TrackPointExtension><tpx1:atemp>14</tpx1:atemp><tpx1:hr>129</tpx1:hr><tpx1:cad>83</tpx1:cad></tpx1:TrackPointExtension></extensions></trkpt><trkpt lat="39.006371" lon="-105.059662"><time>2024-08-09T20:03:50.000Z</time><ele>2555.4</ele><extensions><power>334</power><tpx1:TrackPointExtension><tpx1:atemp>14</tpx1:atemp><tpx1:hr>131</tpx1:hr><tpx1:cad>80</tpx1:cad></tpx1:TrackPointExtension></extensions></trkpt><trkpt lat="39.006321" lon="-105.059677"><time>2024-08-09T20:03:51.000Z</time><ele>2555.6</ele><extensions><power>311</power><tpx1:TrackPointExtension><tpx1:atemp>14</tpx1:atemp><tpx1:hr>132</tpx1:hr><tpx1:cad>79</tpx1:cad></tpx1:TrackPointExtension></extensions></trkpt><trkpt lat="39.006268" lon="-105.059692"><time>2024-08-09T20:03:52.000Z</time><ele>2555.8</ele><extensions><power>289</power><tpx1:TrackPointExtension><tpx1:atemp>14</tpx1:atemp><tpx1:hr>133</tpx1:hr><tpx1:cad>80</tpx1:cad></tpx1:TrackPointExtension></extensions></trkpt><trkpt lat="39.006214" lon="-105.0597"><time>2024-08-09T20:03:53.000Z</time><ele>2555.8</ele><extensions><power>289</power><tpx1:TrackPointExtension><tpx1:atemp>14</tpx1:atemp><tpx1:hr>135</tpx1:hr><tpx1:cad>84</tpx1:cad></tpx1:TrackPointExtension></extensions></trkpt><trkpt lat="39.006161" lon="-105.059708"><time>2024-08-09T20:03:54.000Z</time><ele>2556</ele><extensions><power>288</power><tpx1:TrackPointExtension><tpx1:atemp>14</tpx1:atemp><tpx1:hr>136</tpx1:hr><tpx1:cad>81</tpx1:cad></tpx1:TrackPointExtension></extensions></trkpt><trkpt lat="39.006111" lon="-105.059715"><time>2024-08-09T20:03:55.000Z</time><ele>2556</ele><extensions><power>255</power><tpx1:TrackPointExtension><tpx1:atemp>14</tpx1:atemp><tpx1:hr>137</tpx1:hr><tpx1:cad>84</tpx1:cad></tpx1:TrackPointExtension></extensions></trkpt><trkpt lat="39.006062" lon="-105.059715"><time>2024-08-09T20:03:56.000Z</time><ele>2556</ele><extensions><power>242</power><tpx1:TrackPointExtension><tpx1:atemp>14</tpx1:atemp><tpx1:hr>137</tpx1:hr><tpx1:cad>81</tpx1:cad></tpx1:TrackPointExtension></extensions></trkpt><trkpt lat="39.006012" lon="-105.059723"><time>2024-08-09T20:03:57.000Z</time><ele>2556.2</ele><extensions><power>236</power><tpx1:TrackPointExtension><tpx1:atemp>14</tpx1:atemp><tpx1:hr>138</tpx1:hr><tpx1:cad>80</tpx1:cad></tpx1:TrackPointExtension></extensions></trkpt><trkpt lat="39.005962" lon="-105.059723"><time>2024-08-09T20:03:58.000Z</time><ele>2556.4</ele><extensions><power>233</power><tpx1:TrackPointExtension><tpx1:atemp>14</tpx1:atemp><tpx1:hr>138</tpx1:hr><tpx1:cad>79</tpx1:cad></tpx1:TrackPointExtension></extensions></trkpt><trkpt lat="39.005917" lon="-105.059723"><time>2024-08-09T20:03:59.000Z</time><ele>2556.6</ele><extensions><power>233</power><tpx1:TrackPointExtension><tpx1:atemp>14</tpx1:atemp><tpx1:hr>138</tpx1:hr><tpx1:cad>76</tpx1:cad></tpx1:TrackPointExtension></extensions></trkpt><trkpt lat="39.005871" lon="-105.059723"><time>2024-08-09T20:04:00.000Z</time><ele>2556.6</ele><extensions><power>280</power><tpx1:TrackPointExtension><tpx1:atemp>14</tpx1:atemp><tpx1:hr>139</tpx1:hr><tpx1:cad>84</tpx1:cad></tpx1:TrackPointExtension></extensions></trkpt><trkpt lat="39.005825" lon="-105.059723"><time>2024-08-09T20:04:01.000Z</time><ele>2557</ele><extensions><power>276</power><tpx1:TrackPointExtension><tpx1:atemp>14</tpx1:atemp><tpx1:hr>139</tpx1:hr><tpx1:cad>83</tpx1:cad></tpx1:TrackPointExtension></extensions></trkpt><trkpt lat="39.005779" lon="-105.05973"><time>2024-08-09T20:04:02.000Z</time><ele>2557</ele><extensions><power>273</power><tpx1:TrackPointExtension><tpx1:atemp>14</tpx1:atemp><tpx1:hr>140</tpx1:hr><tpx1:cad>84</tpx1:cad></tpx1:TrackPointExtension></extensions></trkpt><trkpt lat="39.00573" lon="-105.05973"><time>2024-08-09T20:04:03.000Z</time><ele>2557.2</ele><extensions><power>308</power><tpx1:TrackPointExtension><tpx1:atemp>13</tpx1:atemp><tpx1:hr>140</tpx1:hr><tpx1:cad>83</tpx1:cad></tpx1:TrackPointExtension></extensions></trkpt><trkpt lat="39.005684" lon="-105.05973"><time>2024-08-09T20:04:04.000Z</time><ele>2557.4</ele><extensions><power>292</power><tpx1:TrackPointExtension><tpx1:atemp>13</tpx1:atemp><tpx1:hr>140</tpx1:hr><tpx1:cad>86</tpx1:cad></tpx1:TrackPointExtension></extensions></trkpt><trkpt lat="39.005634" lon="-105.05973"><time>2024-08-09T20:04:05.000Z</time><ele>2557.8</ele><extensions><power>269</power><tpx1:TrackPointExtension><tpx1:atemp>13</tpx1:atemp><tpx1:hr>140</tpx1:hr><tpx1:cad>88</tpx1:cad></tpx1:TrackPointExtension></extensions></trkpt><trkpt lat="39.005588" lon="-105.059738"><time>2024-08-09T20:04:06.000Z</time><ele>2557.8</ele><extensions><power>262</power><tpx1:TrackPointExtension><tpx1:atemp>13</tpx1:atemp><tpx1:hr>140</tpx1:hr><tpx1:cad>85</tpx1:cad></tpx1:TrackPointExtension></extensions></trkpt><trkpt lat="39.005539" lon="-105.059738"><time>2024-08-09T20:04:07.000Z</time><ele>2558</ele><extensions><power>259</power><tpx1:TrackPointExtension><tpx1:atemp>13</tpx1:atemp><tpx1:hr>140</tpx1:hr><tpx1:cad>86</tpx1:cad></tpx1:TrackPointExtension></extensions></trkpt><trkpt lat="39.005489" lon="-105.059738"><time>2024-08-09T20:04:08.000Z</time><ele>2558.2</ele><extensions><power>290</power><tpx1:TrackPointExtension><tpx1:atemp>13</tpx1:atemp><tpx1:hr>139</tpx1:hr><tpx1:cad>88</tpx1:cad></tpx1:TrackPointExtension></extensions></trkpt><trkpt lat="39.005436" lon="-105.059738"><time>2024-08-09T20:04:09.000Z</time><ele>2558.4</ele><extensions><power>314</power><tpx1:TrackPointExtension><tpx1:atemp>13</tpx1:atemp><tpx1:hr>139</tpx1:hr><tpx1:cad>91</tpx1:cad></tpx1:TrackPointExtension></extensions></trkpt><trkpt lat="39.005386" lon="-105.059738"><time>2024-08-09T20:04:10.000Z</time><ele>2558.6</ele><extensions><power>282</power><tpx1:TrackPointExtension><tpx1:atemp>13</tpx1:atemp><tpx1:hr>139</tpx1:hr><tpx1:cad>89</tpx1:cad></tpx1:TrackPointExtension></extensions></trkpt><trkpt lat="39.005337" lon="-105.05973"><time>2024-08-09T20:04:11.000Z</time><ele>2558.8</ele><extensions><power>239</power><tpx1:TrackPointExtension><tpx1:atemp>13</tpx1:atemp><tpx1:hr>139</tpx1:hr><tpx1:cad>91</tpx1:cad></tpx1:TrackPointExtension></extensions></trkpt><trkpt lat="39.005287" lon="-105.05973"><time>2024-08-09T20:04:12.000Z</time><ele>2559</ele><extensions><power>225</power><tpx1:TrackPointExtension><tpx1:atemp>13</tpx1:atemp><tpx1:hr>139</tpx1:hr><tpx1:cad>88</tpx1:cad></tpx1:TrackPointExtension></extensions></trkpt><trkpt lat="39.005241" lon="-105.05973"><time>2024-08-09T20:04:13.000Z</time><ele>2559</ele><extensions><power>208</power><tpx1:TrackPointExtension><tpx1:atemp>13</tpx1:atemp><tpx1:hr>139</tpx1:hr><tpx1:cad>87</tpx1:cad></tpx1:TrackPointExtension></extensions></trkpt><trkpt lat="39.005196" lon="-105.059723"><time>2024-08-09T20:04:14.000Z</time><ele>2559.2</ele><extensions><power>197</power><tpx1:TrackPointExtension><tpx1:atemp>13</tpx1:atemp><tpx1:hr>139</tpx1:hr><tpx1:cad>82</tpx1:cad></tpx1:TrackPointExtension></extensions></trkpt><trkpt lat="39.005146" lon="-105.059723"><time>2024-08-09T20:04:15.000Z</time><ele>2559.2</ele><extensions><power>185</power><tpx1:TrackPointExtension><tpx1:atemp>13</tpx1:atemp><tpx1:hr>140</tpx1:hr><tpx1:cad>90</tpx1:cad></tpx1:TrackPointExtension></extensions></trkpt><trkpt lat="39.0051" lon="-105.059723"><time>2024-08-09T20:04:16.000Z</time><ele>2559.4</ele><extensions><power>172</power><tpx1:TrackPointExtension><tpx1:atemp>13</tpx1:atemp><tpx1:hr>140</tpx1:hr><tpx1:cad>84</tpx1:cad></tpx1:TrackPointExtension></extensions></trkpt><trkpt lat="39.005054" lon="-105.059708"><time>2024-08-09T20:04:17.000Z</time><ele>2559.4</ele><extensions><power>199</power><tpx1:TrackPointExtension><tpx1:atemp>13</tpx1:atemp><tpx1:hr>140</tpx1:hr><tpx1:cad>83</tpx1:cad></tpx1:TrackPointExtension></extensions></trkpt><trkpt lat="39.005016" lon="-105.059662"><time>2024-08-09T20:04:18.000Z</time><ele>2559.4</ele><extensions><power>211</power><tpx1:TrackPointExtension><tpx1:atemp>13</tpx1:atemp><tpx1:hr>139</tpx1:hr><tpx1:cad>85</tpx1:cad></tpx1:TrackPointExtension></extensions></trkpt><trkpt lat="39.004986" lon="-105.059608"><time>2024-08-09T20:04:19.000Z</time><ele>2559.4</ele><extensions><power>231</power><tpx1:TrackPointExtension><tpx1:atemp>13</tpx1:atemp><tpx1:hr>139</tpx1:hr><tpx1:cad>88</tpx1:cad></tpx1:TrackPointExtension></extensions></trkpt><trkpt lat="39.004974" lon="-105.059547"><time>2024-08-09T20:04:20.000Z</time><ele>2559.2</ele><extensions><power>230</power><tpx1:TrackPointExtension><tpx1:atemp>13</tpx1:atemp><tpx1:hr>139</tpx1:hr><tpx1:cad>94</tpx1:cad></tpx1:TrackPointExtension></extensions></trkpt><trkpt lat="39.00497" lon="-105.059479"><time>2024-08-09T20:04:21.000Z</time><ele>2559.2</ele><extensions><power>197</power><tpx1:TrackPointExtension><tpx1:atemp>13</tpx1:atemp><tpx1:hr>139</tpx1:hr><tpx1:cad>89</tpx1:cad></tpx1:TrackPointExtension></extensions></trkpt><trkpt lat="39.00497" lon="-105.05941"><time>2024-08-09T20:04:22.000Z</time><ele>2559</ele><extensions><power>145</power><tpx1:TrackPointExtension><tpx1:atemp>13</tpx1:atemp><tpx1:hr>138</tpx1:hr><tpx1:cad>65</tpx1:cad></tpx1:TrackPointExtension></extensions></trkpt><trkpt lat="39.004974" lon="-105.059334"><time>2024-08-09T20:04:23.000Z</time><ele>2559</ele><extensions><power>92</power><tpx1:TrackPointExtension><tpx1:atemp>13</tpx1:atemp><tpx1:hr>138</tpx1:hr><tpx1:cad>40</tpx1:cad></tpx1:TrackPointExtension></extensions></trkpt><trkpt lat="39.00497" lon="-105.059265"><time>2024-08-09T20:04:24.000Z</time><ele>2559</ele><extensions><power>39</power><tpx1:TrackPointExtension><tpx1:atemp>13</tpx1:atemp><tpx1:hr>138</tpx1:hr><tpx1:cad>14</tpx1:cad></tpx1:TrackPointExtension></extensions></trkpt><trkpt lat="39.004967" lon="-105.059196"><time>2024-08-09T20:04:25.000Z</time><ele>2559</ele><extensions><power>0</power><tpx1:TrackPointExtension><tpx1:atemp>13</tpx1:atemp><tpx1:hr>138</tpx1:hr><tpx1:cad>0</tpx1:cad></tpx1:TrackPointExtension></extensions></trkpt><trkpt lat="39.004963" lon="-105.059128"><time>2024-08-09T20:04:26.000Z</time><ele>2559</ele><extensions><power>0</power><tpx1:TrackPointExtension><tpx1:atemp>13</tpx1:atemp><tpx1:hr>138</tpx1:hr><tpx1:cad>0</tpx1:cad></tpx1:TrackPointExtension></extensions></trkpt><trkpt lat="39.004974" lon="-105.059067"><time>2024-08-09T20:04:27.000Z</time><ele>2559</ele><extensions><power>0</power><tpx1:TrackPointExtension><tpx1:atemp>13</tpx1:atemp><tpx1:hr>137</tpx1:hr><tpx1:cad>0</tpx1:cad></tpx1:TrackPointExtension></extensions></trkpt><trkpt lat="39.004997" lon="-105.059029"><time>2024-08-09T20:04:28.000Z</time><ele>2559</ele><extensions><power>0</power><tpx1:TrackPointExtension><tpx1:atemp>13</tpx1:atemp><tpx1:hr>137</tpx1:hr><tpx1:cad>0</tpx1:cad></tpx1:TrackPointExtension></extensions></trkpt><trkpt lat="39.005024" lon="-105.059006"><time>2024-08-09T20:04:29.000Z</time><ele>2559</ele><extensions><power>0</power><tpx1:TrackPointExtension><tpx1:atemp>13</tpx1:atemp><tpx1:hr>136</tpx1:hr><tpx1:cad>0</tpx1:cad></tpx1:TrackPointExtension></extensions></trkpt><trkpt lat="39.005062" lon="-105.058998"><time>2024-08-09T20:04:30.000Z</time><ele>2558.8</ele><extensions><power>0</power><tpx1:TrackPointExtension><tpx1:atemp>13</tpx1:atemp><tpx1:hr>135</tpx1:hr><tpx1:cad>0</tpx1:cad></tpx1:TrackPointExtension></extensions></trkpt><trkpt lat="39.005096" lon="-105.05899"><time>2024-08-09T20:04:31.000Z</time><ele>2558.8</ele><extensions><power>0</power><tpx1:TrackPointExtension><tpx1:atemp>13</tpx1:atemp><tpx1:hr>133</tpx1:hr><tpx1:cad>0</tpx1:cad></tpx1:TrackPointExtension></extensions></trkpt><trkpt lat="39.005123" lon="-105.058983"><time>2024-08-09T20:04:32.000Z</time><ele>2558.6</ele><extensions><power>0</power><tpx1:TrackPointExtension><tpx1:atemp>13</tpx1:atemp><tpx1:hr>132</tpx1:hr><tpx1:cad>0</tpx1:cad></tpx1:TrackPointExtension></extensions></trkpt><trkpt lat="39.005142" lon="-105.058975"><time>2024-08-09T20:04:33.000Z</time><ele>2558.6</ele><extensions><power>0</power><tpx1:TrackPointExtension><tpx1:atemp>13</tpx1:atemp><tpx1:hr>130</tpx1:hr><tpx1:cad>0</tpx1:cad></tpx1:TrackPointExtension></extensions></trkpt><trkpt lat="39.00515" lon="-105.058975"><time>2024-08-09T20:04:35.000Z</time><ele>2558.4</ele><extensions><power>0</power><tpx1:TrackPointExtension><tpx1:atemp>13</tpx1:atemp><tpx1:hr>126</tpx1:hr><tpx1:cad>0</tpx1:cad></tpx1:TrackPointExtension></extensions></trkpt><trkpt lat="39.00515" lon="-105.058975"><time>2024-08-09T20:04:36.000Z</time><ele>2558.4</ele><extensions><tpx1:TrackPointExtension><tpx1:atemp>13</tpx1:atemp><tpx1:hr>126</tpx1:hr><tpx1:cad>0</tpx1:cad></tpx1:TrackPointExtension></extensions></trkpt></trkseg></trk></gpx>