This is LuaHBTeX, Version 1.18.0 (TeX Live 2024/Homebrew)  (format=lualatex 2024.3.10)  8 SEP 2025 23:40
 restricted system commands enabled.
**thesis.tex
(./thesis.tex
LaTeX2e <2023-11-01> patch level 1
L3 programming layer <2024-02-20>
Lua module: luaotfload 2024-02-14 3.28 Lua based OpenType font support
Lua module: lualibs 2023-07-13 2.76 ConTeXt Lua standard libraries.
Lua module: lualibs-extended 2023-07-13 2.76 ConTeXt Lua libraries -- extended c
ollection.
luaotfload | conf : Root cache directory is "/opt/homebrew/Cellar/texlive/202403
12_3/share/texmf-var/luatex-cache/generic/names".
luaotfload | init : Loading fontloader "fontloader-2023-12-28.lua" from kpse-res
olved path "/opt/homebrew/Cellar/texlive/20240312_3/share/texmf-dist/tex/luatex/
luaotfload/fontloader-2023-12-28.lua".
Lua-only attribute luaotfload@noligature = 1
luaotfload | init : Context OpenType loader version 3.134
Inserting `luaotfload.node_processor' in `pre_linebreak_filter'.
Inserting `luaotfload.node_processor' in `hpack_filter'.
Inserting `luaotfload.glyph_stream' in `glyph_stream_provider'.
Inserting `luaotfload.define_font' in `define_font'.
Lua-only attribute luaotfload_color_attribute = 2
luaotfload | conf : Root cache directory is "/opt/homebrew/Cellar/texlive/202403
12_3/share/texmf-var/luatex-cache/generic/names".
Inserting `luaotfload.harf.strip_prefix' in `find_opentype_file'.
Inserting `luaotfload.harf.strip_prefix' in `find_truetype_file'.
Removing  `luaotfload.glyph_stream' from `glyph_stream_provider'.
Inserting `luaotfload.harf.glyphstream' in `glyph_stream_provider'.
Inserting `luaotfload.harf.finalize_vlist' in `post_linebreak_filter'.
Inserting `luaotfload.harf.finalize_hlist' in `hpack_filter'.
Inserting `luaotfload.cleanup_files' in `wrapup_run'.
Inserting `luaotfload.harf.finalize_unicode' in `finish_pdffile'.
Inserting `luaotfload.glyphinfo' in `glyph_info'.
Lua-only attribute luaotfload.letterspace_done = 3
Inserting `luaotfload.aux.set_sscale_dimens' in `luaotfload.patch_font'.
Inserting `luaotfload.aux.set_font_index' in `luaotfload.patch_font'.
Inserting `luaotfload.aux.patch_cambria_domh' in `luaotfload.patch_font'.
Inserting `luaotfload.aux.fixup_fontdata' in `luaotfload.patch_font_unsafe'.
Inserting `luaotfload.aux.set_capheight' in `luaotfload.patch_font'.
Inserting `luaotfload.aux.set_xheight' in `luaotfload.patch_font'.
Inserting `luaotfload.rewrite_fontname' in `luaotfload.patch_font'.
Inserting `tracingstacklevels' in `input_level_string'.
(/opt/homebrew/Cellar/texlive/20240312_3/share/texmf-dist/tex/latex/base/report
.cls
Document Class: report 2023/05/17 v1.4n Standard LaTeX document class

(/opt/homebrew/Cellar/texlive/20240312_3/share/texmf-dist/tex/latex/base/size11
.clo
File: size11.clo 2023/05/17 v1.4n Standard LaTeX file (size option)
luaotfload | db : Font names database loaded from /opt/homebrew/Cellar/texlive/2
0240312_3/share/texmf-var/luatex-cache/generic/names/luaotfload-names.luc.gz)
\c@part=\count186
\c@chapter=\count187
\c@section=\count188
\c@subsection=\count189
\c@subsubsection=\count190
\c@paragraph=\count191
\c@subparagraph=\count192
\c@figure=\count193
\c@table=\count194
\abovecaptionskip=\skip48
\belowcaptionskip=\skip49
\bibindent=\dimen139
)
(/opt/homebrew/Cellar/texlive/20240312_3/share/texmf-dist/tex/latex/geometry/ge
ometry.sty
Package: geometry 2020/01/02 v5.9 Page Geometry

(/opt/homebrew/Cellar/texlive/20240312_3/share/texmf-dist/tex/latex/graphics/ke
yval.sty
Package: keyval 2022/05/29 v1.15 key=value parser (DPC)
\KV@toks@=\toks17
)
(/opt/homebrew/Cellar/texlive/20240312_3/share/texmf-dist/tex/generic/iftex/ifv
tex.sty
Package: ifvtex 2019/10/25 v1.7 ifvtex legacy package. Use iftex instead.

(/opt/homebrew/Cellar/texlive/20240312_3/share/texmf-dist/tex/generic/iftex/ift
ex.sty
Package: iftex 2022/02/03 v1.0f TeX engine tests
))
\Gm@cnth=\count195
\Gm@cntv=\count196
\c@Gm@tempcnt=\count197
\Gm@bindingoffset=\dimen140
\Gm@wd@mp=\dimen141
\Gm@odd@mp=\dimen142
\Gm@even@mp=\dimen143
\Gm@layoutwidth=\dimen144
\Gm@layoutheight=\dimen145
\Gm@layouthoffset=\dimen146
\Gm@layoutvoffset=\dimen147
\Gm@dimlist=\toks18
)
(/opt/homebrew/Cellar/texlive/20240312_3/share/texmf-dist/tex/latex/base/inpute
nc.sty
Package: inputenc 2021/02/14 v1.3d Input encoding file
\inpenc@prehook=\toks19
\inpenc@posthook=\toks20


Package inputenc Warning: inputenc package ignored with utf8 based engines.

)
(/opt/homebrew/Cellar/texlive/20240312_3/share/texmf-dist/tex/latex/setspace/se
tspace.sty
Package: setspace 2022/12/04 v6.7b set line spacing
)
(/opt/homebrew/Cellar/texlive/20240312_3/share/texmf-dist/tex/latex/enumitem/en
umitem.sty
Package: enumitem 2019/06/20 v3.9 Customized lists
\labelindent=\skip50
\enit@outerparindent=\dimen148
\enit@toks=\toks21
\enit@inbox=\box51
\enit@count@id=\count198
\enitdp@description=\count199
)
(/opt/homebrew/Cellar/texlive/20240312_3/share/texmf-dist/tex/latex/fontspec/fo
ntspec.sty
(/opt/homebrew/Cellar/texlive/20240312_3/share/texmf-dist/tex/latex/l3packages/
xparse/xparse.sty
(/opt/homebrew/Cellar/texlive/20240312_3/share/texmf-dist/tex/latex/l3kernel/ex
pl3.sty
Package: expl3 2024-02-20 L3 programming layer (loader) 

(/opt/homebrew/Cellar/texlive/20240312_3/share/texmf-dist/tex/latex/l3backend/l
3backend-luatex.def
File: l3backend-luatex.def 2024-02-20 L3 backend support: PDF output (LuaTeX)
\l__color_backend_stack_int=\count266
Inserting `l3color' in `luaotfload.parse_color'.
\l__pdf_internal_box=\box52
))
Package: xparse 2024-02-18 L3 Experimental document command parser
)
Package: fontspec 2024/02/13 v2.9a Font selection for XeLaTeX and LuaLaTeX
Lua module: fontspec 2024/02/13 2.9a Font selection for XeLaTeX and LuaLaTeX
(/opt/homebrew/Cellar/texlive/20240312_3/share/texmf-dist/tex/latex/fontspec/fo
ntspec-luatex.sty
Package: fontspec-luatex 2024/02/13 v2.9a Font selection for XeLaTeX and LuaLaT
eX
\l__fontspec_script_int=\count267
\l__fontspec_language_int=\count268
\l__fontspec_strnum_int=\count269
\l__fontspec_tmp_int=\count270
\l__fontspec_tmpa_int=\count271
\l__fontspec_tmpb_int=\count272
\l__fontspec_tmpc_int=\count273
\l__fontspec_em_int=\count274
\l__fontspec_emdef_int=\count275
\l__fontspec_strong_int=\count276
\l__fontspec_strongdef_int=\count277
\l__fontspec_tmpa_dim=\dimen149
\l__fontspec_tmpb_dim=\dimen150
\l__fontspec_tmpc_dim=\dimen151

(/opt/homebrew/Cellar/texlive/20240312_3/share/texmf-dist/tex/latex/base/fonten
c.sty
Package: fontenc 2021/04/29 v2.0v Standard LaTeX package
)
(/opt/homebrew/Cellar/texlive/20240312_3/share/texmf-dist/tex/latex/fontspec/fo
ntspec.cfg)))
luaotfload | cache : Lookup cache loaded from /opt/homebrew/Cellar/texlive/20240
312_3/share/texmf-var/luatex-cache/generic/names/luaotfload-lookup-cache.luc.
luaotfload | aux : font no 18 (nil) defines no feature for script latn
luaotfload | aux : font no 18 (nil) defines no feature for script dflt

Package fontspec Info: GoMonoNerdFontMono scale = 0.8127872600417832.


Package fontspec Info: GoMonoNerdFontMono scale = 0.8127872600417832.


Package fontspec Info: GoMonoNerdFontMono/B scale = 0.8127872600417832.


Package fontspec Info: GoMonoNerdFontMono/I scale = 0.8127872600417832.


Package fontspec Info: GoMonoNerdFontMono/BI scale = 0.8127872600417832.


Package fontspec Info: Font family 'GoMonoNerdFontMono(0)' created for font
(fontspec)             'GoMono Nerd Font Mono' with options
(fontspec)             [WordSpace={1,0,0},HyphenChar=None,PunctuationSpace=Word
Space,Scale=MatchLowercase].
(fontspec)              
(fontspec)              This font family consists of the following NFSS
(fontspec)             series/shapes:
(fontspec)              
(fontspec)             - 'normal' (m/n) with NFSS spec.:
(fontspec)             <->s*[0.8127872600417832]"name:GoMonoNerdFontMono:mode=n
ode;language=dflt;"
(fontspec)             - 'small caps'  (m/sc) with NFSS spec.: 
(fontspec)             and font adjustment code:
(fontspec)             \fontdimen 2\font =1\fontdimen 2\font \fontdimen 3\font
(fontspec)             =0\fontdimen 3\font \fontdimen 4\font =0\fontdimen
(fontspec)             4\font \fontdimen 7\font =0\fontdimen 2\font
(fontspec)             \tex_hyphenchar:D \font =-1\scan_stop: 
(fontspec)             - 'bold' (b/n) with NFSS spec.:
(fontspec)             <->s*[0.8127872600417832]"name:GoMonoNerdFontMono/B:mode
=node;language=dflt;"
(fontspec)             - 'bold small caps'  (b/sc) with NFSS spec.: 
(fontspec)             and font adjustment code:
(fontspec)             \fontdimen 2\font =1\fontdimen 2\font \fontdimen 3\font
(fontspec)             =0\fontdimen 3\font \fontdimen 4\font =0\fontdimen
(fontspec)             4\font \fontdimen 7\font =0\fontdimen 2\font
(fontspec)             \tex_hyphenchar:D \font =-1\scan_stop: 
(fontspec)             - 'italic' (m/it) with NFSS spec.:
(fontspec)             <->s*[0.8127872600417832]"name:GoMonoNerdFontMono/I:mode
=node;language=dflt;"
(fontspec)             - 'italic small caps'  (m/scit) with NFSS spec.: 
(fontspec)             and font adjustment code:
(fontspec)             \fontdimen 2\font =1\fontdimen 2\font \fontdimen 3\font
(fontspec)             =0\fontdimen 3\font \fontdimen 4\font =0\fontdimen
(fontspec)             4\font \fontdimen 7\font =0\fontdimen 2\font
(fontspec)             \tex_hyphenchar:D \font =-1\scan_stop: 
(fontspec)             - 'bold italic' (b/it) with NFSS spec.:
(fontspec)             <->s*[0.8127872600417832]"name:GoMonoNerdFontMono/BI:mod
e=node;language=dflt;"
(fontspec)             - 'bold italic small caps'  (b/scit) with NFSS spec.: 
(fontspec)             and font adjustment code:
(fontspec)             \fontdimen 2\font =1\fontdimen 2\font \fontdimen 3\font
(fontspec)             =0\fontdimen 3\font \fontdimen 4\font =0\fontdimen
(fontspec)             4\font \fontdimen 7\font =0\fontdimen 2\font
(fontspec)             \tex_hyphenchar:D \font =-1\scan_stop: 


(/opt/homebrew/Cellar/texlive/20240312_3/share/texmf-dist/tex/latex/lm/lmodern.
sty
Package: lmodern 2015/05/01 v1.6.1 Latin Modern Fonts
LaTeX Font Info:    Overwriting symbol font `operators' in version `normal'
(Font)                  OT1/cmr/m/n --> OT1/lmr/m/n on input line 22.
LaTeX Font Info:    Overwriting symbol font `letters' in version `normal'
(Font)                  OML/cmm/m/it --> OML/lmm/m/it on input line 23.
LaTeX Font Info:    Overwriting symbol font `symbols' in version `normal'
(Font)                  OMS/cmsy/m/n --> OMS/lmsy/m/n on input line 24.
LaTeX Font Info:    Overwriting symbol font `largesymbols' in version `normal'
(Font)                  OMX/cmex/m/n --> OMX/lmex/m/n on input line 25.
LaTeX Font Info:    Overwriting symbol font `operators' in version `bold'
(Font)                  OT1/cmr/bx/n --> OT1/lmr/bx/n on input line 26.
LaTeX Font Info:    Overwriting symbol font `letters' in version `bold'
(Font)                  OML/cmm/b/it --> OML/lmm/b/it on input line 27.
LaTeX Font Info:    Overwriting symbol font `symbols' in version `bold'
(Font)                  OMS/cmsy/b/n --> OMS/lmsy/b/n on input line 28.
LaTeX Font Info:    Overwriting symbol font `largesymbols' in version `bold'
(Font)                  OMX/cmex/m/n --> OMX/lmex/m/n on input line 29.
LaTeX Font Info:    Overwriting math alphabet `\mathbf' in version `normal'
(Font)                  OT1/cmr/bx/n --> OT1/lmr/bx/n on input line 31.
LaTeX Font Info:    Overwriting math alphabet `\mathsf' in version `normal'
(Font)                  OT1/cmss/m/n --> OT1/lmss/m/n on input line 32.
LaTeX Font Info:    Overwriting math alphabet `\mathit' in version `normal'
(Font)                  OT1/cmr/m/it --> OT1/lmr/m/it on input line 33.
LaTeX Font Info:    Overwriting math alphabet `\mathtt' in version `normal'
(Font)                  OT1/cmtt/m/n --> OT1/lmtt/m/n on input line 34.
LaTeX Font Info:    Overwriting math alphabet `\mathbf' in version `bold'
(Font)                  OT1/cmr/bx/n --> OT1/lmr/bx/n on input line 35.
LaTeX Font Info:    Overwriting math alphabet `\mathsf' in version `bold'
(Font)                  OT1/cmss/bx/n --> OT1/lmss/bx/n on input line 36.
LaTeX Font Info:    Overwriting math alphabet `\mathit' in version `bold'
(Font)                  OT1/cmr/bx/it --> OT1/lmr/bx/it on input line 37.
LaTeX Font Info:    Overwriting math alphabet `\mathtt' in version `bold'
(Font)                  OT1/cmtt/m/n --> OT1/lmtt/m/n on input line 38.
)
(/opt/homebrew/Cellar/texlive/20240312_3/share/texmf-dist/tex/latex/pdfpages/pd
fpages.sty
Package: pdfpages 2024/01/21 v0.5y Insert pages of external PDF documents (AM)

(/opt/homebrew/Cellar/texlive/20240312_3/share/texmf-dist/tex/latex/base/ifthen
.sty
Package: ifthen 2022/04/13 v1.1d Standard LaTeX ifthen package (DPC)
)
(/opt/homebrew/Cellar/texlive/20240312_3/share/texmf-dist/tex/latex/tools/calc.
sty
Package: calc 2023/07/08 v4.3 Infix arithmetic (KKT,FJ)
\calc@Acount=\count278
\calc@Bcount=\count279
\calc@Adimen=\dimen152
\calc@Bdimen=\dimen153
\calc@Askip=\skip51
\calc@Bskip=\skip52
LaTeX Info: Redefining \setlength on input line 80.
LaTeX Info: Redefining \addtolength on input line 81.
\calc@Ccount=\count280
\calc@Cskip=\skip53
)
(/opt/homebrew/Cellar/texlive/20240312_3/share/texmf-dist/tex/latex/eso-pic/eso
-pic.sty
Package: eso-pic 2023/05/03 v3.0c eso-pic (RN)
\ESO@tempdima=\dimen154
\ESO@tempdimb=\dimen155

(/opt/homebrew/Cellar/texlive/20240312_3/share/texmf-dist/tex/latex/xcolor/xcol
or.sty
Package: xcolor 2023/11/15 v3.01 LaTeX color extensions (UK)

(/opt/homebrew/Cellar/texlive/20240312_3/share/texmf-dist/tex/latex/graphics-cf
g/color.cfg
File: color.cfg 2016/01/02 v1.6 sample color configuration
)
Package xcolor Info: Driver file: luatex.def on input line 274.

(/opt/homebrew/Cellar/texlive/20240312_3/share/texmf-dist/tex/latex/graphics-de
f/luatex.def
File: luatex.def 2022/09/22 v1.2d Graphics/color driver for luatex
)
(/opt/homebrew/Cellar/texlive/20240312_3/share/texmf-dist/tex/latex/graphics/ma
thcolor.ltx)
Package xcolor Info: Model `cmy' substituted by `cmy0' on input line 1350.
Package xcolor Info: Model `hsb' substituted by `rgb' on input line 1354.
Package xcolor Info: Model `RGB' extended on input line 1366.
Package xcolor Info: Model `HTML' substituted by `rgb' on input line 1368.
Package xcolor Info: Model `Hsb' substituted by `hsb' on input line 1369.
Package xcolor Info: Model `tHsb' substituted by `hsb' on input line 1370.
Package xcolor Info: Model `HSB' substituted by `hsb' on input line 1371.
Package xcolor Info: Model `Gray' substituted by `gray' on input line 1372.
Package xcolor Info: Model `wave' substituted by `hsb' on input line 1373.
))
(/opt/homebrew/Cellar/texlive/20240312_3/share/texmf-dist/tex/latex/graphics/gr
aphicx.sty
Package: graphicx 2021/09/16 v1.2d Enhanced LaTeX Graphics (DPC,SPQR)

(/opt/homebrew/Cellar/texlive/20240312_3/share/texmf-dist/tex/latex/graphics/gr
aphics.sty
Package: graphics 2022/03/10 v1.4e Standard LaTeX Graphics (DPC,SPQR)

(/opt/homebrew/Cellar/texlive/20240312_3/share/texmf-dist/tex/latex/graphics/tr
ig.sty
Package: trig 2021/08/11 v1.11 sin cos tan (DPC)
)
(/opt/homebrew/Cellar/texlive/20240312_3/share/texmf-dist/tex/latex/graphics-cf
g/graphics.cfg
File: graphics.cfg 2016/06/04 v1.11 sample graphics configuration
)
Package graphics Info: Driver file: luatex.def on input line 107.
)
\Gin@req@height=\dimen156
\Gin@req@width=\dimen157
)
\AM@pagewidth=\dimen158
\AM@pageheight=\dimen159
\AM@fboxrule=\dimen160

(/opt/homebrew/Cellar/texlive/20240312_3/share/texmf-dist/tex/latex/pdfpages/pp
luatex.def
File: ppluatex.def 2024/01/21 v0.5y Pdfpages driver for LuaTeX (AM)
)
\pdfpages@includegraphics@status=\count281
\AM@pagebox=\box53
\AM@global@opts=\toks22
\AM@pagecnt=\count282
\AM@toc@title=\toks23
\AM@lof@heading=\toks24
\c@AM@survey=\count283
\AM@templatesizebox=\box54
)
(/opt/homebrew/Cellar/texlive/20240312_3/share/texmf-dist/tex/latex/base/fonten
c.sty
Package: fontenc 2021/04/29 v2.0v Standard LaTeX package
LaTeX Font Info:    Trying to load font information for T1+lmr on input line 11
2.

(/opt/homebrew/Cellar/texlive/20240312_3/share/texmf-dist/tex/latex/lm/t1lmr.fd
File: t1lmr.fd 2015/05/01 v1.6.1 Font defs for Latin Modern
))
(/opt/homebrew/Cellar/texlive/20240312_3/share/texmf-dist/tex/latex/pgfplots/pg
fplots.sty
(/opt/homebrew/Cellar/texlive/20240312_3/share/texmf-dist/tex/generic/pgfplots/
pgfplots.revision.tex)
Package: pgfplots 2021/05/15 v1.18.1 Data Visualization (1.18.1)

(/opt/homebrew/Cellar/texlive/20240312_3/share/texmf-dist/tex/latex/pgf/fronten
dlayer/tikz.sty
(/opt/homebrew/Cellar/texlive/20240312_3/share/texmf-dist/tex/latex/pgf/basicla
yer/pgf.sty
(/opt/homebrew/Cellar/texlive/20240312_3/share/texmf-dist/tex/latex/pgf/utiliti
es/pgfrcs.sty
(/opt/homebrew/Cellar/texlive/20240312_3/share/texmf-dist/tex/generic/pgf/utili
ties/pgfutil-common.tex
\pgfutil@everybye=\toks25
\pgfutil@tempdima=\dimen161
\pgfutil@tempdimb=\dimen162
)
(/opt/homebrew/Cellar/texlive/20240312_3/share/texmf-dist/tex/generic/pgf/utili
ties/pgfutil-latex.def
\pgfutil@abb=\box55
)
(/opt/homebrew/Cellar/texlive/20240312_3/share/texmf-dist/tex/generic/pgf/utili
ties/pgfrcs.code.tex
(/opt/homebrew/Cellar/texlive/20240312_3/share/texmf-dist/tex/generic/pgf/pgf.r
evision.tex)
Package: pgfrcs 2023-01-15 v3.1.10 (3.1.10)
))
Package: pgf 2023-01-15 v3.1.10 (3.1.10)

(/opt/homebrew/Cellar/texlive/20240312_3/share/texmf-dist/tex/latex/pgf/basicla
yer/pgfcore.sty
(/opt/homebrew/Cellar/texlive/20240312_3/share/texmf-dist/tex/latex/pgf/systeml
ayer/pgfsys.sty
(/opt/homebrew/Cellar/texlive/20240312_3/share/texmf-dist/tex/generic/pgf/syste
mlayer/pgfsys.code.tex
Package: pgfsys 2023-01-15 v3.1.10 (3.1.10)

(/opt/homebrew/Cellar/texlive/20240312_3/share/texmf-dist/tex/generic/pgf/utili
ties/pgfkeys.code.tex
\pgfkeys@pathtoks=\toks26
\pgfkeys@temptoks=\toks27

(/opt/homebrew/Cellar/texlive/20240312_3/share/texmf-dist/tex/generic/pgf/utili
ties/pgfkeyslibraryfiltered.code.tex
\pgfkeys@tmptoks=\toks28
))
\pgf@x=\dimen163
\pgf@y=\dimen164
\pgf@xa=\dimen165
\pgf@ya=\dimen166
\pgf@xb=\dimen167
\pgf@yb=\dimen168
\pgf@xc=\dimen169
\pgf@yc=\dimen170
\pgf@xd=\dimen171
\pgf@yd=\dimen172
\w@pgf@writea=\write3
\r@pgf@reada=\read2
\c@pgf@counta=\count284
\c@pgf@countb=\count285
\c@pgf@countc=\count286
\c@pgf@countd=\count287
\t@pgf@toka=\toks29
\t@pgf@tokb=\toks30
\t@pgf@tokc=\toks31
\pgf@sys@id@count=\count288

(/opt/homebrew/Cellar/texlive/20240312_3/share/texmf-dist/tex/generic/pgf/syste
mlayer/pgf.cfg
File: pgf.cfg 2023-01-15 v3.1.10 (3.1.10)
)
Driver file for pgf: pgfsys-luatex.def

(/opt/homebrew/Cellar/texlive/20240312_3/share/texmf-dist/tex/generic/pgf/syste
mlayer/pgfsys-luatex.def
File: pgfsys-luatex.def 2023-01-15 v3.1.10 (3.1.10)

(/opt/homebrew/Cellar/texlive/20240312_3/share/texmf-dist/tex/generic/pgf/syste
mlayer/pgfsys-common-pdf.def
File: pgfsys-common-pdf.def 2023-01-15 v3.1.10 (3.1.10)
)))
(/opt/homebrew/Cellar/texlive/20240312_3/share/texmf-dist/tex/generic/pgf/syste
mlayer/pgfsyssoftpath.code.tex
File: pgfsyssoftpath.code.tex 2023-01-15 v3.1.10 (3.1.10)
\pgfsyssoftpath@smallbuffer@items=\count289
\pgfsyssoftpath@bigbuffer@items=\count290
)
(/opt/homebrew/Cellar/texlive/20240312_3/share/texmf-dist/tex/generic/pgf/syste
mlayer/pgfsysprotocol.code.tex
File: pgfsysprotocol.code.tex 2023-01-15 v3.1.10 (3.1.10)
))
(/opt/homebrew/Cellar/texlive/20240312_3/share/texmf-dist/tex/generic/pgf/basic
layer/pgfcore.code.tex
Package: pgfcore 2023-01-15 v3.1.10 (3.1.10)

(/opt/homebrew/Cellar/texlive/20240312_3/share/texmf-dist/tex/generic/pgf/math/
pgfmath.code.tex
(/opt/homebrew/Cellar/texlive/20240312_3/share/texmf-dist/tex/generic/pgf/math/
pgfmathutil.code.tex)
(/opt/homebrew/Cellar/texlive/20240312_3/share/texmf-dist/tex/generic/pgf/math/
pgfmathparser.code.tex
\pgfmath@dimen=\dimen173
\pgfmath@count=\count291
\pgfmath@box=\box56
\pgfmath@toks=\toks32
\pgfmath@stack@operand=\toks33
\pgfmath@stack@operation=\toks34
)
(/opt/homebrew/Cellar/texlive/20240312_3/share/texmf-dist/tex/generic/pgf/math/
pgfmathfunctions.code.tex)
(/opt/homebrew/Cellar/texlive/20240312_3/share/texmf-dist/tex/generic/pgf/math/
pgfmathfunctions.basic.code.tex)
(/opt/homebrew/Cellar/texlive/20240312_3/share/texmf-dist/tex/generic/pgf/math/
pgfmathfunctions.trigonometric.code.tex)
(/opt/homebrew/Cellar/texlive/20240312_3/share/texmf-dist/tex/generic/pgf/math/
pgfmathfunctions.random.code.tex)
(/opt/homebrew/Cellar/texlive/20240312_3/share/texmf-dist/tex/generic/pgf/math/
pgfmathfunctions.comparison.code.tex)
(/opt/homebrew/Cellar/texlive/20240312_3/share/texmf-dist/tex/generic/pgf/math/
pgfmathfunctions.base.code.tex)
(/opt/homebrew/Cellar/texlive/20240312_3/share/texmf-dist/tex/generic/pgf/math/
pgfmathfunctions.round.code.tex)
(/opt/homebrew/Cellar/texlive/20240312_3/share/texmf-dist/tex/generic/pgf/math/
pgfmathfunctions.misc.code.tex)
(/opt/homebrew/Cellar/texlive/20240312_3/share/texmf-dist/tex/generic/pgf/math/
pgfmathfunctions.integerarithmetics.code.tex)
(/opt/homebrew/Cellar/texlive/20240312_3/share/texmf-dist/tex/generic/pgf/math/
pgfmathcalc.code.tex)
(/opt/homebrew/Cellar/texlive/20240312_3/share/texmf-dist/tex/generic/pgf/math/
pgfmathfloat.code.tex
\c@pgfmathroundto@lastzeros=\count292
))
(/opt/homebrew/Cellar/texlive/20240312_3/share/texmf-dist/tex/generic/pgf/math/
pgfint.code.tex)
(/opt/homebrew/Cellar/texlive/20240312_3/share/texmf-dist/tex/generic/pgf/basic
layer/pgfcorepoints.code.tex
File: pgfcorepoints.code.tex 2023-01-15 v3.1.10 (3.1.10)
\pgf@picminx=\dimen174
\pgf@picmaxx=\dimen175
\pgf@picminy=\dimen176
\pgf@picmaxy=\dimen177
\pgf@pathminx=\dimen178
\pgf@pathmaxx=\dimen179
\pgf@pathminy=\dimen180
\pgf@pathmaxy=\dimen181
\pgf@xx=\dimen182
\pgf@xy=\dimen183
\pgf@yx=\dimen184
\pgf@yy=\dimen185
\pgf@zx=\dimen186
\pgf@zy=\dimen187
)
(/opt/homebrew/Cellar/texlive/20240312_3/share/texmf-dist/tex/generic/pgf/basic
layer/pgfcorepathconstruct.code.tex
File: pgfcorepathconstruct.code.tex 2023-01-15 v3.1.10 (3.1.10)
\pgf@path@lastx=\dimen188
\pgf@path@lasty=\dimen189
)
(/opt/homebrew/Cellar/texlive/20240312_3/share/texmf-dist/tex/generic/pgf/basic
layer/pgfcorepathusage.code.tex
File: pgfcorepathusage.code.tex 2023-01-15 v3.1.10 (3.1.10)
\pgf@shorten@end@additional=\dimen190
\pgf@shorten@start@additional=\dimen191
)
(/opt/homebrew/Cellar/texlive/20240312_3/share/texmf-dist/tex/generic/pgf/basic
layer/pgfcorescopes.code.tex
File: pgfcorescopes.code.tex 2023-01-15 v3.1.10 (3.1.10)
\pgfpic=\box57
\pgf@hbox=\box58
\pgf@layerbox@main=\box59
\pgf@picture@serial@count=\count293
)
(/opt/homebrew/Cellar/texlive/20240312_3/share/texmf-dist/tex/generic/pgf/basic
layer/pgfcoregraphicstate.code.tex
File: pgfcoregraphicstate.code.tex 2023-01-15 v3.1.10 (3.1.10)
\pgflinewidth=\dimen192
)
(/opt/homebrew/Cellar/texlive/20240312_3/share/texmf-dist/tex/generic/pgf/basic
layer/pgfcoretransformations.code.tex
File: pgfcoretransformations.code.tex 2023-01-15 v3.1.10 (3.1.10)
\pgf@pt@x=\dimen193
\pgf@pt@y=\dimen194
\pgf@pt@temp=\dimen195
)
(/opt/homebrew/Cellar/texlive/20240312_3/share/texmf-dist/tex/generic/pgf/basic
layer/pgfcorequick.code.tex
File: pgfcorequick.code.tex 2023-01-15 v3.1.10 (3.1.10)
)
(/opt/homebrew/Cellar/texlive/20240312_3/share/texmf-dist/tex/generic/pgf/basic
layer/pgfcoreobjects.code.tex
File: pgfcoreobjects.code.tex 2023-01-15 v3.1.10 (3.1.10)
)
(/opt/homebrew/Cellar/texlive/20240312_3/share/texmf-dist/tex/generic/pgf/basic
layer/pgfcorepathprocessing.code.tex
File: pgfcorepathprocessing.code.tex 2023-01-15 v3.1.10 (3.1.10)
)
(/opt/homebrew/Cellar/texlive/20240312_3/share/texmf-dist/tex/generic/pgf/basic
layer/pgfcorearrows.code.tex
File: pgfcorearrows.code.tex 2023-01-15 v3.1.10 (3.1.10)
\pgfarrowsep=\dimen196
)
(/opt/homebrew/Cellar/texlive/20240312_3/share/texmf-dist/tex/generic/pgf/basic
layer/pgfcoreshade.code.tex
File: pgfcoreshade.code.tex 2023-01-15 v3.1.10 (3.1.10)
\pgf@max=\dimen197
\pgf@sys@shading@range@num=\count294
\pgf@shadingcount=\count295
)
(/opt/homebrew/Cellar/texlive/20240312_3/share/texmf-dist/tex/generic/pgf/basic
layer/pgfcoreimage.code.tex
File: pgfcoreimage.code.tex 2023-01-15 v3.1.10 (3.1.10)
)
(/opt/homebrew/Cellar/texlive/20240312_3/share/texmf-dist/tex/generic/pgf/basic
layer/pgfcoreexternal.code.tex
File: pgfcoreexternal.code.tex 2023-01-15 v3.1.10 (3.1.10)
\pgfexternal@startupbox=\box60
)
(/opt/homebrew/Cellar/texlive/20240312_3/share/texmf-dist/tex/generic/pgf/basic
layer/pgfcorelayers.code.tex
File: pgfcorelayers.code.tex 2023-01-15 v3.1.10 (3.1.10)
)
(/opt/homebrew/Cellar/texlive/20240312_3/share/texmf-dist/tex/generic/pgf/basic
layer/pgfcoretransparency.code.tex
File: pgfcoretransparency.code.tex 2023-01-15 v3.1.10 (3.1.10)
)
(/opt/homebrew/Cellar/texlive/20240312_3/share/texmf-dist/tex/generic/pgf/basic
layer/pgfcorepatterns.code.tex
File: pgfcorepatterns.code.tex 2023-01-15 v3.1.10 (3.1.10)
)
(/opt/homebrew/Cellar/texlive/20240312_3/share/texmf-dist/tex/generic/pgf/basic
layer/pgfcorerdf.code.tex
File: pgfcorerdf.code.tex 2023-01-15 v3.1.10 (3.1.10)
)))
(/opt/homebrew/Cellar/texlive/20240312_3/share/texmf-dist/tex/generic/pgf/modul
es/pgfmoduleshapes.code.tex
File: pgfmoduleshapes.code.tex 2023-01-15 v3.1.10 (3.1.10)
\pgfnodeparttextbox=\box61
)
(/opt/homebrew/Cellar/texlive/20240312_3/share/texmf-dist/tex/generic/pgf/modul
es/pgfmoduleplot.code.tex
File: pgfmoduleplot.code.tex 2023-01-15 v3.1.10 (3.1.10)
)
(/opt/homebrew/Cellar/texlive/20240312_3/share/texmf-dist/tex/latex/pgf/compati
bility/pgfcomp-version-0-65.sty
Package: pgfcomp-version-0-65 2023-01-15 v3.1.10 (3.1.10)
\pgf@nodesepstart=\dimen198
\pgf@nodesepend=\dimen199
)
(/opt/homebrew/Cellar/texlive/20240312_3/share/texmf-dist/tex/latex/pgf/compati
bility/pgfcomp-version-1-18.sty
Package: pgfcomp-version-1-18 2023-01-15 v3.1.10 (3.1.10)
))
(/opt/homebrew/Cellar/texlive/20240312_3/share/texmf-dist/tex/latex/pgf/utiliti
es/pgffor.sty
(/opt/homebrew/Cellar/texlive/20240312_3/share/texmf-dist/tex/latex/pgf/utiliti
es/pgfkeys.sty
(/opt/homebrew/Cellar/texlive/20240312_3/share/texmf-dist/tex/generic/pgf/utili
ties/pgfkeys.code.tex))
(/opt/homebrew/Cellar/texlive/20240312_3/share/texmf-dist/tex/latex/pgf/math/pg
fmath.sty
(/opt/homebrew/Cellar/texlive/20240312_3/share/texmf-dist/tex/generic/pgf/math/
pgfmath.code.tex))
(/opt/homebrew/Cellar/texlive/20240312_3/share/texmf-dist/tex/generic/pgf/utili
ties/pgffor.code.tex
Package: pgffor 2023-01-15 v3.1.10 (3.1.10)
\pgffor@iter=\dimen256
\pgffor@skip=\dimen257
\pgffor@stack=\toks35
\pgffor@toks=\toks36
))
(/opt/homebrew/Cellar/texlive/20240312_3/share/texmf-dist/tex/generic/pgf/front
endlayer/tikz/tikz.code.tex
Package: tikz 2023-01-15 v3.1.10 (3.1.10)

(/opt/homebrew/Cellar/texlive/20240312_3/share/texmf-dist/tex/generic/pgf/libra
ries/pgflibraryplothandlers.code.tex
File: pgflibraryplothandlers.code.tex 2023-01-15 v3.1.10 (3.1.10)
\pgf@plot@mark@count=\count296
\pgfplotmarksize=\dimen258
)
\tikz@lastx=\dimen259
\tikz@lasty=\dimen260
\tikz@lastxsaved=\dimen261
\tikz@lastysaved=\dimen262
\tikz@lastmovetox=\dimen263
\tikz@lastmovetoy=\dimen264
\tikzleveldistance=\dimen265
\tikzsiblingdistance=\dimen266
\tikz@figbox=\box62
\tikz@figbox@bg=\box63
\tikz@tempbox=\box64
\tikz@tempbox@bg=\box65
\tikztreelevel=\count297
\tikznumberofchildren=\count298
\tikznumberofcurrentchild=\count299
\tikz@fig@count=\count300

(/opt/homebrew/Cellar/texlive/20240312_3/share/texmf-dist/tex/generic/pgf/modul
es/pgfmodulematrix.code.tex
File: pgfmodulematrix.code.tex 2023-01-15 v3.1.10 (3.1.10)
\pgfmatrixcurrentrow=\count301
\pgfmatrixcurrentcolumn=\count302
\pgf@matrix@numberofcolumns=\count303
)
\tikz@expandcount=\count304

(/opt/homebrew/Cellar/texlive/20240312_3/share/texmf-dist/tex/generic/pgf/front
endlayer/tikz/libraries/tikzlibrarytopaths.code.tex
File: tikzlibrarytopaths.code.tex 2023-01-15 v3.1.10 (3.1.10)
)))
(/opt/homebrew/Cellar/texlive/20240312_3/share/texmf-dist/tex/generic/pgfplots/
pgfplots.code.tex
(/opt/homebrew/Cellar/texlive/20240312_3/share/texmf-dist/tex/generic/pgfplots/
pgfplotscore.code.tex
Package pgfplots info on input line 124: Initializing with LUA version Lua 5.3
\pgfplots@luabackend@table=\catcodetable14
\t@pgfplots@toka=\toks37
\t@pgfplots@tokb=\toks38
\t@pgfplots@tokc=\toks39
\pgfplots@tmpa=\dimen267
\c@pgfplots@coordindex=\count305
\c@pgfplots@scanlineindex=\count306

(/opt/homebrew/Cellar/texlive/20240312_3/share/texmf-dist/tex/generic/pgfplots/
sys/pgfplotssysgeneric.code.tex))
(/opt/homebrew/Cellar/texlive/20240312_3/share/texmf-dist/tex/generic/pgfplots/
libs/pgfplotslibrary.code.tex)
(/opt/homebrew/Cellar/texlive/20240312_3/share/texmf-dist/tex/generic/pgfplots/
oldpgfcompatib/pgfplotsoldpgfsupp_loader.code.tex
(/opt/homebrew/Cellar/texlive/20240312_3/share/texmf-dist/tex/generic/pgf/libra
ries/pgflibraryfpu.code.tex)
Package pgfplots: loading complementary utilities for your pgf version...
\t@pgf@toka=\toks40
\t@pgf@tokb=\toks41
\t@pgf@tokc=\toks42

(/opt/homebrew/Cellar/texlive/20240312_3/share/texmf-dist/tex/generic/pgfplots/
oldpgfcompatib/pgfplotsoldpgfsupp_pgfutil-common-lists.tex)
(/opt/homebrew/Cellar/texlive/20240312_3/share/texmf-dist/tex/generic/pgf/libra
ries/luamath/pgflibraryluamath.code.tex)
Package pgfplots info on input line 290: luamath library shipped with pgf 3.1.1
0 is up-to-date
)
(/opt/homebrew/Cellar/texlive/20240312_3/share/texmf-dist/tex/generic/pgfplots/
util/pgfplotsutil.code.tex
Package pgfplots info on input line 82: Found new luatex: initializing lua comm
ands instead of write18 (shell-escape)

(/opt/homebrew/Cellar/texlive/20240312_3/share/texmf-dist/tex/generic/pgfplots/
liststructure/pgfplotsliststructure.code.tex)
(/opt/homebrew/Cellar/texlive/20240312_3/share/texmf-dist/tex/generic/pgfplots/
liststructure/pgfplotsliststructureext.code.tex)
(/opt/homebrew/Cellar/texlive/20240312_3/share/texmf-dist/tex/generic/pgfplots/
liststructure/pgfplotsarray.code.tex
\c@pgfplotsarray@tmp=\count307
)
(/opt/homebrew/Cellar/texlive/20240312_3/share/texmf-dist/tex/generic/pgfplots/
liststructure/pgfplotsmatrix.code.tex)
(/opt/homebrew/Cellar/texlive/20240312_3/share/texmf-dist/tex/generic/pgfplots/
numtable/pgfplotstableshared.code.tex
\c@pgfplotstable@counta=\count308
\t@pgfplotstable@a=\toks43
)
(/opt/homebrew/Cellar/texlive/20240312_3/share/texmf-dist/tex/generic/pgfplots/
liststructure/pgfplotsdeque.code.tex)
(/opt/homebrew/Cellar/texlive/20240312_3/share/texmf-dist/tex/generic/pgfplots/
util/pgfplotsbinary.code.tex
(/opt/homebrew/Cellar/texlive/20240312_3/share/texmf-dist/tex/generic/pgfplots/
util/pgfplotsbinary.data.code.tex))
(/opt/homebrew/Cellar/texlive/20240312_3/share/texmf-dist/tex/generic/pgfplots/
util/pgfplotsutil.verb.code.tex)
(/opt/homebrew/Cellar/texlive/20240312_3/share/texmf-dist/tex/generic/pgfplots/
libs/pgflibrarypgfplots.surfshading.code.tex
\c@pgfplotslibrarysurf@no=\count309

(/opt/homebrew/Cellar/texlive/20240312_3/share/texmf-dist/tex/generic/pgfplots/
sys/pgflibrarypgfplots.surfshading.pgfsys-luatex.def)))
(/opt/homebrew/Cellar/texlive/20240312_3/share/texmf-dist/tex/generic/pgfplots/
util/pgfplotscolormap.code.tex
(/opt/homebrew/Cellar/texlive/20240312_3/share/texmf-dist/tex/generic/pgfplots/
util/pgfplotscolor.code.tex))
(/opt/homebrew/Cellar/texlive/20240312_3/share/texmf-dist/tex/generic/pgfplots/
pgfplotsstackedplots.code.tex)
(/opt/homebrew/Cellar/texlive/20240312_3/share/texmf-dist/tex/generic/pgfplots/
pgfplotsplothandlers.code.tex
(/opt/homebrew/Cellar/texlive/20240312_3/share/texmf-dist/tex/generic/pgfplots/
pgfplotsmeshplothandler.code.tex
(/opt/homebrew/Cellar/texlive/20240312_3/share/texmf-dist/tex/generic/pgfplots/
pgfplotsmeshplotimage.code.tex)))
(/opt/homebrew/Cellar/texlive/20240312_3/share/texmf-dist/tex/generic/pgfplots/
pgfplots.scaling.code.tex)
(/opt/homebrew/Cellar/texlive/20240312_3/share/texmf-dist/tex/generic/pgfplots/
pgfplotscoordprocessing.code.tex)
(/opt/homebrew/Cellar/texlive/20240312_3/share/texmf-dist/tex/generic/pgfplots/
pgfplots.errorbars.code.tex)
(/opt/homebrew/Cellar/texlive/20240312_3/share/texmf-dist/tex/generic/pgfplots/
pgfplots.markers.code.tex)
(/opt/homebrew/Cellar/texlive/20240312_3/share/texmf-dist/tex/generic/pgfplots/
pgfplotsticks.code.tex)
(/opt/homebrew/Cellar/texlive/20240312_3/share/texmf-dist/tex/generic/pgfplots/
pgfplots.paths.code.tex)
(/opt/homebrew/Cellar/texlive/20240312_3/share/texmf-dist/tex/generic/pgf/front
endlayer/tikz/libraries/tikzlibrarydecorations.code.tex
(/opt/homebrew/Cellar/texlive/20240312_3/share/texmf-dist/tex/generic/pgf/modul
es/pgfmoduledecorations.code.tex
\pgfdecoratedcompleteddistance=\dimen268
\pgfdecoratedremainingdistance=\dimen269
\pgfdecoratedinputsegmentcompleteddistance=\dimen270
\pgfdecoratedinputsegmentremainingdistance=\dimen271
\pgf@decorate@distancetomove=\dimen272
\pgf@decorate@repeatstate=\count310
\pgfdecorationsegmentamplitude=\dimen273
\pgfdecorationsegmentlength=\dimen274
)
\tikz@lib@dec@box=\box66
)
(/opt/homebrew/Cellar/texlive/20240312_3/share/texmf-dist/tex/generic/pgf/front
endlayer/tikz/libraries/tikzlibrarydecorations.pathmorphing.code.tex
(/opt/homebrew/Cellar/texlive/20240312_3/share/texmf-dist/tex/generic/pgf/libra
ries/decorations/pgflibrarydecorations.pathmorphing.code.tex))
(/opt/homebrew/Cellar/texlive/20240312_3/share/texmf-dist/tex/generic/pgf/front
endlayer/tikz/libraries/tikzlibrarydecorations.pathreplacing.code.tex
(/opt/homebrew/Cellar/texlive/20240312_3/share/texmf-dist/tex/generic/pgf/libra
ries/decorations/pgflibrarydecorations.pathreplacing.code.tex))
(/opt/homebrew/Cellar/texlive/20240312_3/share/texmf-dist/tex/generic/pgfplots/
libs/tikzlibrarypgfplots.contourlua.code.tex)
\pgfplots@numplots=\count311
\pgfplots@xmin@reg=\dimen275
\pgfplots@xmax@reg=\dimen276
\pgfplots@ymin@reg=\dimen277
\pgfplots@ymax@reg=\dimen278
\pgfplots@zmin@reg=\dimen279
\pgfplots@zmax@reg=\dimen280
)
(/opt/homebrew/Cellar/texlive/20240312_3/share/texmf-dist/tex/generic/pgf/front
endlayer/tikz/libraries/tikzlibraryplotmarks.code.tex
File: tikzlibraryplotmarks.code.tex 2023-01-15 v3.1.10 (3.1.10)

(/opt/homebrew/Cellar/texlive/20240312_3/share/texmf-dist/tex/generic/pgf/libra
ries/pgflibraryplotmarks.code.tex
File: pgflibraryplotmarks.code.tex 2023-01-15 v3.1.10 (3.1.10)
)))
(/opt/homebrew/Cellar/texlive/20240312_3/share/texmf-dist/tex/generic/ulem/ulem
.sty
\UL@box=\box67
\UL@hyphenbox=\box68
\UL@skip=\skip54
\UL@hook=\toks44
\UL@height=\dimen281
\UL@pe=\count312
\UL@pixel=\dimen282
\ULC@box=\box69
Package: ulem 2019/11/18
\ULdepth=\dimen283
)
(/opt/homebrew/Cellar/texlive/20240312_3/share/texmf-dist/tex/latex/tools/tabul
arx.sty
Package: tabularx 2023/07/08 v2.11c `tabularx' package (DPC)

(/opt/homebrew/Cellar/texlive/20240312_3/share/texmf-dist/tex/latex/tools/array
.sty
Package: array 2023/10/16 v2.5g Tabular extension package (FMi)
\col@sep=\dimen284
\ar@mcellbox=\box70
\extrarowheight=\dimen285
\NC@list=\toks45
\extratabsurround=\skip55
\backup@length=\skip56
\ar@cellbox=\box71
)
\TX@col@width=\dimen286
\TX@old@table=\dimen287
\TX@old@col=\dimen288
\TX@target=\dimen289
\TX@delta=\dimen290
\TX@cols=\count313
\TX@ftn=\toks46
)
(/opt/homebrew/Cellar/texlive/20240312_3/share/texmf-dist/tex/latex/listings/li
stings.sty
\lst@mode=\count314
\lst@gtempboxa=\box72
\lst@token=\toks47
\lst@length=\count315
\lst@currlwidth=\dimen291
\lst@column=\count316
\lst@pos=\count317
\lst@lostspace=\dimen292
\lst@width=\dimen293
\lst@newlines=\count318
\lst@lineno=\count319
\lst@maxwidth=\dimen294

(/opt/homebrew/Cellar/texlive/20240312_3/share/texmf-dist/tex/latex/listings/ls
tpatch.sty
File: lstpatch.sty 2024/02/21 1.10 (Carsten Heinz)
)
(/opt/homebrew/Cellar/texlive/20240312_3/share/texmf-dist/tex/latex/listings/ls
tmisc.sty
File: lstmisc.sty 2024/02/21 1.10 (Carsten Heinz)
\c@lstnumber=\count320
\lst@skipnumbers=\count321
\lst@framebox=\box73
)
(/opt/homebrew/Cellar/texlive/20240312_3/share/texmf-dist/tex/latex/listings/li
stings.cfg
File: listings.cfg 2024/02/21 1.10 listings configuration
))
Package: listings 2024/02/21 1.10 (Carsten Heinz)

(/opt/homebrew/Cellar/texlive/20240312_3/share/texmf-dist/tex/latex/caption/sub
caption.sty
Package: subcaption 2023/07/28 v1.6b Sub-captions (AR)

(/opt/homebrew/Cellar/texlive/20240312_3/share/texmf-dist/tex/latex/caption/cap
tion.sty
Package: caption 2023/08/05 v3.6o Customizing captions (AR)

(/opt/homebrew/Cellar/texlive/20240312_3/share/texmf-dist/tex/latex/caption/cap
tion3.sty
Package: caption3 2023/07/31 v2.4d caption3 kernel (AR)
\caption@tempdima=\dimen295
\captionmargin=\dimen296
\caption@leftmargin=\dimen297
\caption@rightmargin=\dimen298
\caption@width=\dimen299
\caption@indent=\dimen300
\caption@parindent=\dimen301
\caption@hangindent=\dimen302
Package caption Info: Standard document class detected.
)
\c@caption@flags=\count322
\c@continuedfloat=\count323
Package caption Info: listings package is loaded.
)
Package caption Info: New subtype `subfigure' on input line 238.
\c@subfigure=\count324
Package caption Info: New subtype `subtable' on input line 238.
\c@subtable=\count325
)
(/opt/homebrew/Cellar/texlive/20240312_3/share/texmf-dist/tex/latex/booktabs/bo
oktabs.sty
Package: booktabs 2020/01/12 v1.61803398 Publication quality tables
\heavyrulewidth=\dimen303
\lightrulewidth=\dimen304
\cmidrulewidth=\dimen305
\belowrulesep=\dimen306
\belowbottomsep=\dimen307
\aboverulesep=\dimen308
\abovetopsep=\dimen309
\cmidrulesep=\dimen310
\cmidrulekern=\dimen311
\defaultaddspace=\dimen312
\@cmidla=\count326
\@cmidlb=\count327
\@aboverulesep=\dimen313
\@belowrulesep=\dimen314
\@thisruleclass=\count328
\@lastruleclass=\count329
\@thisrulewidth=\dimen315
)
(/opt/homebrew/Cellar/texlive/20240312_3/share/texmf-dist/tex/latex/tools/longt
able.sty
Package: longtable 2023-11-01 v4.19 Multi-page Table package (DPC)
\LTleft=\skip57
\LTright=\skip58
\LTpre=\skip59
\LTpost=\skip60
\LTchunksize=\count330
\LTcapwidth=\dimen316
\LT@head=\box74
\LT@firsthead=\box75
\LT@foot=\box76
\LT@lastfoot=\box77
\LT@gbox=\box78
\LT@cols=\count331
\LT@rows=\count332
\c@LT@tables=\count333
\c@LT@chunks=\count334
\LT@p@ftn=\toks48
)
(/opt/homebrew/Cellar/texlive/20240312_3/share/texmf-dist/tex/latex/float/float
.sty
Package: float 2001/11/08 v1.3d Float enhancements (AL)
\c@float@type=\count335
\float@exts=\toks49
\float@box=\box79
\@float@everytoks=\toks50
\@floatcapt=\box80
)
(/opt/homebrew/Cellar/texlive/20240312_3/share/texmf-dist/tex/latex/makecell/ma
kecell.sty
Package: makecell 2009/08/03 V0.1e Managing of Tab Column Heads and Cells
\rotheadsize=\dimen317
\c@nlinenum=\count336
\TeXr@lab=\toks51
)
(/opt/homebrew/Cellar/texlive/20240312_3/share/texmf-dist/tex/latex/hyphenat/hy
phenat.sty
Package: hyphenat 2009/09/02 v2.3c hyphenation utilities


Package hyphenat Warning: *******************************
(hyphenat)                * You have used the htt option.
(hyphenat)                * You are likely to get many Font Warning messages.
(hyphenat)                * These can usually be ignored.
(hyphenat)                *******************************.

\langwohyphens=\language2
LaTeX Info: Redefining \_ on input line 43.
)
(/opt/homebrew/Cellar/texlive/20240312_3/share/texmf-dist/tex/latex/amsmath/ams
math.sty
Package: amsmath 2023/05/13 v2.17o AMS math features
\@mathmargin=\skip61

For additional information on amsmath, use the `?' option.

(/opt/homebrew/Cellar/texlive/20240312_3/share/texmf-dist/tex/latex/amsmath/ams
text.sty
Package: amstext 2021/08/26 v2.01 AMS text

(/opt/homebrew/Cellar/texlive/20240312_3/share/texmf-dist/tex/latex/amsmath/ams
gen.sty
File: amsgen.sty 1999/11/30 v2.0 generic functions
\@emptytoks=\toks52
\ex@=\dimen318
))
(/opt/homebrew/Cellar/texlive/20240312_3/share/texmf-dist/tex/latex/amsmath/ams
bsy.sty
Package: amsbsy 1999/11/29 v1.2d Bold Symbols
\pmbraise@=\dimen319
)
(/opt/homebrew/Cellar/texlive/20240312_3/share/texmf-dist/tex/latex/amsmath/ams
opn.sty
Package: amsopn 2022/04/08 v2.04 operator names
)
\inf@bad=\count337
LaTeX Info: Redefining \frac on input line 236.
\uproot@=\count338
\leftroot@=\count339
LaTeX Info: Redefining \overline on input line 399.
LaTeX Info: Redefining \colon on input line 410.
\classnum@=\count340
\DOTSCASE@=\count341
LaTeX Info: Redefining \ldots on input line 496.
LaTeX Info: Redefining \dots on input line 499.
LaTeX Info: Redefining \cdots on input line 620.
\Mathstrutbox@=\box81
\strutbox@=\box82
LaTeX Info: Redefining \big on input line 722.
LaTeX Info: Redefining \Big on input line 723.
LaTeX Info: Redefining \bigg on input line 724.
LaTeX Info: Redefining \Bigg on input line 725.
\big@size=\dimen320
LaTeX Font Info:    Redeclaring font encoding OML on input line 743.
LaTeX Font Info:    Redeclaring font encoding OMS on input line 744.
\macc@depth=\count342
LaTeX Info: Redefining \bmod on input line 905.
LaTeX Info: Redefining \pmod on input line 910.
LaTeX Info: Redefining \smash on input line 940.
LaTeX Info: Redefining \relbar on input line 970.
LaTeX Info: Redefining \Relbar on input line 971.
\c@MaxMatrixCols=\count343
\dotsspace@=\muskip16
\c@parentequation=\count344
\dspbrk@lvl=\count345
\tag@help=\toks53
\row@=\count346
\column@=\count347
\maxfields@=\count348
\andhelp@=\toks54
\eqnshift@=\dimen321
\alignsep@=\dimen322
\tagshift@=\dimen323
\tagwidth@=\dimen324
\totwidth@=\dimen325
\lineht@=\dimen326
\@envbody=\toks55
\multlinegap=\skip62
\multlinetaggap=\skip63
\mathdisplay@stack=\toks56
LaTeX Info: Redefining \[ on input line 2953.
LaTeX Info: Redefining \] on input line 2954.
)
(/opt/homebrew/Cellar/texlive/20240312_3/share/texmf-dist/tex/latex/amsfonts/am
ssymb.sty
Package: amssymb 2013/01/14 v3.01 AMS font symbols

(/opt/homebrew/Cellar/texlive/20240312_3/share/texmf-dist/tex/latex/amsfonts/am
sfonts.sty
Package: amsfonts 2013/01/14 v3.01 Basic AMSFonts support
\symAMSa=\mathgroup4
\symAMSb=\mathgroup5
LaTeX Font Info:    Redeclaring math symbol \hbar on input line 98.
LaTeX Font Info:    Overwriting math alphabet `\mathfrak' in version `bold'
(Font)                  U/euf/m/n --> U/euf/b/n on input line 106.
))
(/opt/homebrew/Cellar/texlive/20240312_3/share/texmf-dist/tex/latex/hyperref/hy
perref.sty
Package: hyperref 2024-01-20 v7.01h Hypertext links for LaTeX

(/opt/homebrew/Cellar/texlive/20240312_3/share/texmf-dist/tex/latex/kvsetkeys/k
vsetkeys.sty
Package: kvsetkeys 2022-10-05 v1.19 Key value parser (HO)
)
(/opt/homebrew/Cellar/texlive/20240312_3/share/texmf-dist/tex/generic/kvdefinek
eys/kvdefinekeys.sty
Package: kvdefinekeys 2019-12-19 v1.6 Define keys (HO)
)
(/opt/homebrew/Cellar/texlive/20240312_3/share/texmf-dist/tex/generic/pdfescape
/pdfescape.sty
Package: pdfescape 2019/12/09 v1.15 Implements pdfTeX's escape features (HO)

(/opt/homebrew/Cellar/texlive/20240312_3/share/texmf-dist/tex/generic/ltxcmds/l
txcmds.sty
Package: ltxcmds 2023-12-04 v1.26 LaTeX kernel commands for general use (HO)
)
(/opt/homebrew/Cellar/texlive/20240312_3/share/texmf-dist/tex/generic/pdftexcmd
s/pdftexcmds.sty
Package: pdftexcmds 2020-06-27 v0.33 Utility functions of pdfTeX for LuaTeX (HO
)

(/opt/homebrew/Cellar/texlive/20240312_3/share/texmf-dist/tex/generic/infwarerr
/infwarerr.sty
Package: infwarerr 2019/12/03 v1.5 Providing info/warning/error messages (HO)
)
Package pdftexcmds Info: \pdf@primitive is available.
Package pdftexcmds Info: \pdf@ifprimitive is available.
Package pdftexcmds Info: \pdfdraftmode found.
\pdftexcmds@toks=\toks57
))
(/opt/homebrew/Cellar/texlive/20240312_3/share/texmf-dist/tex/latex/hycolor/hyc
olor.sty
Package: hycolor 2020-01-27 v1.10 Color options for hyperref/bookmark (HO)
)
(/opt/homebrew/Cellar/texlive/20240312_3/share/texmf-dist/tex/latex/auxhook/aux
hook.sty
Package: auxhook 2019-12-17 v1.6 Hooks for auxiliary files (HO)
)
(/opt/homebrew/Cellar/texlive/20240312_3/share/texmf-dist/tex/latex/hyperref/na
meref.sty
Package: nameref 2023-11-26 v2.56 Cross-referencing by name of section

(/opt/homebrew/Cellar/texlive/20240312_3/share/texmf-dist/tex/latex/refcount/re
fcount.sty
Package: refcount 2019/12/15 v3.6 Data extraction from label references (HO)
)
(/opt/homebrew/Cellar/texlive/20240312_3/share/texmf-dist/tex/generic/gettitles
tring/gettitlestring.sty
Package: gettitlestring 2019/12/15 v1.6 Cleanup title references (HO)

(/opt/homebrew/Cellar/texlive/20240312_3/share/texmf-dist/tex/latex/kvoptions/k
voptions.sty
Package: kvoptions 2022-06-15 v3.15 Key value format for package options (HO)
))
\c@section@level=\count349
)
(/opt/homebrew/Cellar/texlive/20240312_3/share/texmf-dist/tex/latex/etoolbox/et
oolbox.sty
Package: etoolbox 2020/10/05 v2.5k e-TeX tools for LaTeX (JAW)
\etb@tempcnta=\count350
)
\@linkdim=\dimen327
\Hy@linkcounter=\count351
\Hy@pagecounter=\count352

(/opt/homebrew/Cellar/texlive/20240312_3/share/texmf-dist/tex/latex/hyperref/pd
1enc.def
File: pd1enc.def 2024-01-20 v7.01h Hyperref: PDFDocEncoding definition (HO)
)
(/opt/homebrew/Cellar/texlive/20240312_3/share/texmf-dist/tex/generic/intcalc/i
ntcalc.sty
Package: intcalc 2019/12/15 v1.3 Expandable calculations with integers (HO)
)
\Hy@SavedSpaceFactor=\count353

(/opt/homebrew/Cellar/texlive/20240312_3/share/texmf-dist/tex/latex/hyperref/pu
enc.def
File: puenc.def 2024-01-20 v7.01h Hyperref: PDF Unicode definition (HO)
)
Package hyperref Info: Hyper figures OFF on input line 4179.
Package hyperref Info: Link nesting OFF on input line 4184.
Package hyperref Info: Hyper index ON on input line 4187.
Package hyperref Info: Plain pages OFF on input line 4194.
Package hyperref Info: Backreferencing OFF on input line 4199.
Package hyperref Info: Implicit mode ON; LaTeX internals redefined.
Package hyperref Info: Bookmarks ON on input line 4446.
\c@Hy@tempcnt=\count354

(/opt/homebrew/Cellar/texlive/20240312_3/share/texmf-dist/tex/latex/url/url.sty
\Urlmuskip=\muskip17
Package: url 2013/09/16  ver 3.4  Verb mode for urls, etc.
)
LaTeX Info: Redefining \url on input line 4784.
\XeTeXLinkMargin=\dimen328

(/opt/homebrew/Cellar/texlive/20240312_3/share/texmf-dist/tex/generic/bitset/bi
tset.sty
Package: bitset 2019/12/09 v1.3 Handle bit-vector datatype (HO)

(/opt/homebrew/Cellar/texlive/20240312_3/share/texmf-dist/tex/generic/bigintcal
c/bigintcalc.sty
Package: bigintcalc 2019/12/15 v1.5 Expandable calculations on big integers (HO
)
))
\Fld@menulength=\count355
\Field@Width=\dimen329
\Fld@charsize=\dimen330
Package hyperref Info: Hyper figures OFF on input line 6063.
Package hyperref Info: Link nesting OFF on input line 6068.
Package hyperref Info: Hyper index ON on input line 6071.
Package hyperref Info: backreferencing OFF on input line 6078.
Package hyperref Info: Link coloring OFF on input line 6083.
Package hyperref Info: Link coloring with OCG OFF on input line 6088.
Package hyperref Info: PDF/A mode OFF on input line 6093.

(/opt/homebrew/Cellar/texlive/20240312_3/share/texmf-dist/tex/latex/base/atbegs
hi-ltx.sty
Package: atbegshi-ltx 2021/01/10 v1.0c Emulation of the original atbegshi
package with kernel methods
)
\Hy@abspage=\count356
\c@Item=\count357
\c@Hfootnote=\count358
)
Package hyperref Info: Driver (autodetected): hluatex.

(/opt/homebrew/Cellar/texlive/20240312_3/share/texmf-dist/tex/latex/hyperref/hl
uatex.def
File: hluatex.def 2024-01-20 v7.01h Hyperref driver for luaTeX

(/opt/homebrew/Cellar/texlive/20240312_3/share/texmf-dist/tex/generic/stringenc
/stringenc.sty
Package: stringenc 2019/11/29 v1.12 Convert strings between diff. encodings (HO
)
)
(/opt/homebrew/Cellar/texlive/20240312_3/share/texmf-dist/tex/latex/base/atvery
end-ltx.sty
Package: atveryend-ltx 2020/08/19 v1.0a Emulation of the original atveryend pac
kage
with kernel methods
)
\Fld@listcount=\count359
\c@bookmark@seq@number=\count360

(/opt/homebrew/Cellar/texlive/20240312_3/share/texmf-dist/tex/latex/rerunfilech
eck/rerunfilecheck.sty
Package: rerunfilecheck 2022-07-10 v1.10 Rerun checks for auxiliary files (HO)

(/opt/homebrew/Cellar/texlive/20240312_3/share/texmf-dist/tex/generic/uniquecou
nter/uniquecounter.sty
Package: uniquecounter 2019/12/15 v1.4 Provide unlimited unique counter (HO)
)
Package uniquecounter Info: New unique counter `rerunfilecheck' on input line 2
85.
)
\Hy@SectionHShift=\skip64
)
(/opt/homebrew/Cellar/texlive/20240312_3/share/texmf-dist/tex/latex/natbib/natb
ib.sty
Package: natbib 2010/09/13 8.31b (PWD, AO)
\bibhang=\skip65
\bibsep=\skip66
LaTeX Info: Redefining \cite on input line 694.
\c@NAT@ctr=\count361
)
(/opt/homebrew/Cellar/texlive/20240312_3/share/texmf-dist/tex/latex/tocloft/toc
loft.sty
Package: tocloft 2017/08/31 v2.3i parameterised ToC, etc., typesetting
Package tocloft Info: The document has chapter divisions on input line 51.
\cftparskip=\skip67
\cftbeforetoctitleskip=\skip68
\cftaftertoctitleskip=\skip69
\cftbeforepartskip=\skip70
\cftpartnumwidth=\skip71
\cftpartindent=\skip72
\cftbeforechapskip=\skip73
\cftchapindent=\skip74
\cftchapnumwidth=\skip75
\cftbeforesecskip=\skip76
\cftsecindent=\skip77
\cftsecnumwidth=\skip78
\cftbeforesubsecskip=\skip79
\cftsubsecindent=\skip80
\cftsubsecnumwidth=\skip81
\cftbeforesubsubsecskip=\skip82
\cftsubsubsecindent=\skip83
\cftsubsubsecnumwidth=\skip84
\cftbeforeparaskip=\skip85
\cftparaindent=\skip86
\cftparanumwidth=\skip87
\cftbeforesubparaskip=\skip88
\cftsubparaindent=\skip89
\cftsubparanumwidth=\skip90
\cftbeforeloftitleskip=\skip91
\cftafterloftitleskip=\skip92
\cftbeforefigskip=\skip93
\cftfigindent=\skip94
\cftfignumwidth=\skip95
\c@lofdepth=\count362
\c@lotdepth=\count363
\cftbeforelottitleskip=\skip96
\cftafterlottitleskip=\skip97
\cftbeforetabskip=\skip98
\cfttabindent=\skip99
\cfttabnumwidth=\skip100
)
(/opt/homebrew/Cellar/texlive/20240312_3/share/texmf-dist/tex/latex/fancyhdr/fa
ncyhdr.sty
Package: fancyhdr 2022/11/09 v4.1 Extensive control of page headers and footers

\f@nch@headwidth=\skip101
\f@nch@O@elh=\skip102
\f@nch@O@erh=\skip103
\f@nch@O@olh=\skip104
\f@nch@O@orh=\skip105
\f@nch@O@elf=\skip106
\f@nch@O@erf=\skip107
\f@nch@O@olf=\skip108
\f@nch@O@orf=\skip109
)
(/opt/homebrew/Cellar/texlive/20240312_3/share/texmf-dist/tex/generic/pgf/front
endlayer/tikz/libraries/tikzlibraryshapes.code.tex
File: tikzlibraryshapes.code.tex 2023-01-15 v3.1.10 (3.1.10)

(/opt/homebrew/Cellar/texlive/20240312_3/share/texmf-dist/tex/generic/pgf/front
endlayer/tikz/libraries/tikzlibraryshapes.geometric.code.tex
File: tikzlibraryshapes.geometric.code.tex 2023-01-15 v3.1.10 (3.1.10)

(/opt/homebrew/Cellar/texlive/20240312_3/share/texmf-dist/tex/generic/pgf/libra
ries/shapes/pgflibraryshapes.geometric.code.tex
File: pgflibraryshapes.geometric.code.tex 2023-01-15 v3.1.10 (3.1.10)
))
(/opt/homebrew/Cellar/texlive/20240312_3/share/texmf-dist/tex/generic/pgf/front
endlayer/tikz/libraries/tikzlibraryshapes.misc.code.tex
File: tikzlibraryshapes.misc.code.tex 2023-01-15 v3.1.10 (3.1.10)

(/opt/homebrew/Cellar/texlive/20240312_3/share/texmf-dist/tex/generic/pgf/libra
ries/shapes/pgflibraryshapes.misc.code.tex
File: pgflibraryshapes.misc.code.tex 2023-01-15 v3.1.10 (3.1.10)
))
(/opt/homebrew/Cellar/texlive/20240312_3/share/texmf-dist/tex/generic/pgf/front
endlayer/tikz/libraries/tikzlibraryshapes.symbols.code.tex
File: tikzlibraryshapes.symbols.code.tex 2023-01-15 v3.1.10 (3.1.10)

(/opt/homebrew/Cellar/texlive/20240312_3/share/texmf-dist/tex/generic/pgf/libra
ries/shapes/pgflibraryshapes.symbols.code.tex
File: pgflibraryshapes.symbols.code.tex 2023-01-15 v3.1.10 (3.1.10)
))
(/opt/homebrew/Cellar/texlive/20240312_3/share/texmf-dist/tex/generic/pgf/front
endlayer/tikz/libraries/tikzlibraryshapes.arrows.code.tex
File: tikzlibraryshapes.arrows.code.tex 2023-01-15 v3.1.10 (3.1.10)

(/opt/homebrew/Cellar/texlive/20240312_3/share/texmf-dist/tex/generic/pgf/libra
ries/shapes/pgflibraryshapes.arrows.code.tex
File: pgflibraryshapes.arrows.code.tex 2023-01-15 v3.1.10 (3.1.10)
))
(/opt/homebrew/Cellar/texlive/20240312_3/share/texmf-dist/tex/generic/pgf/front
endlayer/tikz/libraries/tikzlibraryshapes.callouts.code.tex
(/opt/homebrew/Cellar/texlive/20240312_3/share/texmf-dist/tex/generic/pgf/libra
ries/shapes/pgflibraryshapes.callouts.code.tex))
(/opt/homebrew/Cellar/texlive/20240312_3/share/texmf-dist/tex/generic/pgf/front
endlayer/tikz/libraries/tikzlibraryshapes.multipart.code.tex
File: tikzlibraryshapes.multipart.code.tex 2023-01-15 v3.1.10 (3.1.10)

(/opt/homebrew/Cellar/texlive/20240312_3/share/texmf-dist/tex/generic/pgf/libra
ries/shapes/pgflibraryshapes.multipart.code.tex
File: pgflibraryshapes.multipart.code.tex 2023-01-15 v3.1.10 (3.1.10)
\pgfnodepartlowerbox=\box83
\pgfnodeparttwobox=\box84
\pgfnodepartthreebox=\box85
\pgfnodepartfourbox=\box86
\pgfnodeparttwentybox=\box87
\pgfnodepartnineteenbox=\box88
\pgfnodeparteighteenbox=\box89
\pgfnodepartseventeenbox=\box90
\pgfnodepartsixteenbox=\box91
\pgfnodepartfifteenbox=\box92
\pgfnodepartfourteenbox=\box93
\pgfnodepartthirteenbox=\box94
\pgfnodeparttwelvebox=\box95
\pgfnodepartelevenbox=\box96
\pgfnodeparttenbox=\box97
\pgfnodepartninebox=\box98
\pgfnodeparteightbox=\box99
\pgfnodepartsevenbox=\box100
\pgfnodepartsixbox=\box101
\pgfnodepartfivebox=\box102
)))
(/opt/homebrew/Cellar/texlive/20240312_3/share/texmf-dist/tex/generic/pgf/libra
ries/pgflibraryarrows.meta.code.tex
File: pgflibraryarrows.meta.code.tex 2023-01-15 v3.1.10 (3.1.10)
\pgfarrowinset=\dimen331
\pgfarrowlength=\dimen332
\pgfarrowwidth=\dimen333
\pgfarrowlinewidth=\dimen334
)
(/opt/homebrew/Cellar/texlive/20240312_3/share/texmf-dist/tex/generic/pgf/front
endlayer/tikz/libraries/tikzlibrarypositioning.code.tex
File: tikzlibrarypositioning.code.tex 2023-01-15 v3.1.10 (3.1.10)
)
(/opt/homebrew/Cellar/texlive/20240312_3/share/texmf-dist/tex/generic/pgf/front
endlayer/tikz/libraries/tikzlibraryfit.code.tex
File: tikzlibraryfit.code.tex 2023-01-15 v3.1.10 (3.1.10)
)
(/opt/homebrew/Cellar/texlive/20240312_3/share/texmf-dist/tex/latex/cleveref/cl
everef.sty
Package: cleveref 2018/03/27 v0.21.4 Intelligent cross-referencing
Package cleveref Info: `hyperref' support loaded on input line 2370.
LaTeX Info: Redefining \cref on input line 2370.
LaTeX Info: Redefining \Cref on input line 2370.
LaTeX Info: Redefining \crefrange on input line 2370.
LaTeX Info: Redefining \Crefrange on input line 2370.
LaTeX Info: Redefining \cpageref on input line 2370.
LaTeX Info: Redefining \Cpageref on input line 2370.
LaTeX Info: Redefining \cpagerefrange on input line 2370.
LaTeX Info: Redefining \Cpagerefrange on input line 2370.
LaTeX Info: Redefining \labelcref on input line 2370.
LaTeX Info: Redefining \labelcpageref on input line 2370.
Package cleveref Info: `listings' support loaded on input line 3131.
Package cleveref Info: include cross-reference names in hyperlinks on input lin
e 7836.
Package cleveref Info: include cross-reference names in hyperlinks on input lin
e 7852.
Package cleveref Info: no abbreviation of names on input line 7852.
) (./thesis.aux)
\openout1 = thesis.aux

LaTeX Font Info:    Checking defaults for OML/cmm/m/it on input line 103.
LaTeX Font Info:    ... okay on input line 103.
LaTeX Font Info:    Checking defaults for OMS/cmsy/m/n on input line 103.
LaTeX Font Info:    ... okay on input line 103.
LaTeX Font Info:    Checking defaults for OT1/cmr/m/n on input line 103.
LaTeX Font Info:    ... okay on input line 103.
LaTeX Font Info:    Checking defaults for T1/cmr/m/n on input line 103.
LaTeX Font Info:    ... okay on input line 103.
LaTeX Font Info:    Checking defaults for TS1/cmr/m/n on input line 103.
LaTeX Font Info:    Trying to load font information for TS1+cmr on input line 1
03.

(/opt/homebrew/Cellar/texlive/20240312_3/share/texmf-dist/tex/latex/base/ts1cmr
.fd
File: ts1cmr.fd 2023/04/13 v2.5m Standard LaTeX font definitions
)
LaTeX Font Info:    ... okay on input line 103.
LaTeX Font Info:    Checking defaults for TU/lmr/m/n on input line 103.
LaTeX Font Info:    ... okay on input line 103.
LaTeX Font Info:    Checking defaults for OMX/cmex/m/n on input line 103.
LaTeX Font Info:    ... okay on input line 103.
LaTeX Font Info:    Checking defaults for U/cmr/m/n on input line 103.
LaTeX Font Info:    ... okay on input line 103.
LaTeX Font Info:    Checking defaults for PD1/pdf/m/n on input line 103.
LaTeX Font Info:    ... okay on input line 103.
LaTeX Font Info:    Checking defaults for PU/pdf/m/n on input line 103.
LaTeX Font Info:    ... okay on input line 103.

*geometry* driver: auto-detecting
*geometry* detected driver: luatex
*geometry* verbose mode - [ preamble ] result:
* driver: luatex
* paper: <default>
* layout: <same size as paper>
* layoutoffset:(h,v)=(0.0pt,0.0pt)
* modes: twoside 
* h-part:(L,W,R)=(71.13188pt, 472.03123pt, 71.13188pt)
* v-part:(T,H,B)=(71.13188pt, 652.70622pt, 71.13188pt)
* \paperwidth=614.295pt
* \paperheight=794.96999pt
* \textwidth=472.03123pt
* \textheight=652.70622pt
* \oddsidemargin=-1.1381pt
* \evensidemargin=-1.1381pt
* \topmargin=-38.1381pt
* \headheight=14.0pt
* \headsep=25.0pt
* \topskip=11.0pt
* \footskip=30.0pt
* \marginparwidth=113.0pt
* \marginparsep=10.0pt
* \columnsep=10.0pt
* \skip\footins=10.0pt plus 4.0pt minus 2.0pt
* \hoffset=0.0pt
* \voffset=0.0pt
* \mag=1000
* \@twocolumnfalse
* \@twosidetrue
* \@mparswitchtrue
* \@reversemarginfalse
* (1in=72.27pt=25.4mm, 1cm=28.453pt)


(/opt/homebrew/Cellar/texlive/20240312_3/share/texmf-dist/tex/context/base/mkii
/supp-pdf.mkii
[Loading MPS to PDF converter (version 2006.09.02).]
\scratchcounter=\count364
\scratchdimen=\dimen335
\scratchbox=\box103
\nofMPsegments=\count365
\nofMParguments=\count366
\everyMPshowfont=\toks58
\MPscratchCnt=\count367
\MPscratchDim=\dimen336
\MPnumerator=\count368
\makeMPintoPDFobject=\count369
\everyMPtoPDFconversion=\toks59
)
(/opt/homebrew/Cellar/texlive/20240312_3/share/texmf-dist/tex/latex/epstopdf-pk
g/epstopdf-base.sty
Package: epstopdf-base 2020-01-24 v2.11 Base part for package epstopdf

(/opt/homebrew/Cellar/texlive/20240312_3/share/texmf-dist/tex/latex/grfext/grfe
xt.sty
Package: grfext 2019/12/03 v1.3 Manage graphics extensions (HO)
)
Package epstopdf-base Info: Redefining graphics rule for `.eps' on input line 4
85.
Package grfext Info: Graphics extension search list:
(grfext)             [.pdf,.png,.jpg,.mps,.jpeg,.jbig2,.jb2,.PDF,.PNG,.JPG,.JPE
G,.JBIG2,.JB2,.eps]
(grfext)             \AppendGraphicsExtensions on input line 504.

(/opt/homebrew/Cellar/texlive/20240312_3/share/texmf-dist/tex/latex/latexconfig
/epstopdf-sys.cfg
File: epstopdf-sys.cfg 2010/07/13 v1.3 Configuration of (r)epstopdf for TeX Liv
e
))
(/opt/homebrew/Cellar/texlive/20240312_3/share/texmf-dist/tex/latex/pdflscape/p
dflscape.sty
Package: pdflscape 2022-10-27 v0.13 Display of landscape pages in PDF

(/opt/homebrew/Cellar/texlive/20240312_3/share/texmf-dist/tex/latex/pdflscape/p
dflscape-nometadata.sty
Package: pdflscape-nometadata 2022-10-28 v0.13 Display of landscape pages in PD
F (HO)

(/opt/homebrew/Cellar/texlive/20240312_3/share/texmf-dist/tex/latex/graphics/ls
cape.sty
Package: lscape 2020/05/28 v3.02 Landscape Pages (DPC)
)
Package pdflscape Info: Auto-detected driver: pdftex on input line 81.
))
Package pgfplots notification 'compat/show suggested version=true': document ha
s been generated with the most recent feature set (\pgfplotsset{compat=1.18}).

\c@lstlisting=\count370
Package caption Info: Begin \AtBeginDocument code.
Package caption Info: float package is loaded.
Package caption Info: hyperref package is loaded.
Package caption Info: longtable package is loaded.

(/opt/homebrew/Cellar/texlive/20240312_3/share/texmf-dist/tex/latex/caption/ltc
aption.sty
Package: ltcaption 2021/01/08 v1.4c longtable captions (AR)
)
Package caption Info: End \AtBeginDocument code.
LaTeX Font Info:    Trying to load font information for T1+lmtt on input line 1
03.

(/opt/homebrew/Cellar/texlive/20240312_3/share/texmf-dist/tex/latex/lm/t1lmtt.f
d
File: t1lmtt.fd 2015/05/01 v1.6.1 Font defs for Latin Modern
)

LaTeX Font Warning: Font shape `T1/lmtt/b/it' in size <10.95> not available
(Font)              Font shape `T1/lmtt/b/sl' tried instead on input line 103.


LaTeX Font Warning: Font shape `T1/lmtt/b/scsl' undefined
(Font)              using `T1/lmtt/b/sc' instead on input line 103.


LaTeX Font Warning: Font shape `T1/lmtt/b/sc' undefined
(Font)              using `T1/lmtt/b/n' instead on input line 103.

LaTeX Font Info:    Font shape `T1/lmtt/bx/n' in size <10.95> not available
(Font)              Font shape `T1/lmtt/b/n' tried instead on input line 103.

LaTeX Font Warning: Font shape `T1/lmtt/bx/it' in size <10.95> not available
(Font)              Font shape `T1/lmtt/b/sl' tried instead on input line 103.

LaTeX Font Info:    Font shape `T1/lmtt/bx/sl' in size <10.95> not available
(Font)              Font shape `T1/lmtt/b/sl' tried instead on input line 103.

LaTeX Font Warning: Font shape `T1/lmtt/bx/scsl' undefined
(Font)              using `T1/lmtt/bx/sc' instead on input line 103.


LaTeX Font Warning: Font shape `T1/lmtt/bx/sc' undefined
(Font)              using `T1/lmtt/bx/n' instead on input line 103.


LaTeX Font Warning: Font shape `T1/lmtt/sbx/sc' undefined
(Font)              using `T1/lmtt/sb/sc' instead on input line 103.


LaTeX Font Warning: Font shape `T1/lmtt/sb/n' undefined
(Font)              using `T1/lmtt/m/n' instead on input line 103.


LaTeX Font Warning: Font shape `T1/lmtt/sb/it' undefined
(Font)              using `T1/lmtt/sb/n' instead on input line 103.


LaTeX Font Warning: Font shape `T1/lmtt/sb/sl' undefined
(Font)              using `T1/lmtt/sb/it' instead on input line 103.


LaTeX Font Warning: Font shape `T1/lmtt/sb/scit' undefined
(Font)              using `T1/lmtt/sb/sc' instead on input line 103.


LaTeX Font Warning: Font shape `T1/lmtt/sb/sc' undefined
(Font)              using `T1/lmtt/sb/n' instead on input line 103.


LaTeX Font Warning: Font shape `T1/lmtt/sbc/sc' undefined
(Font)              using `T1/lmtt/c/sc' instead on input line 103.


LaTeX Font Warning: Font shape `T1/lmtt/c/n' undefined
(Font)              using `T1/lmtt/m/n' instead on input line 103.


LaTeX Font Warning: Font shape `T1/lmtt/c/it' undefined
(Font)              using `T1/lmtt/c/n' instead on input line 103.


LaTeX Font Warning: Font shape `T1/lmtt/c/sl' undefined
(Font)              using `T1/lmtt/c/it' instead on input line 103.


LaTeX Font Warning: Font shape `T1/lmtt/c/scit' undefined
(Font)              using `T1/lmtt/c/sc' instead on input line 103.


LaTeX Font Warning: Font shape `T1/lmtt/c/sc' undefined
(Font)              using `T1/lmtt/c/n' instead on input line 103.


LaTeX Font Warning: Font shape `T1/lmtt/lc/it' in size <10.95> not available
(Font)              Font shape `T1/lmtt/lc/sl' tried instead on input line 103.



LaTeX Font Warning: Font shape `T1/lmtt/lc/scsl' undefined
(Font)              using `T1/lmtt/lc/sc' instead on input line 103.


LaTeX Font Warning: Font shape `T1/lmtt/lc/sc' undefined
(Font)              using `T1/lmtt/lc/n' instead on input line 103.


LaTeX Font Warning: Font shape `T1/lmtt/m/ui' undefined
(Font)              using `T1/lmtt/m/n' instead on input line 103.


LaTeX Font Warning: Font shape `T1/lmtt/bx/ui' undefined
(Font)              using `T1/lmtt/bx/n' instead on input line 103.


LaTeX Font Warning: Font shape `T1/lmtt/m/In' undefined
(Font)              using `T1/lmtt/m/n' instead on input line 103.

Package hyperref Info: Link coloring OFF on input line 103.
(./thesis.out) (./thesis.out)
\@outlinefile=\write4

\openout4 = thesis.out
 [1

{/opt/homebrew/Cellar/texlive/20240312_3/share/texmf-dist/fonts/map/pdftex/updma
p/pdftex.map}]
warning  (pdf backend): ignoring duplicate destination with the name 'page.1'
[1]
Package hyperref Info: Option `pageanchor' set `false' on input line 132.
 (./thesis.toc
LaTeX Font Info:    Trying to load font information for OT1+lmr on input line 1
.

(/opt/homebrew/Cellar/texlive/20240312_3/share/texmf-dist/tex/latex/lm/ot1lmr.f
d
File: ot1lmr.fd 2015/05/01 v1.6.1 Font defs for Latin Modern
)
LaTeX Font Info:    Trying to load font information for OML+lmm on input line 1
.

(/opt/homebrew/Cellar/texlive/20240312_3/share/texmf-dist/tex/latex/lm/omllmm.f
d
File: omllmm.fd 2015/05/01 v1.6.1 Font defs for Latin Modern
)
LaTeX Font Info:    Trying to load font information for OMS+lmsy on input line 
1.

(/opt/homebrew/Cellar/texlive/20240312_3/share/texmf-dist/tex/latex/lm/omslmsy.
fd
File: omslmsy.fd 2015/05/01 v1.6.1 Font defs for Latin Modern
)
LaTeX Font Info:    Trying to load font information for OMX+lmex on input line 
1.

(/opt/homebrew/Cellar/texlive/20240312_3/share/texmf-dist/tex/latex/lm/omxlmex.
fd
File: omxlmex.fd 2015/05/01 v1.6.1 Font defs for Latin Modern
)
LaTeX Font Info:    External font `lmex10' loaded for size
(Font)              <10.95> on input line 1.
LaTeX Font Info:    External font `lmex10' loaded for size
(Font)              <8> on input line 1.
LaTeX Font Info:    External font `lmex10' loaded for size
(Font)              <6> on input line 1.
LaTeX Font Info:    Trying to load font information for U+msa on input line 1.

(/opt/homebrew/Cellar/texlive/20240312_3/share/texmf-dist/tex/latex/amsfonts/um
sa.fd
File: umsa.fd 2013/01/14 v3.01 AMS symbols A
)
LaTeX Font Info:    Trying to load font information for U+msb on input line 1.

(/opt/homebrew/Cellar/texlive/20240312_3/share/texmf-dist/tex/latex/amsfonts/um
sb.fd
File: umsb.fd 2013/01/14 v3.01 AMS symbols B
) [1])
\tf@toc=\write5

\openout5 = thesis.toc
 [2] (./thesis.lof)
\tf@lof=\write6

\openout6 = thesis.lof
 [3] (./thesis.lot)
\tf@lot=\write7

\openout7 = thesis.lot
 [4]
Package hyperref Info: Option `pageanchor' set `true' on input line 142.

Chapter 1.

warning  (pdf backend): ignoring duplicate destination with the name 'page.1'
[1


] [2] [3]
Chapter 2.
LaTeX Font Info:    External font `lmex10' loaded for size
(Font)              <9> on input line 215.
LaTeX Font Info:    External font `lmex10' loaded for size
(Font)              <5> on input line 215.
[4

] [5]
<assets/hmm_transition.png, id=458, 386.44376pt x 226.8475pt>
File: assets/hmm_transition.png Graphic file (type png)
<use assets/hmm_transition.png>
Package luatex.def Info: assets/hmm_transition.png  used on input line 276.
(luatex.def)             Requested size: 212.41261pt x 124.69035pt.
 [6<./assets/hmm_transition.png>] [7] [8]
<assets/zones.png, id=513, 301.125pt x 228.855pt>
File: assets/zones.png Graphic file (type png)
<use assets/zones.png>
Package luatex.def Info: assets/zones.png  used on input line 386.
(luatex.def)             Requested size: 283.22162pt x 215.26689pt.
 [9] [10<./assets/zones.png>]
<assets/jibb_powercurve.png, id=536, 1012.78375pt x 443.6575pt>
File: assets/jibb_powercurve.png Graphic file (type png)
<use assets/jibb_powercurve.png>
Package luatex.def Info: assets/jibb_powercurve.png  used on input line 436.
(luatex.def)             Requested size: 377.62642pt x 165.41663pt.

[11<./assets/jibb_powercurve.png>] [12] [13] [14]
Underfull \hbox (badness 1668) in paragraph at lines 571--572
\T1/lmr/m/n/10.95 in long straight-aways,
 []


Underfull \hbox (badness 10000) in paragraph at lines 572--573
[]|\T1/lmr/m/n/10.95 Good at pre-serv-ing
 []


Underfull \hbox (badness 10000) in paragraph at lines 572--573
\T1/lmr/m/n/10.95 topol-ogy but over-
 []


Underfull \hbox (badness 10000) in paragraph at lines 573--574
[]|\T1/lmr/m/n/10.95 Bal-ances length and
 []


Underfull \hbox (badness 10000) in paragraph at lines 573--574
\T1/lmr/m/n/10.95 num-ber with some
 []


Underfull \hbox (badness 1237) in paragraph at lines 573--574
\T1/lmr/m/n/10.95 late splits on grad-ual
 []


Overfull \hbox (89.8164pt too wide) in paragraph at lines 567--576
 [][] 
 []

[15]
Overfull \hbox (4.39989pt too wide) in paragraph at lines 586--587
[]\T1/lmr/m/n/10.95 For-mu-late seg-men-ta-tion as an in-te-ger pro-gram-ming pr
ob-
 []

[16]
Chapter 3.
[17

] [18]
Underfull \hbox (badness 1043) in paragraph at lines 742--742
[]|\T1/lmr/m/n/9 De-fault pri-vacy pro-tec-tion
 []


Underfull \hbox (badness 10000) in paragraph at lines 742--742
[]|\T1/lmr/m/n/9 Unit test on im-port;
 []


Underfull \hbox (badness 10000) in paragraph at lines 742--742
[]|\T1/lmr/m/n/9 De-fines sup-ported in-put
 []


Underfull \hbox (badness 1215) in paragraph at lines 742--742
\T1/lmr/m/n/9 for-mat; re-jec-t/flag un-sup-
 []


Underfull \hbox (badness 10000) in paragraph at lines 742--742
[]|\T1/lmr/m/n/9 CI builds and runs
 []


Underfull \hbox (badness 6842) in paragraph at lines 742--742
\T1/lmr/m/n/9 docker-compose; health
 []


Underfull \hbox (badness 10000) in paragraph at lines 742--742
[]|\T1/lmr/m/n/9 Legal/reg-u-la-tory re-quire-
 []


Underfull \hbox (badness 4647) in paragraph at lines 742--742
[]|\T1/lmr/m/n/9 Se-cu-rity re-view; doc-u-
 []

[19]
Underfull \hbox (badness 8132) in paragraph at lines 772--772
[]|\T1/lmr/m/n/9 Fa-cil-i-tates fu-ture fea-ture
 []


Underfull \hbox (badness 5696) in paragraph at lines 772--772
[]|\T1/lmr/m/n/9 Im-proves user ex-pe-ri-ence
 []


Underfull \hbox (badness 1715) in paragraph at lines 783--784
[]|\T1/lmr/m/n/10.95 En-sures each seg-ment
 []


Underfull \hbox (badness 10000) in paragraph at lines 784--785
[]|\T1/lmr/m/n/10.95 En-ables per-for-mance
 []


Overfull \hbox (60.51466pt too wide) in paragraph at lines 779--787
 [][] 
 []


LaTeX Warning: `!h' float specifier changed to `!ht'.

[20] [21] [22]
Chapter 4.
[23

]
Chapter 5.
<assets/archdiagram.png, id=690, 994.71625pt x 479.7925pt>
File: assets/archdiagram.png Graphic file (type png)
<use assets/archdiagram.png>
Package luatex.def Info: assets/archdiagram.png  used on input line 866.
(luatex.def)             Requested size: 424.82523pt x 204.91574pt.
[24

] [25<./assets/archdiagram.png>] [26]
<assets/usecase.png, id=710, 1419.3025pt x 204.765pt>
File: assets/usecase.png Graphic file (type png)
<use assets/usecase.png>
Package luatex.def Info: assets/usecase.png  used on input line 944.
(luatex.def)             Requested size: 424.82523pt x 61.28937pt.
<assets/sequence.png, id=711, 750.805pt x 437.635pt>
File: assets/sequence.png Graphic file (type png)
<use assets/sequence.png>
Package luatex.def Info: assets/sequence.png  used on input line 950.
(luatex.def)             Requested size: 472.03123pt x 275.14389pt.
 [27<./assets/usecase.png><./assets/sequence.png>]
LaTeX Font Info:    Trying to load font information for T1+lmss on input line 9
85.

(/opt/homebrew/Cellar/texlive/20240312_3/share/texmf-dist/tex/latex/lm/t1lmss.f
d
File: t1lmss.fd 2015/05/01 v1.6.1 Font defs for Latin Modern
)
Underfull \vbox (badness 10000) has occurred while \output is active []

 [28]
Underfull \hbox (badness 7777) in paragraph at lines 1016--1016
[]|\T1/lmr/m/n/10.95 matched ge-om-e-
 []


Underfull \hbox (badness 7777) in paragraph at lines 1017--1017
[]|\T1/lmr/m/n/10.95 matched ge-om-e-
 []


Underfull \hbox (badness 10000) in paragraph at lines 1017--1017
[]|\T1/lmr/m/n/10.95 en-riched Geo-J-
 []


Underfull \hbox (badness 10000) in paragraph at lines 1017--1018
[]|\T1/lmr/m/n/10.95 Aug-ments ge-om-e-try with
 []


Underfull \hbox (badness 1917) in paragraph at lines 1017--1018
\T1/lmr/m/n/10.95 OSM meta-data and sen-sor
 []


Underfull \hbox (badness 10000) in paragraph at lines 1018--1018
[]|\T1/lmr/m/n/10.95 en-riched Geo-J-
 []


Underfull \hbox (badness 2626) in paragraph at lines 1018--1019
[]|\T1/lmr/m/n/10.95 De-tects ho-mo-ge-neous route
 []


Underfull \hbox (badness 10000) in paragraph at lines 1020--1020
[]|\T1/lmr/m/n/10.95 per-sis-tence
 []


Underfull \hbox (badness 2293) in paragraph at lines 1020--1021
[]|\T1/lmr/m/n/10.95 Per-sists seg-ment def-i-ni-tions
 []

[29]
Overfull \hbox (19.21284pt too wide) in alignment at lines 1082--1097
 [][][] 
 []

[30]
Underfull \hbox (badness 1515) in paragraph at lines 1106--1106
[]|\T1/lmr/m/n/10.95 en-coded poly-
 []


Underfull \hbox (badness 7451) in paragraph at lines 1106--1107
[]|\T1/lmr/m/n/10.95 Com-pressed seg-ment ge-om-e-try us-ing
 []


Underfull \hbox (badness 1831) in paragraph at lines 1107--1108
[]|\T1/lmr/m/n/10.95 Open-StreetMap way iden-ti-fier form-ing
 []

[31]
Chapter 6.
[32

]

LaTeX Warning: Reference `sec:wayindex' on page 33 undefined on input line 1172
.

[33]

LaTeX Warning: Reference `sec:wayindex' on page 34 undefined on input line 1210
.


Underfull \hbox (badness 10000) in paragraph at lines 1232--1232
[]|\T1/lmr/m/n/10.95 (101, {'high-way': 'res-i-den-tial',
 []

[34]
Overfull \hbox (14.33739pt too wide) in paragraph at lines 1263--1264
[]\T1/lmr/bx/n/10.95 What didn't: \T1/lmr/m/n/10.95 I ini-tially passed Docker 
flags with bad spac-ing and got \TU/lmtt/m/n/10.95 invalid containerPort:
 []

[35] [36] [37] [38]
Overfull \hbox (6.78374pt too wide) in paragraph at lines 1368--1369
[]\T1/lmr/bx/n/10.95 Changes made: \T1/lmr/m/n/10.95 nor-malised the schema with
 \TU/lmtt/m/n/10.95 segment_-defs\T1/lmr/m/n/10.95 , \TU/lmtt/m/n/10.95 route_-s
egments\T1/lmr/m/n/10.95 , and \TU/lmtt/m/n/10.95 segment_-
 []

[39]
Chapter 7.

Underfull \vbox (badness 10000) has occurred while \output is active []

 [40

]

Package caption Warning: \label without proper reference on input line 1457.
See the caption package documentation for explanation.


LaTeX Warning: Reference `fig:compare' on page 41 undefined on input line 1449.


<assets/graph_compare.png, id=850, 859.65166pt x 498.663pt>
File: assets/graph_compare.png Graphic file (type png)
<use assets/graph_compare.png>
Package luatex.def Info: assets/graph_compare.png  used on input line 1452.
(luatex.def)             Requested size: 283.22162pt x 164.29298pt.

Underfull \vbox (badness 10000) has occurred while \output is active []

 [41
Missing character: There is no ’ (U+2019) in font ec-lmr10!
] [42<./assets/graph_compare.png>]
Chapter 8.

Underfull \vbox (badness 1960) has occurred while \output is active []

 [43


Missing character: There is no — (U+2014) in font ec-lmr10!
Missing character: There is no — (U+2014) in font ec-lmr10!
] [44] (./thesis.bbl
Underfull \hbox (badness 10000) in paragraph at lines 18--21
[]\T1/lmr/m/n/10.95 Franco, A. (2012), `Cur-va-ture and twisti-ness of roads', 
[]$\TU/lmtt/m/n/10.95 https://adamfranco.com/
 []


Underfull \hbox (badness 10000) in paragraph at lines 28--33
[]\T1/lmr/m/n/10.95 Hur-ley, S. (2020), `Nor-mal-ized power$[][]$: What it is an
d how to use it',
 []


Underfull \hbox (badness 10000) in paragraph at lines 28--33
\T1/lmr/m/n/10.95 Train-erRoad Blog [On-line]. Avail-able: []$\TU/lmtt/m/n/10.9
5 https://www.trainerroad.com/blog/
 []

[45


Missing character: There is no — (U+2014) in font ec-lmri10!
Missing character: There is no — (U+2014) in font ec-lmri10!
Missing character: There is no — (U+2014) in font ec-lmri10!
]
Underfull \hbox (badness 1259) in paragraph at lines 104--109
\TU/lmtt/m/n/10.95 ask-[]the-[]expert-[]how-[]much-[]time-[]should-[]you-[]spend
-[]in-[]the-[]red-[]zone/$[] \T1/lmr/m/n/10.95 [Ac-cessed 11-Aug-
 []


Underfull \hbox (badness 3068) in paragraph at lines 128--131
[]\T1/lmr/m/n/10.95 Story, R. and con-trib-u-tors (2023), `Folium: Python data. Leaflet.js maps', []$\TU/lmtt/m/n/10.95 https://
 []


Underfull \hbox (badness 1043) in paragraph at lines 140--144
\TU/lmtt/m/n/10.95 master/osrm/doc/osrm_mapmatching.md$[]\T1/lmr/m/n/10.95 .  Ov
erview of OSRM map match-ing with HM-
 []

[46]) [47
Missing character: There is no — (U+2014) in font ec-lmri10!
]
Appendix A.
(./appendix_extracted_listings.tex [48

]
Appendix B.

(/opt/homebrew/Cellar/texlive/20240312_3/share/texmf-dist/tex/latex/listings/ls
tlang1.sty
File: lstlang1.sty 2024/02/21 1.10 listings language file
)
(/opt/homebrew/Cellar/texlive/20240312_3/share/texmf-dist/tex/latex/listings/ls
tlang1.sty
File: lstlang1.sty 2024/02/21 1.10 listings language file
)
Package hyperref Info: bookmark level for unknown lstlisting defaults to 0 on i
nput line 7.

(/opt/homebrew/Cellar/texlive/20240312_3/share/texmf-dist/tex/latex/listings/ls
tlang1.sty
File: lstlang1.sty 2024/02/21 1.10 listings language file
)
(/opt/homebrew/Cellar/texlive/20240312_3/share/texmf-dist/tex/latex/listings/ls
tlang2.sty
File: lstlang2.sty 2024/02/21 1.10 listings language file
)
(/opt/homebrew/Cellar/texlive/20240312_3/share/texmf-dist/tex/latex/listings/ls
tlang1.sty
File: lstlang1.sty 2024/02/21 1.10 listings language file
)
(/opt/homebrew/Cellar/texlive/20240312_3/share/texmf-dist/tex/latex/listings/ls
tlang2.sty
File: lstlang2.sty 2024/02/21 1.10 listings language file
)
(/opt/homebrew/Cellar/texlive/20240312_3/share/texmf-dist/tex/latex/listings/ls
tlang1.sty
File: lstlang1.sty 2024/02/21 1.10 listings language file
)
(/opt/homebrew/Cellar/texlive/20240312_3/share/texmf-dist/tex/latex/listings/ls
tlang2.sty
File: lstlang2.sty 2024/02/21 1.10 listings language file
) [49



Missing character: There is no ├ (U+251C) in font [lmmono9-regular]:!
Missing character: There is no ─ (U+2500) in font [lmmono9-regular]:!
Missing character: There is no ├ (U+251C) in font [lmmono9-regular]:!
Missing character: There is no ─ (U+2500) in font [lmmono9-regular]:!
Missing character: There is no ├ (U+251C) in font [lmmono9-regular]:!
Missing character: There is no ─ (U+2500) in font [lmmono9-regular]:!
Missing character: There is no ├ (U+251C) in font [lmmono9-regular]:!
Missing character: There is no ─ (U+2500) in font [lmmono9-regular]:!
Missing character: There is no ├ (U+251C) in font [lmmono9-regular]:!
Missing character: There is no ─ (U+2500) in font [lmmono9-regular]:!
Missing character: There is no ├ (U+251C) in font [lmmono9-regular]:!
Missing character: There is no ─ (U+2500) in font [lmmono9-regular]:!
Missing character: There is no └ (U+2514) in font [lmmono9-regular]:!
Missing character: There is no ─ (U+2500) in font [lmmono9-regular]:!
]
(/opt/homebrew/Cellar/texlive/20240312_3/share/texmf-dist/tex/latex/listings/ls
tlang1.sty
File: lstlang1.sty 2024/02/21 1.10 listings language file
)
(/opt/homebrew/Cellar/texlive/20240312_3/share/texmf-dist/tex/latex/listings/ls
tlang1.sty
File: lstlang1.sty 2024/02/21 1.10 listings language file
)
(/opt/homebrew/Cellar/texlive/20240312_3/share/texmf-dist/tex/latex/listings/ls
tlang1.sty
File: lstlang1.sty 2024/02/21 1.10 listings language file
)
(/opt/homebrew/Cellar/texlive/20240312_3/share/texmf-dist/tex/latex/listings/ls
tmisc.sty
File: lstmisc.sty 2024/02/21 1.10 (Carsten Heinz)
) [50] [51] [52] [53]
(/opt/homebrew/Cellar/texlive/20240312_3/share/texmf-dist/tex/latex/listings/ls
tlang1.sty
File: lstlang1.sty 2024/02/21 1.10 listings language file
)
(/opt/homebrew/Cellar/texlive/20240312_3/share/texmf-dist/tex/latex/listings/ls
tmisc.sty
File: lstmisc.sty 2024/02/21 1.10 (Carsten Heinz)
) [54] [55]
Underfull \vbox (badness 10000) has occurred while \output is active []

 [56])
[57]
Appendix C.
<../code/pipeline/docs/docs.pdf, id=1284, 597.50829pt x 845.04709pt>
File: ../code/pipeline/docs/docs.pdf Graphic file (type pdf)
<use ../code/pipeline/docs/docs.pdf>
Package luatex.def Info: ../code/pipeline/docs/docs.pdf  used on input line 151
6.
(luatex.def)             Requested size: 597.50682pt x 845.04503pt.
File: ../code/pipeline/docs/docs.pdf Graphic file (type pdf)
<use ../code/pipeline/docs/docs.pdf>
Package luatex.def Info: ../code/pipeline/docs/docs.pdf  used on input line 151
6.
(luatex.def)             Requested size: 597.50682pt x 845.04503pt.
<../code/pipeline/docs/docs.pdf, id=1287, page=1, 597.50829pt x 845.04709pt>
File: ../code/pipeline/docs/docs.pdf Graphic file (type pdf)
<use ../code/pipeline/docs/docs.pdf, page 1>
Package luatex.def Info: ../code/pipeline/docs/docs.pdf , page1 used on input l
ine 1516.
(luatex.def)             Requested size: 597.50682pt x 845.04503pt.
File: ../code/pipeline/docs/docs.pdf Graphic file (type pdf)
<use ../code/pipeline/docs/docs.pdf, page 1>
Package luatex.def Info: ../code/pipeline/docs/docs.pdf , page1 used on input l
ine 1516.
(luatex.def)             Requested size: 562.12285pt x 795.002pt.
[58

]
File: ../code/pipeline/docs/docs.pdf Graphic file (type pdf)
<use ../code/pipeline/docs/docs.pdf, page 1>
Package luatex.def Info: ../code/pipeline/docs/docs.pdf , page1 used on input l
ine 1516.
(luatex.def)             Requested size: 562.12285pt x 795.002pt.
File: ../code/pipeline/docs/docs.pdf Graphic file (type pdf)
<use ../code/pipeline/docs/docs.pdf, page 1>
Package luatex.def Info: ../code/pipeline/docs/docs.pdf , page1 used on input l
ine 1516.
(luatex.def)             Requested size: 562.12285pt x 795.002pt.
File: ../code/pipeline/docs/docs.pdf Graphic file (type pdf)
<use ../code/pipeline/docs/docs.pdf, page 1>
Package luatex.def Info: ../code/pipeline/docs/docs.pdf , page1 used on input l
ine 1516.
(luatex.def)             Requested size: 562.12285pt x 795.002pt.
 [59

<../code/pipeline/docs/docs.pdf>]
<../code/pipeline/docs/docs.pdf, id=1372, page=2, 597.50829pt x 845.04709pt>
File: ../code/pipeline/docs/docs.pdf Graphic file (type pdf)
<use ../code/pipeline/docs/docs.pdf, page 2>
Package luatex.def Info: ../code/pipeline/docs/docs.pdf , page2 used on input l
ine 1516.
(luatex.def)             Requested size: 562.12285pt x 795.002pt.
File: ../code/pipeline/docs/docs.pdf Graphic file (type pdf)
<use ../code/pipeline/docs/docs.pdf, page 2>
Package luatex.def Info: ../code/pipeline/docs/docs.pdf , page2 used on input l
ine 1516.
(luatex.def)             Requested size: 562.12285pt x 795.002pt.
File: ../code/pipeline/docs/docs.pdf Graphic file (type pdf)
<use ../code/pipeline/docs/docs.pdf, page 2>
Package luatex.def Info: ../code/pipeline/docs/docs.pdf , page2 used on input l
ine 1516.
(luatex.def)             Requested size: 562.12285pt x 795.002pt.
 [60

<../code/pipeline/docs/docs.pdf>]
<../code/pipeline/docs/docs.pdf, id=1394, page=3, 597.50829pt x 845.04709pt>
File: ../code/pipeline/docs/docs.pdf Graphic file (type pdf)
<use ../code/pipeline/docs/docs.pdf, page 3>
Package luatex.def Info: ../code/pipeline/docs/docs.pdf , page3 used on input l
ine 1516.
(luatex.def)             Requested size: 562.12285pt x 795.002pt.
File: ../code/pipeline/docs/docs.pdf Graphic file (type pdf)
<use ../code/pipeline/docs/docs.pdf, page 3>
Package luatex.def Info: ../code/pipeline/docs/docs.pdf , page3 used on input l
ine 1516.
(luatex.def)             Requested size: 562.12285pt x 795.002pt.
File: ../code/pipeline/docs/docs.pdf Graphic file (type pdf)
<use ../code/pipeline/docs/docs.pdf, page 3>
Package luatex.def Info: ../code/pipeline/docs/docs.pdf , page3 used on input l
ine 1516.
(luatex.def)             Requested size: 562.12285pt x 795.002pt.

[61

<../code/pipeline/docs/docs.pdf>]
<../code/pipeline/docs/docs.pdf, id=1401, page=4, 597.50829pt x 845.04709pt>
File: ../code/pipeline/docs/docs.pdf Graphic file (type pdf)
<use ../code/pipeline/docs/docs.pdf, page 4>
Package luatex.def Info: ../code/pipeline/docs/docs.pdf , page4 used on input l
ine 1516.
(luatex.def)             Requested size: 562.12285pt x 795.002pt.
File: ../code/pipeline/docs/docs.pdf Graphic file (type pdf)
<use ../code/pipeline/docs/docs.pdf, page 4>
Package luatex.def Info: ../code/pipeline/docs/docs.pdf , page4 used on input l
ine 1516.
(luatex.def)             Requested size: 562.12285pt x 795.002pt.
File: ../code/pipeline/docs/docs.pdf Graphic file (type pdf)
<use ../code/pipeline/docs/docs.pdf, page 4>
Package luatex.def Info: ../code/pipeline/docs/docs.pdf , page4 used on input l
ine 1516.
(luatex.def)             Requested size: 562.12285pt x 795.002pt.
 [62

<../code/pipeline/docs/docs.pdf>]
<../code/pipeline/docs/docs.pdf, id=1415, page=5, 597.50829pt x 845.04709pt>
File: ../code/pipeline/docs/docs.pdf Graphic file (type pdf)
<use ../code/pipeline/docs/docs.pdf, page 5>
Package luatex.def Info: ../code/pipeline/docs/docs.pdf , page5 used on input l
ine 1516.
(luatex.def)             Requested size: 562.12285pt x 795.002pt.
File: ../code/pipeline/docs/docs.pdf Graphic file (type pdf)
<use ../code/pipeline/docs/docs.pdf, page 5>
Package luatex.def Info: ../code/pipeline/docs/docs.pdf , page5 used on input l
ine 1516.
(luatex.def)             Requested size: 562.12285pt x 795.002pt.
File: ../code/pipeline/docs/docs.pdf Graphic file (type pdf)
<use ../code/pipeline/docs/docs.pdf, page 5>
Package luatex.def Info: ../code/pipeline/docs/docs.pdf , page5 used on input l
ine 1516.
(luatex.def)             Requested size: 562.12285pt x 795.002pt.

[63

<../code/pipeline/docs/docs.pdf>]
<../code/pipeline/docs/docs.pdf, id=1438, page=6, 597.50829pt x 845.04709pt>
File: ../code/pipeline/docs/docs.pdf Graphic file (type pdf)
<use ../code/pipeline/docs/docs.pdf, page 6>
Package luatex.def Info: ../code/pipeline/docs/docs.pdf , page6 used on input l
ine 1516.
(luatex.def)             Requested size: 562.12285pt x 795.002pt.
File: ../code/pipeline/docs/docs.pdf Graphic file (type pdf)
<use ../code/pipeline/docs/docs.pdf, page 6>
Package luatex.def Info: ../code/pipeline/docs/docs.pdf , page6 used on input l
ine 1516.
(luatex.def)             Requested size: 562.12285pt x 795.002pt.
File: ../code/pipeline/docs/docs.pdf Graphic file (type pdf)
<use ../code/pipeline/docs/docs.pdf, page 6>
Package luatex.def Info: ../code/pipeline/docs/docs.pdf , page6 used on input l
ine 1516.
(luatex.def)             Requested size: 562.12285pt x 795.002pt.
 [64

<../code/pipeline/docs/docs.pdf>]
<../code/pipeline/docs/docs.pdf, id=1445, page=7, 597.50829pt x 845.04709pt>
File: ../code/pipeline/docs/docs.pdf Graphic file (type pdf)
<use ../code/pipeline/docs/docs.pdf, page 7>
Package luatex.def Info: ../code/pipeline/docs/docs.pdf , page7 used on input l
ine 1516.
(luatex.def)             Requested size: 562.12285pt x 795.002pt.
File: ../code/pipeline/docs/docs.pdf Graphic file (type pdf)
<use ../code/pipeline/docs/docs.pdf, page 7>
Package luatex.def Info: ../code/pipeline/docs/docs.pdf , page7 used on input l
ine 1516.
(luatex.def)             Requested size: 562.12285pt x 795.002pt.
File: ../code/pipeline/docs/docs.pdf Graphic file (type pdf)
<use ../code/pipeline/docs/docs.pdf, page 7>
Package luatex.def Info: ../code/pipeline/docs/docs.pdf , page7 used on input l
ine 1516.
(luatex.def)             Requested size: 562.12285pt x 795.002pt.

[65

<../code/pipeline/docs/docs.pdf>]
<../code/pipeline/docs/docs.pdf, id=1453, page=8, 597.50829pt x 845.04709pt>
File: ../code/pipeline/docs/docs.pdf Graphic file (type pdf)
<use ../code/pipeline/docs/docs.pdf, page 8>
Package luatex.def Info: ../code/pipeline/docs/docs.pdf , page8 used on input l
ine 1516.
(luatex.def)             Requested size: 562.12285pt x 795.002pt.
File: ../code/pipeline/docs/docs.pdf Graphic file (type pdf)
<use ../code/pipeline/docs/docs.pdf, page 8>
Package luatex.def Info: ../code/pipeline/docs/docs.pdf , page8 used on input l
ine 1516.
(luatex.def)             Requested size: 562.12285pt x 795.002pt.
File: ../code/pipeline/docs/docs.pdf Graphic file (type pdf)
<use ../code/pipeline/docs/docs.pdf, page 8>
Package luatex.def Info: ../code/pipeline/docs/docs.pdf , page8 used on input l
ine 1516.
(luatex.def)             Requested size: 562.12285pt x 795.002pt.
 [66

<../code/pipeline/docs/docs.pdf>]
<../code/pipeline/docs/docs.pdf, id=1461, page=9, 597.50829pt x 845.04709pt>
File: ../code/pipeline/docs/docs.pdf Graphic file (type pdf)
<use ../code/pipeline/docs/docs.pdf, page 9>
Package luatex.def Info: ../code/pipeline/docs/docs.pdf , page9 used on input l
ine 1516.
(luatex.def)             Requested size: 562.12285pt x 795.002pt.
File: ../code/pipeline/docs/docs.pdf Graphic file (type pdf)
<use ../code/pipeline/docs/docs.pdf, page 9>
Package luatex.def Info: ../code/pipeline/docs/docs.pdf , page9 used on input l
ine 1516.
(luatex.def)             Requested size: 562.12285pt x 795.002pt.
File: ../code/pipeline/docs/docs.pdf Graphic file (type pdf)
<use ../code/pipeline/docs/docs.pdf, page 9>
Package luatex.def Info: ../code/pipeline/docs/docs.pdf , page9 used on input l
ine 1516.
(luatex.def)             Requested size: 562.12285pt x 795.002pt.

[67

<../code/pipeline/docs/docs.pdf>]
<../code/pipeline/docs/docs.pdf, id=1470, page=10, 597.50829pt x 845.04709pt>
File: ../code/pipeline/docs/docs.pdf Graphic file (type pdf)
<use ../code/pipeline/docs/docs.pdf, page 10>
Package luatex.def Info: ../code/pipeline/docs/docs.pdf , page10 used on input 
line 1516.
(luatex.def)             Requested size: 562.12285pt x 795.002pt.
File: ../code/pipeline/docs/docs.pdf Graphic file (type pdf)
<use ../code/pipeline/docs/docs.pdf, page 10>
Package luatex.def Info: ../code/pipeline/docs/docs.pdf , page10 used on input 
line 1516.
(luatex.def)             Requested size: 562.12285pt x 795.002pt.
File: ../code/pipeline/docs/docs.pdf Graphic file (type pdf)
<use ../code/pipeline/docs/docs.pdf, page 10>
Package luatex.def Info: ../code/pipeline/docs/docs.pdf , page10 used on input 
line 1516.
(luatex.def)             Requested size: 562.12285pt x 795.002pt.
 [68

<../code/pipeline/docs/docs.pdf>]
<../code/pipeline/docs/docs.pdf, id=1477, page=11, 597.50829pt x 845.04709pt>
File: ../code/pipeline/docs/docs.pdf Graphic file (type pdf)
<use ../code/pipeline/docs/docs.pdf, page 11>
Package luatex.def Info: ../code/pipeline/docs/docs.pdf , page11 used on input 
line 1516.
(luatex.def)             Requested size: 562.12285pt x 795.002pt.
File: ../code/pipeline/docs/docs.pdf Graphic file (type pdf)
<use ../code/pipeline/docs/docs.pdf, page 11>
Package luatex.def Info: ../code/pipeline/docs/docs.pdf , page11 used on input 
line 1516.
(luatex.def)             Requested size: 562.12285pt x 795.002pt.
File: ../code/pipeline/docs/docs.pdf Graphic file (type pdf)
<use ../code/pipeline/docs/docs.pdf, page 11>
Package luatex.def Info: ../code/pipeline/docs/docs.pdf , page11 used on input 
line 1516.
(luatex.def)             Requested size: 562.12285pt x 795.002pt.

[69

<../code/pipeline/docs/docs.pdf>]
<../code/segmentation/engine/docs/README.pdf, id=1484, 614.295pt x 794.97pt>
File: ../code/segmentation/engine/docs/README.pdf Graphic file (type pdf)
<use ../code/segmentation/engine/docs/README.pdf>
Package luatex.def Info: ../code/segmentation/engine/docs/README.pdf  used on i
nput line 1521.
(luatex.def)             Requested size: 614.29349pt x 794.96806pt.
File: ../code/segmentation/engine/docs/README.pdf Graphic file (type pdf)
<use ../code/segmentation/engine/docs/README.pdf>
Package luatex.def Info: ../code/segmentation/engine/docs/README.pdf  used on i
nput line 1521.
(luatex.def)             Requested size: 614.29349pt x 794.96806pt.
<../code/segmentation/engine/docs/README.pdf, id=1487, page=1, 614.295pt x 794.
97pt>
File: ../code/segmentation/engine/docs/README.pdf Graphic file (type pdf)
<use ../code/segmentation/engine/docs/README.pdf, page 1>
Package luatex.def Info: ../code/segmentation/engine/docs/README.pdf , page1 us
ed on input line 1521.
(luatex.def)             Requested size: 614.29349pt x 794.96806pt.
File: ../code/segmentation/engine/docs/README.pdf Graphic file (type pdf)
<use ../code/segmentation/engine/docs/README.pdf, page 1>
Package luatex.def Info: ../code/segmentation/engine/docs/README.pdf , page1 us
ed on input line 1521.
(luatex.def)             Requested size: 614.58406pt x 795.3441pt.
File: ../code/segmentation/engine/docs/README.pdf Graphic file (type pdf)
<use ../code/segmentation/engine/docs/README.pdf, page 1>
Package luatex.def Info: ../code/segmentation/engine/docs/README.pdf , page1 us
ed on input line 1521.
(luatex.def)             Requested size: 614.58406pt x 795.3441pt.
File: ../code/segmentation/engine/docs/README.pdf Graphic file (type pdf)
<use ../code/segmentation/engine/docs/README.pdf, page 1>
Package luatex.def Info: ../code/segmentation/engine/docs/README.pdf , page1 us
ed on input line 1521.
(luatex.def)             Requested size: 614.58406pt x 795.3441pt.
File: ../code/segmentation/engine/docs/README.pdf Graphic file (type pdf)
<use ../code/segmentation/engine/docs/README.pdf, page 1>
Package luatex.def Info: ../code/segmentation/engine/docs/README.pdf , page1 us
ed on input line 1521.
(luatex.def)             Requested size: 614.58406pt x 795.3441pt.
 [70

<../code/segmentation/engine/docs/README.pdf>]
<../code/segmentation/engine/docs/README.pdf, id=1536, page=2, 614.295pt x 794.
97pt>
File: ../code/segmentation/engine/docs/README.pdf Graphic file (type pdf)
<use ../code/segmentation/engine/docs/README.pdf, page 2>
Package luatex.def Info: ../code/segmentation/engine/docs/README.pdf , page2 us
ed on input line 1521.
(luatex.def)             Requested size: 614.58406pt x 795.3441pt.
File: ../code/segmentation/engine/docs/README.pdf Graphic file (type pdf)
<use ../code/segmentation/engine/docs/README.pdf, page 2>
Package luatex.def Info: ../code/segmentation/engine/docs/README.pdf , page2 us
ed on input line 1521.
(luatex.def)             Requested size: 614.58406pt x 795.3441pt.
File: ../code/segmentation/engine/docs/README.pdf Graphic file (type pdf)
<use ../code/segmentation/engine/docs/README.pdf, page 2>
Package luatex.def Info: ../code/segmentation/engine/docs/README.pdf , page2 us
ed on input line 1521.
(luatex.def)             Requested size: 614.58406pt x 795.3441pt.
 [71

<../code/segmentation/engine/docs/README.pdf>]
<../code/segmentation/engine/docs/README.pdf, id=1543, page=3, 614.295pt x 794.
97pt>
File: ../code/segmentation/engine/docs/README.pdf Graphic file (type pdf)
<use ../code/segmentation/engine/docs/README.pdf, page 3>
Package luatex.def Info: ../code/segmentation/engine/docs/README.pdf , page3 us
ed on input line 1521.
(luatex.def)             Requested size: 614.58406pt x 795.3441pt.
File: ../code/segmentation/engine/docs/README.pdf Graphic file (type pdf)
<use ../code/segmentation/engine/docs/README.pdf, page 3>
Package luatex.def Info: ../code/segmentation/engine/docs/README.pdf , page3 us
ed on input line 1521.
(luatex.def)             Requested size: 614.58406pt x 795.3441pt.
File: ../code/segmentation/engine/docs/README.pdf Graphic file (type pdf)
<use ../code/segmentation/engine/docs/README.pdf, page 3>
Package luatex.def Info: ../code/segmentation/engine/docs/README.pdf , page3 us
ed on input line 1521.
(luatex.def)             Requested size: 614.58406pt x 795.3441pt.
 [72

<../code/segmentation/engine/docs/README.pdf>]
<../code/segmentation/engine/docs/README.pdf, id=1557, page=4, 614.295pt x 794.
97pt>
File: ../code/segmentation/engine/docs/README.pdf Graphic file (type pdf)
<use ../code/segmentation/engine/docs/README.pdf, page 4>
Package luatex.def Info: ../code/segmentation/engine/docs/README.pdf , page4 us
ed on input line 1521.
(luatex.def)             Requested size: 614.58406pt x 795.3441pt.
File: ../code/segmentation/engine/docs/README.pdf Graphic file (type pdf)
<use ../code/segmentation/engine/docs/README.pdf, page 4>
Package luatex.def Info: ../code/segmentation/engine/docs/README.pdf , page4 us
ed on input line 1521.
(luatex.def)             Requested size: 614.58406pt x 795.3441pt.
File: ../code/segmentation/engine/docs/README.pdf Graphic file (type pdf)
<use ../code/segmentation/engine/docs/README.pdf, page 4>
Package luatex.def Info: ../code/segmentation/engine/docs/README.pdf , page4 us
ed on input line 1521.
(luatex.def)             Requested size: 614.58406pt x 795.3441pt.
 [73

<../code/segmentation/engine/docs/README.pdf>]
<../code/segmentation/engine/docs/README.pdf, id=1581, page=5, 614.295pt x 794.
97pt>
File: ../code/segmentation/engine/docs/README.pdf Graphic file (type pdf)
<use ../code/segmentation/engine/docs/README.pdf, page 5>
Package luatex.def Info: ../code/segmentation/engine/docs/README.pdf , page5 us
ed on input line 1521.
(luatex.def)             Requested size: 614.58406pt x 795.3441pt.
File: ../code/segmentation/engine/docs/README.pdf Graphic file (type pdf)
<use ../code/segmentation/engine/docs/README.pdf, page 5>
Package luatex.def Info: ../code/segmentation/engine/docs/README.pdf , page5 us
ed on input line 1521.
(luatex.def)             Requested size: 614.58406pt x 795.3441pt.
File: ../code/segmentation/engine/docs/README.pdf Graphic file (type pdf)
<use ../code/segmentation/engine/docs/README.pdf, page 5>
Package luatex.def Info: ../code/segmentation/engine/docs/README.pdf , page5 us
ed on input line 1521.
(luatex.def)             Requested size: 614.58406pt x 795.3441pt.

[74

<../code/segmentation/engine/docs/README.pdf>]
Appendix D.
[75

] (./thesis.aux)
 ***********
LaTeX2e <2023-11-01> patch level 1
L3 programming layer <2024-02-20>
 ***********


LaTeX Font Warning: Some font shapes were not available, defaults substituted.


LaTeX Warning: There were undefined references.


LaTeX Warning: Label(s) may have changed. Rerun to get cross-references right.


Package rerunfilecheck Warning: File `thesis.out' has changed.
(rerunfilecheck)                Rerun to get outlines right
(rerunfilecheck)                or use package `bookmark'.

Package rerunfilecheck Info: Checksums for `thesis.out':
(rerunfilecheck)             Before: 819FC81663DEF02DE586D9F48F93F1C6;11016
(rerunfilecheck)             After:  C00B86ED9666D7E22C56426452A4F019;11230.
)

Here is how much of LuaTeX's memory you used:
 46603 strings out of 476447
 381650,1977958 words of node,token memory allocated
 950 words of node memory still in use:
   6 hlist, 2 vlist, 2 rule, 12 glue, 4 kern, 1 glyph, 32 attribute, 99 glue_spe
c, 32 attribute_list, 2 write, 9 pdf_action nodes
   avail lists: 1:1,2:5685,3:4276,4:1168,5:10713,6:129,7:10818,8:105,9:19983,10:
29,11:775
 66654 multiletter control sequences out of 65536+600000
 94 fonts using 21766071 bytes
 99i,17n,120p,823b,2153s stack positions out of 10000i,1000n,20000p,200000b,200000s

warning  (pdf backend): unreferenced destination with name 'subsection.6.4.2'

warning  (pdf backend): unreferenced destination with name 'subsection.6.4.1'

warning  (pdf backend): unreferenced destination with name 'section.6.4'

warning  (pdf backend): unreferenced destination with name 'section.6.3'
</opt/homebrew/Cellar/texlive/20240312_3/share/texmf-dist/fonts/opentype/public/
lm/lmmono9-regular.otf></opt/homebrew/Cellar/texlive/20240312_3/share/texmf-dist
/fonts/opentype/public/lm/lmmono10-italic.otf>{/opt/homebrew/Cellar/texlive/2024
0312_3/share/texmf-dist/fonts/enc/dvips/lm/lm-ts1.enc}{/opt/homebrew/Cellar/texl
ive/20240312_3/share/texmf-dist/fonts/enc/dvips/lm/lm-ec.enc}{/opt/homebrew/Cell
ar/texlive/20240312_3/share/texmf-dist/fonts/enc/dvips/lm/lm-mathit.enc}{/opt/ho
mebrew/Cellar/texlive/20240312_3/share/texmf-dist/fonts/enc/dvips/lm/lm-mathex.e
nc}{/opt/homebrew/Cellar/texlive/20240312_3/share/texmf-dist/fonts/enc/dvips/lm/
lm-mathsy.enc}{/opt/homebrew/Cellar/texlive/20240312_3/share/texmf-dist/fonts/en
c/dvips/lm/lm-rm.enc}</opt/homebrew/Cellar/texlive/20240312_3/share/texmf-dist/f
onts/opentype/public/lm/lmmono10-regular.otf></opt/homebrew/Cellar/texlive/20240
312_3/share/texmf-dist/fonts/type1/public/lm/lmbx10.pfb></opt/homebrew/Cellar/te
xlive/20240312_3/share/texmf-dist/fonts/type1/public/lm/lmbx12.pfb></opt/homebre
w/Cellar/texlive/20240312_3/share/texmf-dist/fonts/type1/public/lm/lmbx9.pfb></o
pt/homebrew/Cellar/texlive/20240312_3/share/texmf-dist/fonts/type1/public/lm/lme
x10.pfb></opt/homebrew/Cellar/texlive/20240312_3/share/texmf-dist/fonts/type1/pu
blic/lm/lmmi10.pfb></opt/homebrew/Cellar/texlive/20240312_3/share/texmf-dist/fon
ts/type1/public/lm/lmmi8.pfb></opt/homebrew/Cellar/texlive/20240312_3/share/texm
f-dist/fonts/type1/public/lm/lmr10.pfb></opt/homebrew/Cellar/texlive/20240312_3/
share/texmf-dist/fonts/type1/public/lm/lmr12.pfb></opt/homebrew/Cellar/texlive/2
0240312_3/share/texmf-dist/fonts/type1/public/lm/lmr6.pfb></opt/homebrew/Cellar/
texlive/20240312_3/share/texmf-dist/fonts/type1/public/lm/lmr8.pfb></opt/homebre
w/Cellar/texlive/20240312_3/share/texmf-dist/fonts/type1/public/lm/lmr9.pfb></op
t/homebrew/Cellar/texlive/20240312_3/share/texmf-dist/fonts/type1/public/lm/lmri
10.pfb></opt/homebrew/Cellar/texlive/20240312_3/share/texmf-dist/fonts/type1/pub
lic/lm/lmss10.pfb></opt/homebrew/Cellar/texlive/20240312_3/share/texmf-dist/font
s/type1/public/lm/lmsy10.pfb></opt/homebrew/Cellar/texlive/20240312_3/share/texm
f-dist/fonts/type1/public/lm/lmsy9.pfb>
Output written on thesis.pdf (81 pages, 16402908 bytes).

PDF statistics: 1717 PDF objects out of 1728 (max. 8388607)
 1460 compressed objects within 15 object streams
 649 named destinations out of 1000 (max. 131072)
 512 words of extra memory for PDF output out of 10000 (max. 100000000)

